Date,Close/Last,Volume,Open,High,Low
04/13/2026,$28.05,20312910,$27.95,$28.19,$27.585
04/10/2026,$27.93,18153940,$28.42,$28.47,$27.825
04/09/2026,$28.31,24209090,$27.82,$28.32,$27.63
04/08/2026,$27.96,23123140,$27.79,$28.085,$27.66
04/07/2026,$27.79,37148460,$27.73,$27.925,$27.48
04/06/2026,$27.66,19631440,$27.99,$28.17,$27.63
04/02/2026,$27.93,25105400,$28.04,$28.1576,$27.575
04/01/2026,$28.05,27163520,$28.23,$28.39,$27.75
03/31/2026,$28.71,28734150,$29.28,$29.29,$28.365
03/30/2026,$28.90,32458450,$28.61,$29.23,$28.38
03/27/2026,$28.33,19776200,$28.70,$28.815,$28.26
03/26/2026,$28.72,28571180,$28.73,$29.15,$28.61
03/25/2026,$28.73,22266830,$29.16,$29.42,$28.61
03/24/2026,$29.22,21804240,$29.04,$29.705,$28.93
03/23/2026,$29.01,31505510,$29.125,$29.385,$28.83
03/20/2026,$29.02,246107100,$28.925,$29.515,$28.84
03/19/2026,$28.98,36163230,$28.785,$29.34,$28.71
03/18/2026,$28.57,36334080,$29.94,$30.11,$28.53
03/17/2026,$30.08,24221970,$30.595,$30.785,$30.045
03/16/2026,$30.34,19653230,$30.16,$30.559,$30.06
03/13/2026,$30.16,20252810,$30.33,$30.55,$30.105
03/12/2026,$30.16,23947580,$30.33,$30.565,$30.00
03/11/2026,$30.57,23702940,$31.06,$31.33,$30.26
03/10/2026,$31.07,21238690,$30.94,$31.175,$30.55
03/09/2026,$31.04,45897400,$31.64,$31.76,$30.47
03/06/2026,$31.91,23119080,$31.39,$31.97,$30.99
03/05/2026,$31.60,24204230,$31.935,$32.40,$31.47
03/04/2026,$32.09,28509100,$30.85,$32.14,$30.63
03/03/2026,$31.01,27217370,$30.68,$31.36,$30.27
03/02/2026,$30.82,22490290,$30.74,$31.06,$30.525
02/27/2026,$30.96,34865660,$30.71,$31.175,$30.385
02/26/2026,$30.85,25477970,$30.86,$31.215,$30.805
02/25/2026,$30.79,32273600,$31.595,$31.77,$30.69
02/24/2026,$31.61,20735370,$31.48,$31.85,$31.36
02/23/2026,$31.63,19564620,$31.365,$31.82,$31.26
02/20/2026,$31.34,25242160,$31.29,$31.445,$30.79
02/19/2026,$31.38,25767770,$31.57,$31.755,$31.205
02/18/2026,$31.60,20768590,$31.615,$31.82,$31.335
02/17/2026,$31.55,28089710,$31.665,$31.945,$31.4601
02/13/2026,$31.57,28487890,$31.70,$31.88,$31.12
02/12/2026,$31.82,34309390,$32.70,$32.855,$31.81
02/11/2026,$32.48,27355270,$32.29,$32.835,$32.275
02/10/2026,$32.31,32111380,$31.585,$32.385,$31.525
02/09/2026,$31.61,24316870,$31.10,$31.675,$30.76
02/06/2026,$31.37,30791610,$30.81,$31.43,$30.77
02/05/2026,$30.85,30243790,$30.53,$30.94,$30.35
02/04/2026,$30.50,41031050,$30.01,$31.13,$29.92
02/03/2026,$29.76,37200840,$29.64,$30.275,$29.53
02/02/2026,$29.59,31343420,$29.62,$29.93,$29.40
01/30/2026,$29.75,51300240,$29.64,$29.85,$28.895
01/29/2026,$29.24,65923410,$27.625,$30.11,$27.58
01/28/2026,$28.41,46428770,$28.83,$29.095,$28.235
01/27/2026,$28.70,40826450,$29.335,$29.42,$28.63
01/26/2026,$29.43,43266690,$29.29,$29.50,$29.155
01/23/2026,$29.30,29380160,$28.982,$29.33,$28.755
01/22/2026,$29.23,35617740,$28.88,$29.44,$28.865
01/21/2026,$28.89,44865450,$28.085,$29.01,$28.085
01/20/2026,$28.16,50568320,$27.825,$28.575,$27.685
01/16/2026,$27.82,38596940,$28.25,$28.38,$27.555
01/15/2026,$28.35,31081580,$28.405,$28.55,$28.19
01/14/2026,$28.42,27336250,$28.052,$28.535,$28.03
01/13/2026,$28.48,35155020,$28.90,$29.25,$28.395
01/12/2026,$29.06,40310240,$28.74,$29.32,$28.485
01/09/2026,$28.37,22315320,$28.13,$28.55,$27.78
01/08/2026,$28.21,30813260,$27.66,$28.50,$27.50
01/07/2026,$27.90,36361740,$27.45,$27.91,$27.3446
01/06/2026,$27.42,34552550,$27.84,$27.94,$27.10
01/05/2026,$28.13,47571580,$27.73,$28.93,$27.705
01/02/2026,$27.73,24284190,$28.0539,$28.1149,$27.5751
12/31/2025,$28.0586,17234230,$28.0398,$28.2452,$27.9177
12/30/2025,$28.1337,23008030,$27.9741,$28.2557,$27.9459
12/29/2025,$28.0398,24025830,$27.8426,$28.0679,$27.7146
12/26/2025,$27.8426,12421280,$27.9177,$28.0257,$27.7018
12/24/2025,$27.9553,10352880,$27.5798,$28.0304,$27.5704
12/23/2025,$27.5798,21049280,$27.4859,$27.6033,$27.2231
12/22/2025,$27.4672,30726540,$27.6737,$27.9741,$27.4014
12/19/2025,$27.7582,91475050,$28.2885,$28.5091,$27.669
12/18/2025,$28.4153,46352130,$28.0867,$28.5654,$27.9177
12/17/2025,$28.4622,71664900,$27.7488,$28.7157,$27.6267
12/16/2025,$27.9084,91875460,$26.4815,$28.0163,$26.1717
12/15/2025,$26.4815,40010590,$25.8619,$26.566,$25.7868
12/12/2025,$25.5615,28912080,$25.8619,$26.1435,$25.5146
12/11/2025,$25.9089,46100550,$25.9511,$26.0309,$25.4771
12/10/2025,$25.8901,36933500,$25.233,$26.0027,$25.1297
12/09/2025,$25.1485,27468860,$25.0171,$25.2799,$24.8293
12/08/2025,$25.0171,40134210,$25.6554,$25.6648,$24.9514
12/05/2025,$25.6366,47686260,$25.5615,$26.3595,$25.5428
12/04/2025,$25.5334,40806230,$25.7962,$25.838,$25.3785
12/03/2025,$25.7493,27648740,$25.3081,$25.8197,$25.2001
12/02/2025,$25.3644,45781410,$25.0828,$25.5944,$24.7824
12/01/2025,$24.9514,28314780,$24.8763,$25.1954,$24.8293
11/28/2025,$25.0546,13633960,$24.8575,$25.233,$24.8293
11/26/2025,$24.942,24225470,$25.1297,$25.154,$24.88
11/25/2025,$25.0452,30445620,$24.9232,$25.4272,$24.895
11/24/2025,$24.8387,51662470,$25.6272,$25.6648,$24.8059
11/21/2025,$25.6742,31572770,$24.9561,$25.7399,$24.9561
11/20/2025,$24.9983,24690790,$25.3222,$25.477,$24.9232
11/19/2025,$25.2236,27469300,$25.6179,$25.693,$25.1298
11/18/2025,$25.6836,29241590,$25.6836,$25.8619,$25.4113
11/17/2025,$25.5522,26584770,$25.8197,$25.9276,$25.4864
11/14/2025,$25.8244,37839470,$26.3031,$26.5003,$25.5803
11/13/2025,$26.2562,31960610,$26.0591,$26.5472,$26.0591
11/12/2025,$26.1811,30938850,$25.7587,$26.2421,$25.7399
11/11/2025,$25.7681,53416960,$25.6883,$25.9558,$25.3926
11/10/2025,$25.4583,55469880,$25.5803,$25.7962,$25.1063
11/07/2025,$25.6742,36519350,$25.876,$26.0731,$25.355
11/06/2025,$25.6366,32823380,$26.2186,$26.3406,$25.6085
11/05/2025,$26.228,40249210,$25.7634,$26.2703,$25.7023
11/04/2025,$25.7587,45561730,$25.3738,$25.8525,$25.2424
11/03/2025,$25.3269,39650730,$25.9464,$26.0591,$25.064
10/31/2025,$26.1295,49107310,$25.0875,$26.228,$24.7308
10/30/2025,$25.646,64038140,$24.4914,$26.3782,$24.1722
10/29/2025,$26.7819,42857670,$27.3639,$27.4672,$26.7162
10/28/2025,$27.4859,27062810,$27.5141,$27.6174,$27.3404
10/27/2025,$27.6174,24107410,$27.6033,$27.8944,$27.4994
10/24/2025,$27.4859,18001540,$27.6596,$27.8051,$27.4578
10/23/2025,$27.5047,21198150,$27.8004,$27.8333,$27.4578
10/22/2025,$27.5986,22015760,$28.1055,$28.1618,$27.5798
10/21/2025,$28.1337,30082960,$27.8333,$28.1524,$27.6831
10/20/2025,$27.7582,16881390,$27.7394,$27.8145,$27.5188
10/17/2025,$27.73,20680910,$27.5047,$27.8239,$27.3733
10/16/2025,$27.4672,20378550,$27.8426,$28.0022,$27.3639
10/15/2025,$27.899,20536650,$28.0961,$28.2698,$27.6455
10/14/2025,$28.1524,23398670,$27.6455,$28.2651,$27.608
10/13/2025,$27.608,16844070,$27.7206,$27.9459,$27.5892
10/10/2025,$27.6549,22896840,$28.3402,$28.5185,$27.622
10/09/2025,$28.2369,22555010,$28.9691,$29.0724,$28.2181
10/08/2025,$28.8846,23765200,$28.7344,$29.0912,$28.5889
10/07/2025,$28.725,30175840,$29.185,$29.2226,$28.4434
10/06/2025,$29.185,27868010,$28.9128,$29.2038,$28.5561
10/03/2025,$29.0067,32639880,$28.5655,$29.2836,$28.5467
10/02/2025,$28.5373,25014590,$28.8377,$28.9128,$28.5185
10/01/2025,$29.0442,30248180,$29.1381,$29.4479,$29.0067
09/30/2025,$29.4948,37758230,$29.523,$29.8609,$29.3118
09/29/2025,$29.5605,22268020,$29.8797,$29.9172,$29.4854
09/26/2025,$29.7764,15565450,$29.7295,$29.936,$29.6215
09/25/2025,$29.6826,19402740,$29.767,$29.9548,$29.5887
09/24/2025,$29.6732,22928260,$29.8421,$29.8421,$29.5324
09/23/2025,$29.6826,26288460,$29.6544,$30.2082,$29.6544
09/22/2025,$29.5605,36356090,$29.4103,$29.6403,$29.3822
09/19/2025,$29.6544,53789570,$29.7013,$29.9266,$29.476
09/18/2025,$29.7013,39019860,$30.349,$30.4335,$29.4103
09/17/2025,$30.4429,16186100,$30.3584,$30.7902,$30.227
09/16/2025,$30.3115,21622120,$30.6213,$30.7527,$30.0205
09/15/2025,$30.6213,21389890,$31.0062,$31.1188,$30.5227
09/12/2025,$31.0343,23874770,$31.2315,$31.3347,$30.4617
09/11/2025,$31.3535,21780620,$31.4051,$31.5037,$31.147
09/10/2025,$31.4286,17681560,$31.4755,$31.668,$30.8841
09/09/2025,$31.6069,17141490,$31.9073,$31.9543,$31.6069
09/08/2025,$31.9167,27803090,$30.5743,$32.02,$30.5274
09/05/2025,$31.8322,21116870,$31.9965,$32.2734,$31.5318
09/04/2025,$31.8698,27937830,$31.9496,$32.3391,$31.6539
09/03/2025,$31.8135,17908750,$32.0575,$32.0857,$31.4286
09/02/2025,$32.0388,20302090,$31.6351,$32.0669,$31.5884
08/29/2025,$31.8886,16729960,$31.5037,$31.9073,$31.4098
08/28/2025,$31.5131,21385540,$31.7759,$31.8135,$31.2221
08/27/2025,$31.7384,17520700,$31.5318,$31.7759,$31.4004
08/26/2025,$31.6163,22273820,$31.8933,$31.8979,$31.4614
08/25/2025,$31.9261,17147580,$31.9637,$32.0857,$31.7478
08/22/2025,$32.0575,25268240,$31.6445,$32.2922,$31.6445
08/21/2025,$31.5412,16169170,$31.1939,$31.5506,$31.0859
08/20/2025,$31.2502,20291680,$31.8557,$31.9355,$31.0343
08/19/2025,$31.8135,16793190,$31.4755,$31.9026,$31.4004
08/18/2025,$31.3816,25119920,$31.2127,$31.5412,$31.1704
08/15/2025,$31.4004,20703250,$31.0108,$31.4849,$30.978
08/14/2025,$30.8841,14579780,$30.7245,$30.9968,$30.5978
08/13/2025,$30.9217,29736750,$30.1989,$30.978,$30.1238
08/12/2025,$30.1331,19949710,$29.5887,$30.3772,$29.5876
08/11/2025,$29.4854,19954720,$29.7483,$30.1238,$29.1287
08/08/2025,$29.7295,16280660,$29.7483,$30.0768,$29.6544
08/07/2025,$29.7295,25138680,$30.3772,$30.4852,$29.6826
08/06/2025,$30.1895,21569120,$30.6588,$30.7527,$30.1613
08/05/2025,$30.518,27440150,$30.6917,$30.8176,$30.4711
08/04/2025,$30.565,29378780,$30.6213,$30.9311,$30.4992
08/01/2025,$30.5274,22399790,$31.3112,$31.4145,$30.4805
07/31/2025,$31.1939,40584080,$31.9026,$32.0106,$30.8841
07/30/2025,$30.5086,35644450,$30.8137,$31.1094,$30.4054
07/29/2025,$30.8184,32911470,$31.5037,$31.5882,$30.5837
07/28/2025,$31.4755,19631870,$31.6069,$31.682,$31.2643
07/25/2025,$31.6163,32924570,$32.0481,$32.3298,$31.1657
07/24/2025,$33.2028,16134620,$33.6252,$33.8083,$33.2028
07/23/2025,$33.597,16430360,$33.2028,$33.6956,$33.1605
07/22/2025,$33.1089,14553400,$32.9587,$33.5689,$32.893
07/21/2025,$32.8648,15815090,$32.6208,$32.9493,$32.541
07/18/2025,$32.4236,14788110,$32.724,$32.7897,$32.3204
07/17/2025,$32.5738,17545610,$32.1983,$32.8695,$32.1796
07/16/2025,$32.2922,21102940,$32.6395,$32.7334,$32.1749
07/15/2025,$32.5926,17002870,$33.4375,$33.4905,$32.5738
07/14/2025,$33.4562,18545340,$32.7616,$33.4844,$32.6677
07/11/2025,$32.8461,16864390,$33.0807,$33.184,$32.8179
07/10/2025,$33.2497,15137090,$33.3811,$33.766,$33.2122
07/09/2025,$33.4375,14909520,$33.7191,$33.827,$33.2216
07/08/2025,$33.7942,12711950,$33.3999,$33.8505,$33.2216
07/07/2025,$33.2685,15078500,$33.7191,$33.9256,$33.2028
07/03/2025,$33.7848,10160930,$33.6064,$34.165,$33.5877
07/02/2025,$33.6346,24144790,$33.7097,$33.8974,$33.5266
07/01/2025,$34.104,22857490,$33.4093,$34.4137,$33.3905
06/30/2025,$33.5032,18490450,$33.2028,$33.5783,$33.1183
06/27/2025,$33.1558,26939880,$33.1371,$33.3811,$33.0338
06/26/2025,$33.0526,16830560,$32.7146,$33.0667,$32.6865
06/25/2025,$32.7053,21623150,$32.9916,$33.0338,$32.6677
06/24/2025,$33.0526,24319500,$32.6489,$33.1136,$32.48
06/23/2025,$32.4706,28769080,$32.2828,$32.5034,$32.0622
06/20/2025,$32.4142,42693900,$32.3861,$32.7569,$32.2734
06/18/2025,$32.1608,16249470,$32.433,$32.5832,$32.1092
06/17/2025,$32.4142,16399440,$32.8179,$32.8789,$32.3485
06/16/2025,$32.9587,18323490,$33.0244,$33.3201,$32.6395
06/13/2025,$32.8648,17190700,$33.0995,$33.2826,$32.8085
06/12/2025,$33.1089,14228560,$33.0244,$33.2169,$32.9165
06/11/2025,$33.0244,19015810,$33.4731,$33.5783,$32.9681
06/10/2025,$33.4375,21240920,$32.5128,$33.4562,$32.4002
06/09/2025,$32.48,15056250,$32.5738,$32.7569,$32.4424
06/06/2025,$32.5738,13753350,$32.3861,$32.663,$32.2922
06/05/2025,$32.1232,18853590,$32.3861,$32.4706,$31.9965
06/04/2025,$32.3298,19206720,$32.6114,$32.7616,$32.3204
06/03/2025,$32.5363,22050850,$32.2453,$32.5551,$32.02
06/02/2025,$32.2265,25282820,$32.2171,$32.311,$31.7524
05/30/2025,$32.4518,31652160,$32.2547,$32.6276,$32.0106
05/29/2025,$32.1796,22617250,$32.5081,$32.6771,$31.7618
05/28/2025,$32.5081,19762230,$32.8273,$32.9681,$32.4542
05/27/2025,$32.8085,22018510,$32.6771,$32.9587,$32.4612
05/23/2025,$32.4049,13930060,$32.142,$32.5551,$32.1326
05/22/2025,$32.4706,14428350,$33.0526,$33.0714,$32.4518
05/21/2025,$32.9493,17291040,$33.2497,$33.4328,$32.8179
05/20/2025,$33.4093,14068150,$33.2122,$33.5877,$33.184
05/19/2025,$33.2685,14182500,$33.184,$33.3577,$33.0807
05/16/2025,$33.306,20791590,$33.1558,$33.475,$33.0385
05/15/2025,$33.1652,18153990,$32.5175,$33.2028,$32.3955
05/14/2025,$32.4424,18156420,$32.5363,$32.6818,$32.2453
05/13/2025,$32.6583,19071470,$32.7146,$32.9587,$32.372
05/12/2025,$32.5926,23093140,$32.6771,$33.2356,$32.4142
05/09/2025,$32.1514,16919700,$32.2359,$32.3391,$32.0575
05/08/2025,$32.1232,35269370,$32.372,$32.5926,$32.0575
05/07/2025,$32.2828,25154390,$32.5081,$32.744,$32.1092
05/06/2025,$32.3767,16103950,$32.1514,$32.4847,$31.9824
05/05/2025,$32.3391,20326060,$31.9824,$32.5551,$31.8933
05/02/2025,$32.3485,24824300,$31.9167,$32.4142,$31.9026
05/01/2025,$31.7478,20277690,$31.7759,$32.1326,$31.6116
04/30/2025,$32.1045,28174760,$31.7008,$32.1702,$31.1235
04/29/2025,$31.8604,22741570,$31.5835,$31.973,$31.5412
04/28/2025,$31.7008,27895670,$31.8228,$32.1373,$31.56
04/25/2025,$31.8228,29368760,$31.4661,$31.8604,$31.0953
04/24/2025,$31.1564,44282340,$30.0205,$31.3065,$29.5136
04/23/2025,$32.3579,28164610,$32.4096,$32.8836,$32.2828
04/22/2025,$32.1045,23108450,$31.7759,$32.1514,$31.6633
04/21/2025,$31.5412,22945350,$31.682,$31.9261,$31.2127
04/17/2025,$31.9261,21576020,$31.7102,$32.1936,$31.6539
04/16/2025,$31.4943,20687020,$32.1983,$32.3438,$31.3159
04/15/2025,$32.2922,17989850,$32.3298,$32.6302,$32.1608
04/14/2025,$32.0575,20432810,$31.3347,$32.3391,$31.2127
04/11/2025,$31.6539,26811930,$31.8745,$31.9167,$31.1845
04/10/2025,$31.6163,31778780,$32.6489,$32.7616,$31.0625
04/09/2025,$33.0244,45095940,$30.5086,$33.0901,$30.227
04/08/2025,$30.8278,33971420,$31.4192,$32.1936,$30.5126
04/07/2025,$31.4192,46139740,$30.9498,$32.3298,$30.396
04/04/2025,$31.3347,37314570,$32.7897,$33.1793,$31.2972
04/03/2025,$33.5313,26834110,$34.3668,$34.4137,$33.4234
04/02/2025,$34.3668,18827560,$34.0805,$34.4011,$33.8974
04/01/2025,$34.4701,20738280,$34.6766,$34.8596,$34.2823
03/31/2025,$34.639,27806320,$34.5733,$34.7658,$34.1227
03/28/2025,$34.3762,23331680,$35.0098,$35.1835,$34.348
03/27/2025,$35.0802,17856740,$34.9911,$35.329,$34.7705
03/26/2025,$35.0802,25944990,$34.7329,$35.4088,$34.6015
03/25/2025,$34.6766,31434360,$34.2354,$34.686,$33.7191
03/24/2025,$34.3574,34933620,$34.5358,$34.6203,$34.2448
03/21/2025,$34.4982,54564480,$34.0195,$34.6203,$33.8693
03/20/2025,$34.2635,17068810,$33.6956,$34.4419,$33.6628
03/19/2025,$33.8787,21740640,$33.8411,$34.0007,$33.7285
03/18/2025,$33.8036,17883080,$33.6252,$33.9162,$33.3905
03/17/2025,$33.5595,16899290,$33.3154,$33.7159,$33.1746
03/14/2025,$33.2591,27406650,$32.9305,$33.4093,$32.5269
03/13/2025,$32.5738,32055770,$33.015,$33.7191,$32.5363
03/12/2025,$33.0338,23454950,$33.5689,$33.6815,$32.7616
03/11/2025,$33.7472,32233450,$33.8599,$34.0946,$33.306
03/10/2025,$33.8974,43425200,$35.1178,$35.6482,$33.8223
03/07/2025,$35.2868,43323140,$33.8693,$35.3149,$33.8599
03/06/2025,$34.0476,29116330,$33.353,$34.1133,$33.184
03/05/2025,$33.3811,24536150,$33.1558,$33.5032,$32.8273
03/04/2025,$33.3248,31010370,$33.9913,$34.0899,$33.1089
03/03/2025,$33.7754,19845660,$33.6721,$34.0242,$33.5595
02/28/2025,$33.6815,26777630,$33.4656,$33.8787,$33.3483
02/27/2025,$33.2216,23252220,$32.9352,$33.3013,$32.8554
02/26/2025,$32.9493,31161240,$33.5877,$33.6346,$32.8554
02/25/2025,$33.6534,34274960,$34.2166,$34.7141,$33.5595
02/24/2025,$34.0758,28122000,$34.1603,$34.5358,$34.0007
02/21/2025,$34.0195,21415330,$34.3152,$34.4043,$33.9725
02/20/2025,$34.1791,25850100,$34.1603,$34.4654,$33.8787
02/19/2025,$34.2448,22701280,$34.2072,$34.4982,$34.057
02/18/2025,$34.1227,24015290,$33.1014,$34.1509,$32.954
02/14/2025,$33.2216,17933380,$33.2309,$33.4375,$33.1277
02/13/2025,$33.2122,20563770,$32.893,$33.3248,$32.8002
02/12/2025,$32.7616,23440640,$32.7804,$33.0692,$32.7522
02/11/2025,$33.0714,32640470,$31.9918,$33.1887,$31.9918
02/10/2025,$32.3579,26992440,$32.602,$32.6489,$32.2828
02/07/2025,$32.2641,24083960,$32.4987,$32.5457,$32.0122
02/06/2025,$32.3579,29838280,$32.0106,$32.3673,$31.682
02/05/2025,$31.8604,33492020,$31.4943,$31.8698,$31.269
02/04/2025,$31.4943,40510660,$30.6776,$31.5506,$30.6119
02/03/2025,$31.1564,45432430,$31.0813,$31.7102,$31.0155
01/31/2025,$31.5976,39175600,$31.4192,$31.9261,$31.2596
01/30/2025,$31.2127,77358160,$32.311,$32.5551,$30.5086
01/29/2025,$35.0708,21538230,$35.3806,$35.5074,$34.9676
01/28/2025,$35.2492,17896050,$35.6247,$35.8359,$35.1741
01/27/2025,$35.8875,24497920,$35.268,$36.0471,$35.2586
01/24/2025,$35.3149,18256170,$35.0708,$35.3337,$34.9957
01/23/2025,$35.1741,17469180,$34.9864,$35.2351,$34.6484
01/22/2025,$34.8362,21121080,$34.6015,$34.9206,$34.2729
01/21/2025,$34.7047,21125860,$34.3386,$34.9676,$34.3011
01/17/2025,$34.3386,22040300,$34.4982,$34.6484,$34.2166
01/16/2025,$34.0852,21114140,$34.2823,$34.395,$34.0476
01/15/2025,$34.2635,22268500,$34.517,$34.5921,$34.057
01/14/2025,$34.1509,25100070,$34.3856,$34.395,$33.935
01/13/2025,$34.2166,19973260,$34.2729,$34.4701,$34.0289
01/10/2025,$34.1321,27687010,$34.5376,$34.8878,$34.0946
01/08/2025,$34.8925,27293620,$34.5264,$34.9582,$34.0195
01/07/2025,$34.9019,16527600,$35.1459,$35.451,$34.7423
01/06/2025,$35.1929,31417810,$35.0521,$35.8218,$35.0051
01/03/2025,$35.3618,20335580,$35.3149,$35.4276,$35.0802
01/02/2025,$35.1272,28786110,$35.4839,$35.6247,$34.9206
12/31/2024,$35.2304,13705290,$35.0239,$35.2914,$34.9535
12/30/2024,$35.099,23728320,$35.4651,$35.559,$34.8362
12/27/2024,$35.6059,15394230,$35.5214,$35.906,$35.3806
12/26/2024,$35.9063,10860730,$35.9063,$36.0988,$35.7561
12/24/2024,$36.0471,7493087,$35.5308,$36.0659,$35.3994
12/23/2024,$35.6529,16681360,$35.6998,$35.8688,$35.3618
12/20/2024,$35.8781,60040080,$35.2868,$35.9626,$35.0239
12/19/2024,$35.1084,22646550,$35.6247,$35.7092,$34.9676
12/18/2024,$35.5402,22644590,$36.1842,$36.554,$35.4745
12/17/2024,$36.4226,19193100,$36.4883,$36.723,$36.1973
12/16/2024,$36.4789,20182820,$36.6986,$37.3097,$36.4132
12/13/2024,$37.474,18032630,$37.3144,$37.7368,$37.2299
12/12/2024,$37.7744,22465510,$37.474,$37.8964,$37.3895
12/11/2024,$37.2769,23922880,$37.0469,$37.3989,$37.0046
12/10/2024,$37.1079,28678090,$36.6761,$37.352,$36.1692
12/09/2024,$36.6573,45253850,$40.5624,$40.6469,$36.3851
12/06/2024,$40.5061,15608590,$40.1306,$40.5436,$40.1118
12/05/2024,$40.1681,13615050,$39.9992,$40.3418,$39.8584
12/04/2024,$39.9428,14621000,$40.093,$40.3399,$39.7833
12/03/2024,$40.2338,14352200,$40.5718,$40.7877,$40.201
12/02/2024,$40.6375,16253460,$40.3747,$40.6563,$40.0649
11/29/2024,$40.5436,9556976,$39.8584,$40.6187,$39.8208
11/27/2024,$39.9522,16236130,$39.9992,$40.4028,$39.9241
11/26/2024,$40.0273,18392630,$40.3653,$40.6093,$39.8396
11/25/2024,$40.553,23525960,$41.2289,$41.3322,$40.4873
11/22/2024,$40.8065,10637300,$40.6093,$41.0411,$40.5155
11/21/2024,$40.8346,15647160,$40.4591,$41.0505,$39.9053
11/20/2024,$40.3559,21068590,$40.1306,$40.384,$39.4172
11/19/2024,$39.7269,29279270,$39.9898,$40.1494,$39.7175
11/18/2024,$40.3653,19101320,$40.2245,$40.5671,$40.1306
11/15/2024,$40.2526,18344400,$40.8159,$41.135,$39.971
11/14/2024,$40.8159,20179020,$41.2195,$41.3603,$40.5436
11/13/2024,$41.2195,11593410,$40.9848,$41.4824,$40.844
11/12/2024,$41.3415,13411890,$41.2101,$41.4917,$41.1585
11/11/2024,$41.4917,11088930,$41.2664,$41.8954,$41.2217
11/08/2024,$41.2195,23019740,$41.4542,$41.6701,$40.9801
11/07/2024,$41.4824,17151780,$42.2146,$42.2427,$41.4448
11/06/2024,$42.3741,31072520,$41.1444,$42.4492,$40.7689
11/05/2024,$39.9522,16783160,$40.1212,$40.4216,$39.7269
11/04/2024,$39.9241,21753160,$41.013,$41.0834,$39.8865
11/01/2024,$40.891,25078460,$41.6325,$41.9423,$40.8252
10/31/2024,$40.9942,35198350,$42.4352,$42.5337,$40.2104
10/30/2024,$39.6518,27530380,$39.2576,$39.8677,$39.2435
10/29/2024,$39.4922,21091460,$39.2106,$39.8865,$39.1778
10/28/2024,$39.2763,19062510,$39.0698,$39.389,$39.0698
10/25/2024,$39.1074,19363500,$39.4829,$39.9898,$39.0698
10/24/2024,$39.098,16562790,$39.2294,$39.4265,$38.8023
10/23/2024,$39.0041,16411690,$38.9853,$39.3514,$38.6943
10/22/2024,$38.9994,18594710,$38.178,$39.7082,$38.0842
10/21/2024,$38.0466,16333500,$39.389,$39.4031,$37.9809
10/18/2024,$39.3608,14188180,$39.3796,$39.7739,$39.3045
10/17/2024,$39.6424,16288140,$39.971,$40.1306,$39.098
10/16/2024,$39.6612,11768010,$39.6518,$39.9992,$39.6265
10/15/2024,$39.5298,14841690,$39.3139,$40.1464,$39.3139
10/14/2024,$39.3984,12121040,$38.8258,$39.4688,$38.7694
10/11/2024,$38.7319,10447760,$38.6474,$38.9384,$38.5629
10/10/2024,$38.5817,11975760,$38.9759,$39.3796,$38.5347
10/09/2024,$38.8633,11396570,$38.4503,$38.9009,$38.2625
10/08/2024,$38.4409,18173500,$38.0842,$38.516,$37.9058
10/07/2024,$38.0748,17063060,$38.4315,$38.6662,$38.0372
10/04/2024,$38.6662,13697490,$38.3846,$38.8258,$38.1686
10/03/2024,$38.3095,10457610,$38.516,$38.6005,$38.0466
10/02/2024,$38.7694,11124410,$38.8539,$39.2904,$38.7225
10/01/2024,$39.1449,18226380,$39.0745,$39.3984,$38.6474
09/30/2024,$39.2106,22382690,$39.1919,$39.3327,$38.7694
09/27/2024,$39.0886,17491240,$38.7037,$39.5016,$38.6663
09/26/2024,$38.5066,19316720,$38.2156,$38.5582,$38.164
09/25/2024,$38.1029,24054860,$38.7694,$38.7788,$38.0419
09/24/2024,$38.8164,24195550,$38.3282,$38.9337,$38.1264
09/23/2024,$38.2344,21977300,$37.7462,$38.4127,$37.6617
09/20/2024,$37.6523,59666400,$37.7556,$38.1499,$37.4928
09/19/2024,$37.8025,16867400,$37.887,$38.5535,$37.6852
09/18/2024,$37.3801,17279080,$36.9483,$37.6523,$36.141
09/17/2024,$36.8732,13113220,$37.1267,$37.3801,$36.8169
09/16/2024,$36.9483,16731020,$37.352,$37.596,$36.7887
09/13/2024,$37.1267,13100500,$36.9014,$37.4458,$36.8263
09/12/2024,$36.9014,17059380,$36.4883,$36.9154,$36.1457
09/11/2024,$36.31,16883350,$36.7418,$36.7418,$35.8031
09/10/2024,$36.7418,13752430,$37.3801,$37.5115,$36.5259
09/09/2024,$37.2862,13590820,$37.305,$37.5772,$36.5634
09/06/2024,$37.183,18549210,$37.3613,$37.8776,$37.0703
09/05/2024,$37.3613,19033720,$36.5259,$37.3848,$36.4977
09/04/2024,$36.3006,24534660,$37.2675,$37.7134,$36.0471
09/03/2024,$37.0797,18351110,$37.2487,$37.4411,$36.9952
08/30/2024,$37.1454,25874920,$37.2956,$37.2956,$36.7699
08/29/2024,$37.0422,22626410,$37.5679,$37.6242,$36.9812
08/28/2024,$37.4834,11219790,$37.7838,$37.8776,$37.4646
08/27/2024,$37.7744,13067630,$37.7087,$38.056,$37.6806
08/26/2024,$37.7838,11122350,$37.5679,$37.9762,$37.4177
08/23/2024,$37.3801,11682160,$37.2018,$37.4928,$37.0703
08/22/2024,$36.9952,9263084,$37.643,$37.643,$36.7793
08/21/2024,$37.4928,12748070,$37.765,$37.8307,$37.3657
08/20/2024,$37.5772,13552680,$37.596,$37.8119,$37.5162
08/19/2024,$37.7932,13280650,$37.0516,$37.8401,$37.0516
08/16/2024,$37.1924,14170220,$37.2111,$37.3895,$37.0797
08/15/2024,$37.0985,17290990,$36.8732,$37.1173,$36.54
08/14/2024,$36.6197,17941850,$36.4038,$36.723,$36.3944
08/13/2024,$36.723,14022580,$36.5165,$36.8535,$36.31
08/12/2024,$36.1692,12209360,$36.6104,$36.7042,$36.1128
08/09/2024,$36.6855,13999550,$36.6761,$36.9569,$36.3297
08/08/2024,$36.9389,13668050,$36.1034,$37.0187,$36.0847
08/07/2024,$36.1504,16744180,$36.7887,$37.1783,$36.1081
08/06/2024,$36.5353,15853770,$36.5165,$37.0328,$36.3569
08/05/2024,$36.7793,21390800,$37.7181,$38.0372,$36.2443
08/02/2024,$37.4552,25951670,$38.3658,$38.6192,$37.3989
08/01/2024,$37.7932,21797020,$38.7225,$38.8821,$37.7462
07/31/2024,$38.7413,24873190,$38.2625,$39.0792,$38.1874
07/30/2024,$38.3095,25226150,$38.2719,$38.5347,$37.9058
07/29/2024,$38.1874,21996100,$37.2956,$38.2813,$37.1971
07/26/2024,$37.2581,24563940,$36.2067,$37.6523,$36.1785
07/25/2024,$35.8969,18385330,$36.1785,$36.953,$35.8875
07/24/2024,$35.7561,23447930,$36.3475,$36.4695,$35.0896
07/23/2024,$36.1504,30777470,$36.9952,$37.1454,$34.70
07/22/2024,$37.1079,23213400,$37.6523,$37.7274,$36.4085
07/19/2024,$37.6242,19305170,$37.7181,$37.8213,$37.4224
07/18/2024,$37.6805,17757890,$37.765,$38.6756,$37.6711
07/17/2024,$38.1029,31689720,$37.2487,$38.2412,$37.2393
07/16/2024,$37.183,18541180,$36.554,$37.2346,$36.4789
07/15/2024,$36.554,19018460,$35.9063,$37.0187,$35.8594
07/12/2024,$35.9439,16748600,$35.6622,$35.9908,$35.5871
07/11/2024,$35.4369,18629980,$35.2821,$35.85,$35.2586
07/10/2024,$35.1366,19225380,$35.2774,$35.3665,$34.8643
07/09/2024,$35.2117,18697060,$34.9864,$35.3665,$34.869
07/08/2024,$35.0427,17617750,$35.4745,$35.6669,$34.9253
07/05/2024,$35.5402,12172340,$35.6341,$35.661,$35.3712
07/03/2024,$35.7186,7657993,$35.4369,$35.9626,$35.3994
07/02/2024,$35.8218,15707760,$36.0096,$36.0096,$35.4557
07/01/2024,$35.8312,16905670,$36.5165,$36.6855,$35.8031
06/28/2024,$36.7606,38288910,$36.1785,$36.845,$36.141
06/27/2024,$35.9345,13073220,$35.9345,$36.0377,$35.6294
06/26/2024,$35.8781,23560560,$35.9439,$36.0847,$35.3149
06/25/2024,$36.0471,25171950,$36.2912,$36.2912,$35.6153
06/24/2024,$36.1222,19434310,$35.9439,$36.4179,$35.728
06/21/2024,$36.1222,49147050,$35.8781,$36.3381,$35.6388
06/20/2024,$35.5308,21203330,$34.5264,$35.6529,$34.4607
06/18/2024,$34.639,22444940,$35.0521,$35.4745,$34.4982
06/17/2024,$35.0239,31105460,$35.099,$35.1741,$34.6578
06/14/2024,$35.1459,12692460,$35.0802,$35.3712,$34.977
06/13/2024,$35.2774,18514840,$35.2023,$35.5214,$35.0192
06/12/2024,$35.512,18902750,$36.1692,$36.2724,$35.1835
06/11/2024,$35.972,16479960,$35.8124,$36.2349,$35.6294
06/10/2024,$36.4132,13185630,$36.5259,$36.5869,$36.1598
06/07/2024,$36.5728,16049260,$36.6667,$36.9436,$36.5212
06/06/2024,$36.6761,20336260,$36.7699,$37.474,$36.6186
06/05/2024,$36.7418,12635490,$37.1736,$37.1736,$36.6667
06/04/2024,$37.136,14580870,$37.0046,$37.3473,$36.7981
06/03/2024,$37.1548,15651440,$37.5491,$37.6148,$36.8732
05/31/2024,$37.5772,27039350,$36.1034,$37.6336,$35.789
05/30/2024,$36.4883,18256100,$35.728,$36.5212,$35.5965
05/29/2024,$35.6153,28533500,$35.9157,$36.0753,$35.5261
05/28/2024,$36.1785,16937290,$35.8875,$36.4315,$35.8171
05/24/2024,$36.1785,14375670,$36.3663,$36.4414,$35.9063
05/23/2024,$36.31,16081790,$36.4414,$36.7418,$36.1411
05/22/2024,$36.5071,17755170,$36.7887,$36.7887,$36.2912
05/21/2024,$36.8075,13471990,$36.6104,$37.1971,$36.5728
05/20/2024,$36.8075,12533560,$36.7699,$36.9014,$36.2959
05/17/2024,$36.8638,13733370,$36.8732,$36.9718,$36.5259
05/16/2024,$36.9577,15663820,$36.7606,$37.014,$36.5024
05/15/2024,$36.845,18828060,$37.4364,$37.5021,$36.6197
05/14/2024,$37.2675,16096680,$37.5585,$37.6031,$37.1642
05/13/2024,$37.2675,18405610,$37.1454,$37.305,$36.9107
05/10/2024,$36.9014,15227370,$36.019,$37.0328,$35.9814
05/09/2024,$36.1785,23593230,$36.6197,$36.7136,$36.0471
05/08/2024,$36.6573,22394440,$36.1034,$37.3613,$36.0096
05/07/2024,$36.1316,30573450,$36.2724,$36.3475,$36.0191
05/06/2024,$36.1316,32166450,$36.4038,$36.6667,$36.0696
05/03/2024,$36.3194,22278720,$36.0941,$36.4602,$36.0237
05/02/2024,$36.0096,16967730,$36.1785,$36.3757,$35.7392
05/01/2024,$35.8594,19737010,$35.7186,$36.324,$35.6904
04/30/2024,$35.7749,20206710,$36.2536,$36.3663,$35.5167
04/29/2024,$36.4695,14933010,$36.2067,$36.5634,$36.1034
04/26/2024,$36.2067,29783240,$34.8268,$36.3428,$34.1978
04/25/2024,$35.5496,37835380,$36.2818,$36.8356,$34.9113
04/24/2024,$37.7462,19581240,$37.5115,$37.8683,$37.3801
04/23/2024,$37.887,15324930,$37.9715,$38.6005,$37.8354
04/22/2024,$38.0842,24644680,$37.9997,$38.2062,$37.5115
04/19/2024,$37.7744,24227570,$37.2769,$37.8307,$37.1454
04/18/2024,$37.1924,15684830,$36.9389,$37.2581,$36.7324
04/17/2024,$36.601,20450110,$36.9014,$37.0046,$36.4977
04/16/2024,$36.723,18927170,$36.9858,$37.1689,$36.6197
04/15/2024,$37.014,21293670,$37.3144,$37.4693,$36.7136
04/12/2024,$36.9577,23423570,$37.427,$37.5021,$36.8263
04/11/2024,$37.6805,24560320,$37.5998,$37.7932,$37.2111
04/10/2024,$37.2862,22368350,$37.6899,$37.6899,$36.9671
04/09/2024,$37.6899,32646630,$37.8119,$38.286,$37.5021
04/08/2024,$38.2156,28115920,$38.2531,$38.4972,$38.0935
04/05/2024,$38.3939,22833030,$38.3658,$38.6615,$38.1452
04/04/2024,$38.5911,24458130,$39.2482,$39.4312,$38.4409
04/03/2024,$38.9853,18818650,$39.1825,$39.3749,$38.8727
04/02/2024,$39.2482,16801510,$39.5955,$40.0414,$39.0604
04/01/2024,$39.6894,18303610,$40.3934,$40.4122,$39.2857
03/28/2024,$40.6938,21157400,$40.5436,$40.9191,$40.4779
03/27/2024,$40.431,14106570,$40.1212,$40.4451,$40.0743
03/26/2024,$39.8771,19299310,$40.0461,$40.0461,$39.558
03/25/2024,$40.0273,17851440,$40.2432,$40.2526,$39.7082
03/22/2024,$40.1212,15037890,$40.4498,$40.4826,$39.863
03/21/2024,$40.262,18752160,$40.3653,$40.3747,$39.849
03/20/2024,$40.4591,27557860,$40.2714,$40.5718,$40.0743
03/19/2024,$40.3559,23083730,$40.3089,$40.5999,$40.0179
03/18/2024,$40.4779,21627850,$40.4122,$40.8252,$40.3089
03/15/2024,$40.1494,45303660,$40.2151,$40.6563,$40.0743
03/14/2024,$40.1963,25065930,$40.4591,$40.5061,$39.4359
03/13/2024,$40.6281,14472180,$40.7501,$41.0036,$40.553
03/12/2024,$40.5389,18817050,$40.9707,$40.9707,$40.1728
03/11/2024,$40.8722,25322110,$40.1118,$41.0036,$40.0273
03/08/2024,$39.971,18007350,$39.1825,$40.0179,$39.051
03/07/2024,$39.1825,17712380,$39.7035,$39.7739,$38.9666
03/06/2024,$39.5673,16593580,$39.5298,$39.8114,$39.1168
03/05/2024,$39.4829,26734930,$39.3421,$39.9616,$39.1637
03/04/2024,$39.2857,20055620,$40.1118,$40.2526,$39.0417
03/01/2024,$40.1775,15016140,$40.0461,$40.431,$39.5861
02/29/2024,$40.2245,28706480,$39.9241,$40.3183,$39.8396
02/28/2024,$39.5673,13195600,$39.6518,$40.0179,$39.5392
02/27/2024,$39.68,13144060,$39.6331,$39.7175,$39.328
02/26/2024,$39.6049,21113090,$39.3514,$39.9616,$39.2106
02/23/2024,$39.3327,14671610,$39.2951,$39.7269,$39.1168
02/22/2024,$39.3421,19295000,$39.3186,$39.4172,$38.8633
02/21/2024,$39.2857,20653100,$39.3514,$39.3796,$38.9478
02/20/2024,$39.1074,20854920,$38.6286,$39.1731,$38.239
02/16/2024,$38.7131,22578770,$39.1543,$39.1919,$38.638
02/15/2024,$39.2388,20890960,$39.2294,$39.5861,$39.1168
02/14/2024,$39.4453,24630830,$39.4641,$39.5486,$39.1261
02/13/2024,$39.2857,24549520,$39.8771,$39.9428,$38.9619
02/12/2024,$39.9992,21666750,$39.3702,$40.3559,$39.3608
02/09/2024,$39.4922,27368300,$38.929,$39.6847,$38.699
02/08/2024,$38.7225,44879560,$40.384,$40.4216,$38.5394
02/07/2024,$40.2338,31222450,$41.8954,$42.0456,$40.2151
02/06/2024,$41.6983,18653100,$42.1864,$42.1864,$41.4354
02/05/2024,$42.1207,15528380,$42.1958,$42.5947,$42.0362
02/02/2024,$42.3272,25234280,$42.5525,$43.0125,$42.1207
02/01/2024,$43.8667,18583150,$43.8761,$44.2234,$43.3504
01/31/2024,$43.6884,18579550,$43.7822,$44.2187,$43.5335
01/30/2024,$43.7916,15675830,$43.5569,$43.9653,$43.1908
01/29/2024,$43.2847,19263570,$43.2565,$43.6602,$43.0031
01/26/2024,$43.4255,20086380,$42.6464,$43.4818,$42.5525
01/25/2024,$42.4962,29722120,$41.0224,$43.5006,$40.9003
01/24/2024,$41.1162,19446770,$41.5668,$41.6138,$40.8346
01/23/2024,$41.2571,15712060,$41.0599,$41.4542,$40.7642
01/22/2024,$40.9473,18082680,$40.844,$41.2336,$40.7689
01/19/2024,$40.6938,23606220,$39.9804,$40.7032,$39.9147
01/18/2024,$39.9335,19797260,$39.5298,$40.0179,$39.5016
01/17/2024,$39.7551,18568990,$40.1963,$40.4216,$39.5533
01/16/2024,$40.4498,17183170,$40.3277,$40.5765,$40.1212
01/12/2024,$40.3559,12742490,$40.7595,$40.7595,$40.2338
01/11/2024,$40.6187,12706390,$40.9097,$41.0036,$40.2057
01/10/2024,$40.8159,12186980,$40.6469,$40.891,$40.3418
01/09/2024,$40.6281,14842180,$40.553,$40.7689,$40.1728
01/08/2024,$41.0505,16124470,$40.4028,$41.135,$40.2996
01/05/2024,$40.4028,12648510,$40.1587,$40.6563,$40.1077
01/04/2024,$40.0179,19595590,$40.6187,$40.6938,$39.8865
01/03/2024,$40.6563,15442910,$41.0036,$41.1867,$40.5671
01/02/2024,$40.9942,16514550,$40.8928,$41.3415,$40.6093
12/29/2023,$41.1632,13695610,$41.3885,$41.4354,$40.8863
12/28/2023,$41.4166,9023423,$41.2758,$41.6842,$41.2007
12/27/2023,$41.2946,9253757,$41.2101,$41.4636,$41.0318
12/26/2023,$41.2383,9624399,$41.304,$41.365,$40.8346
12/22/2023,$41.304,11894110,$41.426,$41.8822,$41.1256
12/21/2023,$41.3228,18079660,$41.5105,$41.6889,$40.722
12/20/2023,$41.4917,16281070,$41.886,$42.1629,$41.4917
12/19/2023,$41.9611,16417580,$42.0456,$42.1582,$41.7734
12/18/2023,$41.9611,17896010,$41.8297,$42.1254,$41.5997
12/15/2023,$41.7546,60346760,$41.8766,$42.0737,$41.2571
12/14/2023,$41.9048,29794820,$41.3603,$42.238,$41.2383
12/13/2023,$40.9942,18654880,$40.1071,$41.0411,$39.6518
12/12/2023,$40.0555,17533660,$40.4028,$40.4967,$39.5767
12/11/2023,$40.0461,19952480,$40.1165,$40.3747,$39.558
12/08/2023,$39.5204,20117290,$39.1449,$39.6518,$39.1074
12/07/2023,$39.5861,19522400,$39.4172,$40.0743,$39.22
12/06/2023,$39.1355,16619920,$39.2106,$39.4922,$38.7553
12/05/2023,$39.0604,29023110,$40.2996,$40.3653,$38.1975
12/04/2023,$40.4404,22757540,$39.6612,$40.7595,$39.5861
12/01/2023,$39.6237,16973920,$39.6565,$39.9147,$39.2474
11/30/2023,$39.3233,23641540,$39.22,$39.3702,$38.9009
11/29/2023,$39.0792,13275110,$39.3984,$39.4922,$38.8727
11/28/2023,$39.3045,14512330,$39.4265,$39.5204,$39.2294
11/27/2023,$39.511,19310510,$39.7739,$39.9053,$39.2501
11/24/2023,$39.971,5860002,$39.9428,$40.1118,$39.802
11/22/2023,$39.8771,12855120,$40.1024,$40.2996,$39.7973
11/21/2023,$39.9898,11721770,$40.3653,$40.3981,$39.7457
11/20/2023,$40.3089,14453470,$39.6894,$40.492,$39.5861
11/17/2023,$39.8208,13386110,$40.0461,$40.3324,$39.7363
11/16/2023,$39.8114,18367830,$40.1587,$40.431,$39.3045
11/15/2023,$39.9241,17121490,$39.3139,$40.0367,$39.3139
11/14/2023,$39.3045,22518470,$39.7082,$39.8959,$39.2059
11/13/2023,$38.9478,14115600,$39.1261,$39.2623,$38.746
11/10/2023,$39.3421,20077760,$38.5629,$39.389,$38.5347
11/09/2023,$38.3752,25986910,$39.1074,$39.2106,$38.2672
11/08/2023,$38.9759,18889270,$39.2951,$39.4617,$38.76
11/07/2023,$39.4641,19771370,$39.849,$39.8537,$39.3937
11/06/2023,$39.8584,18681060,$40.492,$40.6093,$39.6143
11/03/2023,$40.5342,19005630,$40.2338,$40.7595,$40.1964
11/02/2023,$39.8959,16755390,$39.2951,$39.971,$39.2951
11/01/2023,$39.2576,19505410,$38.8351,$39.5533,$38.807
10/31/2023,$38.76,18860960,$38.2062,$38.807,$38.1769
10/30/2023,$37.9715,18202260,$37.5115,$38.1311,$37.4928
10/27/2023,$37.2111,35948980,$35.6716,$37.934,$35.5918
10/26/2023,$36.7512,50005450,$37.596,$37.9809,$36.6855
10/25/2023,$40.1306,23342850,$40.675,$40.9285,$40.1024
10/24/2023,$40.7971,19539750,$40.7032,$40.9191,$40.5389
10/23/2023,$40.3089,14469450,$40.4873,$40.6469,$40.1118
10/20/2023,$40.2338,22457700,$40.2338,$40.6844,$39.7269
10/19/2023,$40.431,17908930,$41.4824,$41.6232,$40.3559
10/18/2023,$41.3228,13384770,$41.5668,$41.7921,$41.2101
10/17/2023,$41.6419,15746160,$41.5105,$41.9611,$41.3932
10/16/2023,$41.5387,17065480,$41.3509,$41.6091,$41.0834
10/13/2023,$41.1256,16559150,$41.2101,$41.3697,$40.8393
10/12/2023,$41.2101,16757200,$41.6232,$41.7358,$41.1116
10/11/2023,$41.5293,16840330,$41.9048,$42.1723,$41.3885
10/10/2023,$41.7452,15558530,$41.5293,$41.9236,$41.135
10/09/2023,$41.3885,15734660,$40.7971,$41.5293,$40.6985
10/06/2023,$40.8065,23467000,$40.093,$40.9332,$39.7879
10/05/2023,$40.384,17612270,$40.7877,$40.9285,$40.2479
10/04/2023,$40.8065,20740150,$40.7314,$40.9097,$40.5108
10/03/2023,$40.7877,16980480,$41.182,$41.426,$40.6563
10/02/2023,$41.764,17295210,$41.5387,$41.9799,$41.3885
09/29/2023,$41.6232,15136960,$42.1395,$42.3272,$41.2946
09/28/2023,$42.1113,13102540,$41.9517,$42.4633,$41.9048
09/27/2023,$41.8672,16357040,$41.6513,$42.0784,$41.5387
09/26/2023,$41.5293,18397300,$41.2946,$41.9799,$41.1726
09/25/2023,$42.1207,11871530,$42.4399,$42.5713,$41.9893
09/22/2023,$42.5243,12459640,$42.7684,$43.0313,$42.4868
09/21/2023,$42.8998,16274230,$42.8717,$43.1814,$42.82
09/20/2023,$42.7121,15630960,$42.9843,$43.219,$42.6839
09/19/2023,$42.928,15865550,$42.7778,$43.0219,$42.6792
09/18/2023,$42.8435,12852880,$42.6745,$43.2002,$42.637
09/15/2023,$42.5619,45437410,$43.1157,$43.3223,$42.4211
09/14/2023,$43.1533,19660240,$42.806,$43.219,$42.7168
09/13/2023,$42.4211,16914990,$42.3272,$42.4305,$41.8344
09/12/2023,$42.4211,21007560,$42.3554,$42.6933,$42.1207
09/11/2023,$42.4868,19843110,$42.3178,$42.9092,$42.177
09/08/2023,$42.2709,19859010,$42.2193,$42.4211,$42.0174
09/07/2023,$42.0925,20810850,$42.1301,$42.8998,$42.0925
09/06/2023,$42.177,27839760,$41.7546,$42.806,$41.5387
09/05/2023,$41.8297,21709760,$42.759,$42.8951,$41.7452
09/01/2023,$42.928,18866700,$43.8104,$43.8386,$42.5713
08/31/2023,$43.8949,19935860,$44.2328,$44.4018,$43.8386
08/30/2023,$44.2328,13971570,$44.0545,$44.2984,$43.8198
08/29/2023,$43.9137,14198410,$43.2096,$44.0028,$43.158
08/28/2023,$43.1627,10807780,$42.7684,$43.2331,$42.7684
08/25/2023,$42.6839,13051250,$42.5337,$42.8247,$42.3929
08/24/2023,$42.468,15310230,$42.5713,$42.9468,$42.4129
08/23/2023,$42.6745,18382810,$43.0313,$43.1251,$42.5525
08/22/2023,$42.7778,11963330,$43.0876,$43.2706,$42.7262
08/21/2023,$43.05,12331760,$42.759,$43.2378,$42.7402
08/18/2023,$42.9562,17601130,$43.2378,$43.5194,$42.8435
08/17/2023,$43.4067,12513710,$43.7728,$44.0075,$43.4067
08/16/2023,$43.5006,17346090,$44.1953,$44.5473,$43.4818
08/15/2023,$44.1483,20060340,$43.4725,$44.3924,$43.4067
08/14/2023,$43.7071,20847860,$43.3598,$43.9981,$43.3598
08/11/2023,$43.2096,13602540,$42.8811,$43.3974,$42.7731
08/10/2023,$43.1157,16149720,$42.8717,$43.679,$42.8717
08/09/2023,$42.5056,15184180,$42.6135,$42.8435,$42.4023
08/08/2023,$42.6182,19889040,$42.5243,$42.8106,$42.3835
08/07/2023,$42.6651,12529910,$42.3741,$42.806,$42.3225
08/04/2023,$42.0925,12704090,$42.4774,$42.759,$42.0409
08/03/2023,$42.4023,12351270,$42.3366,$42.7778,$42.1551
08/02/2023,$42.3272,16651980,$42.7121,$42.8247,$41.8766
08/01/2023,$42.5337,15101560,$42.6745,$42.7215,$42.3272
07/31/2023,$42.4868,15942850,$42.59,$43.0125,$42.3554
07/28/2023,$42.4586,20668540,$43.05,$43.3504,$42.2239
07/27/2023,$42.5713,31586080,$41.7874,$43.5945,$41.717
07/26/2023,$40.2808,17652390,$40.6375,$40.722,$40.0179
07/25/2023,$40.6469,14184290,$40.4967,$40.8581,$40.4967
07/24/2023,$40.6375,15344950,$40.4685,$40.8346,$40.3793
07/21/2023,$40.262,52588600,$40.5906,$40.8346,$40.2245
07/20/2023,$40.5624,18006850,$40.2714,$40.7595,$40.1587
07/19/2023,$40.093,18645580,$39.6424,$40.2057,$39.6237
07/18/2023,$39.8396,18721420,$39.4172,$40.1681,$39.3984
07/17/2023,$39.511,17410370,$39.2857,$39.6753,$38.9666
07/14/2023,$39.4359,12903170,$39.3608,$39.678,$39.2388
07/13/2023,$39.9522,17147560,$40.0649,$40.1212,$39.6331
07/12/2023,$39.7457,17840090,$39.6424,$39.9335,$39.5767
07/11/2023,$39.4359,15652610,$39.4078,$39.6894,$39.0745
07/10/2023,$39.2857,19625730,$39.1825,$39.7645,$39.1778
07/07/2023,$38.8915,14348180,$38.6005,$39.3139,$38.4409
07/06/2023,$38.6849,12382110,$38.5817,$38.8915,$38.3658
07/05/2023,$38.9384,12976980,$39.0417,$39.1966,$38.5911
07/03/2023,$39.2012,8377021,$38.469,$39.2529,$38.3846
06/30/2023,$39.0041,16271610,$39.2012,$39.3092,$38.8633
06/29/2023,$38.929,11151950,$38.8445,$39.1731,$38.7694
06/28/2023,$39.1168,16198880,$39.389,$39.4641,$38.7789
06/27/2023,$38.9384,14987800,$37.8964,$39.0417,$37.8964
06/26/2023,$38.0748,18285130,$37.8025,$38.2813,$37.7087
06/23/2023,$37.6336,19057640,$37.8495,$38.0278,$37.4928
06/22/2023,$38.0935,13004020,$38.2062,$38.2531,$37.7368
06/21/2023,$38.1311,13308210,$38.1123,$38.4303,$37.8495
06/20/2023,$38.1499,13865150,$38.7131,$38.7788,$38.1311
06/16/2023,$38.6756,34134250,$39.0886,$39.1074,$38.5817
06/15/2023,$38.929,15685370,$38.3001,$39.0041,$38.2062
06/14/2023,$38.3376,18627480,$38.225,$38.6896,$38.1217
06/13/2023,$38.1874,12571980,$38.4127,$38.6098,$38.1311
06/12/2023,$38.1968,16800820,$37.7274,$38.3001,$37.643
06/09/2023,$37.765,12142220,$37.7838,$37.9997,$37.643
06/08/2023,$37.9903,10763880,$37.8401,$38.0278,$37.5444
06/07/2023,$37.8776,18455950,$37.0797,$37.9903,$37.0234
06/06/2023,$37.0422,14303040,$37.4834,$37.5585,$36.8638
06/05/2023,$37.352,24043210,$36.8732,$37.3942,$36.8169
06/02/2023,$36.7887,24603240,$36.1832,$37.1267,$36.1222
06/01/2023,$36.6479,30453920,$37.1454,$37.1454,$36.31
05/31/2023,$36.9389,53653190,$36.8075,$37.0516,$36.4649
05/30/2023,$36.7606,24313520,$36.723,$37.3191,$36.6761
05/26/2023,$37.0609,35819820,$36.8638,$37.2393,$36.6948
05/25/2023,$36.6948,28091310,$37.0563,$37.4177,$36.6057
05/24/2023,$37.5303,20956770,$38.0278,$38.0935,$37.4364
05/23/2023,$37.9058,19594740,$38.6849,$38.9572,$37.8964
05/22/2023,$38.7131,13572460,$38.9478,$39.1074,$38.6427
05/19/2023,$38.6568,17728520,$38.9666,$39.037,$38.469
05/18/2023,$38.7788,18785370,$37.3895,$38.8258,$37.3801
05/17/2023,$37.8213,13146980,$37.4177,$37.9903,$37.2909
05/16/2023,$37.305,12333080,$37.6336,$37.7181,$37.1126
05/15/2023,$37.7368,13489800,$37.9058,$38.0231,$37.6148
05/12/2023,$37.7462,17166810,$37.9715,$38.0748,$37.5632
05/11/2023,$37.8964,19003420,$37.352,$38.0372,$37.3426
05/10/2023,$37.4177,19204410,$37.4834,$37.4834,$36.8732
05/09/2023,$37.1924,23318270,$37.934,$38.0184,$37.1454
05/08/2023,$38.1029,16351920,$38.0466,$38.3001,$37.7932
05/05/2023,$37.9527,18935500,$38.0842,$38.1405,$37.4083
05/04/2023,$37.7556,15143000,$38.2719,$38.2813,$37.5586
05/03/2023,$38.3846,19592950,$38.8258,$38.9806,$38.3095
05/02/2023,$38.6756,20977810,$38.9853,$39.0886,$38.0325
05/01/2023,$39.0886,17235460,$39.4265,$39.4265,$38.9853
04/28/2023,$38.8351,24806840,$37.5866,$38.8821,$37.5397
04/27/2023,$37.8025,31581370,$35.39,$37.948,$35.2961
04/26/2023,$34.2823,19547810,$34.4325,$34.686,$34.1556
04/25/2023,$34.639,18185350,$34.7047,$34.8538,$34.4982
04/24/2023,$34.93,13364760,$35.3618,$35.4182,$34.8033
04/21/2023,$35.4276,13679360,$35.4839,$35.5334,$35.2023
04/20/2023,$35.4182,14347720,$35.7092,$35.8312,$35.2727
04/19/2023,$35.9063,13400990,$35.6998,$36.0753,$35.6529
04/18/2023,$35.9251,17250170,$36.4695,$36.6667,$35.6256
04/17/2023,$35.7561,14930520,$35.6622,$35.8969,$35.6153
04/14/2023,$35.6341,19679100,$35.6575,$35.8641,$35.1366
04/13/2023,$35.7186,15539380,$35.5684,$35.9532,$35.4276
04/12/2023,$35.3337,16207540,$36.3287,$36.3663,$35.2398
04/11/2023,$36.0283,14214860,$35.9814,$36.3194,$35.9345
04/10/2023,$35.8875,12432580,$35.2304,$35.9345,$35.1272
04/06/2023,$35.3806,20359120,$35.7092,$35.7423,$35.2492
04/05/2023,$35.5965,16510590,$35.3243,$35.7655,$35.2351
04/04/2023,$35.4557,20121030,$35.6247,$35.7069,$35.1647
04/03/2023,$35.681,19698330,$35.6716,$36.0002,$35.5027
03/31/2023,$35.5871,15858430,$34.9957,$35.6247,$34.9253
03/30/2023,$34.8737,14922310,$35.099,$35.1084,$34.7047
03/29/2023,$34.686,14579800,$34.5733,$34.7282,$34.4748
03/28/2023,$34.2166,11818080,$34.1791,$34.5358,$34.1227
03/27/2023,$34.1697,16333790,$33.9631,$34.3715,$33.9538
03/24/2023,$33.7191,20371180,$33.5126,$33.9162,$33.1183
03/23/2023,$33.766,20322970,$33.8974,$34.2448,$33.4515
03/22/2023,$33.9819,16159230,$34.8268,$34.977,$33.9538
03/21/2023,$34.7235,17058190,$34.517,$34.8127,$34.4184
03/20/2023,$34.1978,16516470,$33.9725,$34.3011,$33.9444
03/17/2023,$33.8223,51723730,$33.6721,$33.9913,$33.4468
03/16/2023,$34.0195,22245190,$33.2403,$34.0805,$33.2403
03/15/2023,$33.6909,22670160,$32.8836,$33.7825,$32.5081
03/14/2023,$33.1183,27424270,$33.7754,$33.8036,$32.7897
03/13/2023,$33.3342,22182130,$33.1371,$33.7472,$32.7991
03/10/2023,$33.1465,20414480,$33.0807,$33.3999,$32.8461
03/09/2023,$33.2967,14273830,$33.7942,$33.9162,$33.1605
03/08/2023,$33.7003,17450060,$34.2166,$34.2354,$33.4281
03/07/2023,$33.9725,20070090,$34.7986,$34.93,$33.7332
03/06/2023,$34.808,12422130,$35.3149,$35.3196,$34.747
03/03/2023,$34.9488,16776910,$34.9582,$35.099,$34.7329
03/02/2023,$34.686,13626890,$34.1697,$34.7564,$34.1556
03/01/2023,$34.3856,17280420,$34.6203,$34.808,$34.1133
02/28/2023,$34.8925,24474370,$34.747,$35.1084,$34.5639
02/27/2023,$35.0615,17514600,$34.9676,$35.268,$34.8455
02/24/2023,$34.7329,18159210,$34.7423,$35.0145,$34.6296
02/23/2023,$35.3806,17699180,$35.7045,$35.8031,$35.1412
02/22/2023,$35.681,16612070,$35.39,$35.9157,$35.2774
02/21/2023,$35.5214,18765140,$36.1128,$36.3287,$35.4745
02/17/2023,$36.723,13992880,$37.2769,$37.3613,$36.5775
02/16/2023,$37.2862,23909520,$36.4695,$37.5397,$36.4226
02/15/2023,$37.0046,16747860,$36.7981,$37.0985,$36.3475
02/14/2023,$36.6667,18006830,$36.5165,$36.8638,$36.1692
02/13/2023,$36.6948,18378870,$35.8312,$36.8497,$35.8312
02/10/2023,$36.0096,16100140,$35.5778,$36.0283,$35.559
02/09/2023,$35.5778,20396130,$36.9107,$37.0093,$35.5496
02/08/2023,$36.3851,19689210,$36.8263,$36.9858,$36.1692
02/07/2023,$37.2393,17929030,$36.9201,$37.4458,$36.6244
02/06/2023,$37.0891,14255630,$37.1267,$37.352,$36.8544
02/03/2023,$37.5209,20404520,$38.3095,$38.3564,$37.3613
02/02/2023,$38.5911,21445690,$37.4083,$38.6286,$37.2956
02/01/2023,$37.5209,17815060,$36.6995,$37.826,$36.31
01/31/2023,$36.9389,26005940,$36.845,$37.0036,$36.6855
01/30/2023,$36.8357,19014670,$36.7136,$37.0938,$36.554
01/27/2023,$37.1736,20776740,$37.7181,$37.9152,$37.1079
01/26/2023,$37.934,22311120,$36.6573,$38.2437,$36.6227
01/25/2023,$37.643,24544370,$37.8401,$37.8401,$37.1314
01/24/2023,$37.3144,24189340,$37.7274,$37.9621,$37.222
01/23/2023,$37.7932,30350500,$36.845,$37.9387,$36.845
01/20/2023,$36.9577,22598070,$35.8969,$37.0328,$35.6435
01/19/2023,$35.8031,16010330,$35.8969,$36.0172,$35.4557
01/18/2023,$35.9345,18201810,$36.4836,$36.7418,$35.8312
01/17/2023,$36.554,18354260,$36.601,$36.6479,$36.08
01/13/2023,$36.5446,14155750,$36.3287,$36.662,$36.1128
01/12/2023,$36.3194,20376680,$35.5402,$36.3569,$35.3994
01/11/2023,$35.6247,13346970,$35.728,$35.7655,$35.1366
01/10/2023,$35.559,15756990,$35.1103,$35.6059,$35.0521
01/09/2023,$35.2492,22849910,$35.6622,$35.6716,$35.1272
01/06/2023,$35.5684,18780130,$35.2586,$35.6716,$34.8925
01/05/2023,$34.7141,26969620,$34.639,$34.869,$33.9913
01/04/2023,$34.348,24067660,$34.0289,$34.7047,$33.8223
01/03/2023,$33.3905,23175280,$32.7991,$33.4093,$32.6114
12/30/2022,$32.8273,15386100,$32.6771,$32.832,$32.4142
12/29/2022,$32.9024,12578250,$32.6771,$33.184,$32.5738
12/28/2022,$32.4987,14350120,$32.9493,$33.0901,$32.4917
12/27/2022,$32.8554,15313600,$32.9587,$33.1183,$32.5128
12/23/2022,$32.9869,12383910,$32.6489,$33.0385,$32.6114
12/22/2022,$32.6865,30953330,$32.6302,$32.9587,$32.2969
12/21/2022,$32.9305,23001280,$32.602,$33.2309,$32.5504
12/20/2022,$32.3016,31933110,$31.8979,$32.4377,$31.7102
12/19/2022,$31.8979,23725030,$32.4518,$32.6114,$31.851
12/16/2022,$32.3767,68862190,$32.2265,$32.6348,$31.9684
12/15/2022,$32.4893,27713380,$32.771,$33.0197,$32.3392
12/14/2022,$33.184,33913390,$32.7334,$33.9913,$32.602
12/13/2022,$34.4607,28358320,$35.1647,$35.559,$34.2542
12/12/2022,$34.2823,29169070,$33.3624,$34.3293,$33.2779
12/09/2022,$33.1558,18016970,$32.8367,$33.5736,$32.6677
12/08/2022,$32.8273,17995740,$32.48,$32.9869,$32.2734
12/07/2022,$32.4987,22693970,$32.5738,$32.6912,$32.1608
12/06/2022,$32.6395,22960630,$33.1371,$33.1465,$32.3767
12/05/2022,$32.9963,32751250,$33.2028,$33.8317,$32.9728
12/02/2022,$33.6628,25809060,$33.4281,$33.874,$33.2967
12/01/2022,$34.057,21179590,$34.1509,$34.808,$33.9819
11/30/2022,$34.395,36195750,$33.2873,$34.4513,$33.015
11/29/2022,$33.306,16528780,$33.2967,$33.4938,$32.9587
11/28/2022,$33.4093,19257520,$33.1934,$33.4703,$33.0901
11/25/2022,$33.4656,10810900,$33.4468,$33.7754,$33.3154
11/23/2022,$33.353,17890500,$32.8836,$33.4938,$32.8085
11/22/2022,$32.9493,25803620,$32.4518,$33.0432,$32.3298
11/21/2022,$32.2453,19783300,$32.494,$32.7522,$31.9449
11/18/2022,$32.3861,21407330,$32.311,$32.771,$32.1796
11/17/2022,$32.1608,26020500,$31.4098,$32.433,$31.1704
11/16/2022,$31.8979,19477860,$32.1045,$32.4049,$31.5882
11/15/2022,$32.1796,26088220,$32.5081,$32.9305,$31.8698
11/14/2022,$32.0388,28778170,$31.8275,$32.5363,$31.7384
11/11/2022,$31.9355,24484900,$31.10,$31.973,$30.8184
11/10/2022,$30.7621,31529150,$30.7245,$30.8841,$30.1895
11/09/2022,$29.4666,20854400,$29.7201,$29.9454,$29.2695
11/08/2022,$29.9454,21878620,$29.7764,$30.3537,$29.5417
11/07/2022,$29.6638,26661870,$29.4103,$29.8985,$29.2179
11/04/2022,$29.1005,28961960,$28.8001,$29.5136,$28.5138
11/03/2022,$28.5185,29178860,$28.5936,$28.7063,$28.1994
11/02/2022,$29.0161,25286310,$29.5605,$30.0393,$28.9597
11/01/2022,$29.6262,23333010,$30.0252,$30.6119,$29.6075
10/31/2022,$29.7952,25866670,$29.9219,$29.9219,$29.3118
10/28/2022,$29.9923,34414030,$29.523,$30.0627,$28.7532
10/27/2022,$30.0111,38960060,$30.9686,$32.1608,$29.9078
10/26/2022,$29.5699,32072500,$30.0393,$30.2082,$29.523
10/25/2022,$29.6262,25312660,$29.2883,$29.6732,$29.1756
10/24/2022,$29.1756,28650450,$28.9503,$29.4526,$28.8471
10/21/2022,$28.6124,30817960,$28.4528,$28.8612,$28.2087
10/20/2022,$28.5936,22997130,$28.6312,$28.9175,$28.4059
10/19/2022,$28.5279,29087890,$28.8471,$29.0583,$28.4059
10/18/2022,$28.8659,29236410,$29.415,$29.6544,$28.603
10/17/2022,$28.9316,29108970,$28.603,$29.063,$28.5362
10/14/2022,$28.2087,27584180,$28.65,$28.9503,$28.1712
10/13/2022,$28.3777,35166080,$26.9152,$28.6406,$26.6505
10/12/2022,$26.9321,29784030,$26.9696,$27.5329,$26.7725
10/11/2022,$26.9227,34744760,$27.1574,$27.3639,$26.8711
10/10/2022,$27.3451,23583340,$27.73,$27.9271,$27.2512
10/07/2022,$27.4765,28850580,$28.0492,$28.143,$27.4061
10/06/2022,$28.2087,32508720,$28.7532,$28.8377,$28.1477
10/05/2022,$28.8565,22332750,$28.6593,$29.0114,$28.2932
10/04/2022,$29.0912,28183430,$28.6218,$29.1944,$28.5373
10/03/2022,$28.7532,34345580,$28.0116,$28.8846,$27.7769
09/30/2022,$27.5329,31419640,$28.772,$28.772,$27.4859
09/29/2022,$28.5655,28466520,$28.9691,$28.9691,$28.1618
09/28/2022,$29.2507,26406740,$28.7908,$29.4666,$28.5373
09/27/2022,$28.4059,34363250,$29.3634,$29.4807,$28.1618
09/26/2022,$28.9973,34148960,$29.7201,$29.8985,$28.6546
09/23/2022,$29.8891,27448490,$30.3866,$30.4241,$29.523
09/22/2022,$30.4805,25182890,$30.6025,$30.9029,$30.3209
09/21/2022,$30.6964,36733680,$31.9355,$32.0012,$30.6776
09/20/2022,$31.7665,26623970,$31.9073,$32.1326,$31.5412
09/19/2022,$32.3485,23407910,$32.2547,$32.6395,$31.9167
09/16/2022,$32.4049,52294500,$32.0012,$32.5832,$31.851
09/15/2022,$31.9167,36999510,$32.3391,$32.4847,$31.6539
09/14/2022,$32.3579,31751160,$31.9449,$32.5785,$31.5882
09/13/2022,$31.4098,35960560,$32.9212,$33.001,$31.3629
09/12/2022,$33.5032,21781040,$33.5313,$33.7003,$33.2028
09/09/2022,$33.2591,28297100,$32.3298,$33.3248,$32.235
09/08/2022,$32.2641,39075710,$32.771,$32.771,$31.6727
09/07/2022,$32.8367,33188760,$32.6395,$32.9305,$32.4706
09/06/2022,$32.6114,29842210,$33.7754,$33.7754,$32.4659
09/02/2022,$33.5689,20091320,$34.6766,$34.7611,$33.4656
09/01/2022,$34.639,22729240,$33.9303,$34.6672,$33.9303
08/31/2022,$33.9725,32478280,$34.0382,$34.2354,$33.8223
08/30/2022,$33.5313,23702580,$34.2823,$34.3199,$33.4281
08/29/2022,$34.0664,23293250,$34.4701,$34.6179,$34.0289
08/26/2022,$34.5452,21742290,$35.4369,$35.742,$34.5264
08/25/2022,$35.2961,21571000,$35.0051,$35.3994,$34.7611
08/24/2022,$34.8362,17668300,$34.93,$35.3525,$34.7986
08/23/2022,$34.9582,16505680,$35.3431,$35.4886,$34.9394
08/22/2022,$35.3149,21400180,$36.263,$36.263,$35.2398
08/19/2022,$36.31,19692230,$36.0377,$36.4132,$35.8031
08/18/2022,$36.2443,29036870,$36.8732,$36.9951,$36.0565
08/17/2022,$36.8544,18447670,$37.5303,$37.6242,$36.6855
08/16/2022,$37.887,17641950,$37.6993,$38.0748,$37.4881
08/15/2022,$38.0842,19005840,$37.167,$38.1405,$36.9858
08/12/2022,$37.5491,16930420,$37.3426,$37.6148,$37.0187
08/11/2022,$36.9858,15063660,$36.7699,$37.3942,$36.7324
08/10/2022,$36.5728,18426640,$36.3944,$36.6761,$36.1973
08/09/2022,$35.8218,17541910,$36.2255,$36.3663,$35.5402
08/08/2022,$36.2255,15702430,$36.3944,$36.9671,$36.1504
08/05/2022,$35.9251,20752240,$35.451,$36.0706,$35.451
08/04/2022,$36.5446,19913340,$36.2161,$36.8169,$36.0096
08/03/2022,$36.1222,27677530,$35.5027,$36.2724,$35.3337
08/02/2022,$35.3712,25562510,$35.2868,$35.7326,$35.1459
08/01/2022,$35.2117,26577060,$34.7564,$35.3149,$34.5076
07/29/2022,$35.221,54134710,$36.6948,$36.7136,$34.3309
07/28/2022,$36.9952,46629880,$37.166,$37.8495,$36.5917
07/27/2022,$40.7126,27414610,$39.8959,$41.0365,$39.8302
07/26/2022,$40.1024,25380480,$39.6237,$40.2151,$39.6237
07/25/2022,$39.8677,16843030,$40.262,$40.262,$39.5673
07/22/2022,$39.9898,24098570,$39.8114,$40.2808,$39.6331
07/21/2022,$39.68,19527130,$39.0323,$39.7786,$38.6192
07/20/2022,$39.2576,16799260,$38.8821,$39.4078,$38.4362
07/19/2022,$38.7788,15112560,$38.5629,$38.8633,$38.3658
07/18/2022,$38.056,16609950,$38.3939,$38.6568,$37.9621
07/15/2022,$38.3939,22142730,$37.4928,$38.4221,$37.4458
07/14/2022,$37.1548,16462510,$36.8638,$37.2158,$36.6526
07/13/2022,$37.4364,16994320,$36.9577,$37.6852,$36.5822
07/12/2022,$37.3144,24798770,$36.9201,$37.887,$36.7324
07/11/2022,$36.7699,20956690,$37.3707,$37.4928,$36.6197
07/08/2022,$37.5115,13100390,$37.4646,$37.7462,$37.0797
07/07/2022,$37.4928,19018630,$37.2769,$37.6336,$36.9905
07/06/2022,$37.3895,20011340,$37.5209,$37.6523,$37.183
07/05/2022,$37.3895,19320700,$36.9436,$37.3895,$36.5259
07/01/2022,$37.8213,16176000,$36.9577,$37.9105,$36.8732
06/30/2022,$36.8357,21566330,$36.6197,$37.2299,$36.141
06/29/2022,$36.9201,16980140,$36.8732,$36.9952,$36.3851
06/28/2022,$36.7324,17306010,$37.5772,$38.0842,$36.7042
06/27/2022,$37.3895,18156830,$37.2018,$37.5726,$37.0797
06/24/2022,$37.1454,26686930,$36.5353,$37.2018,$36.5259
06/23/2022,$36.7136,26629380,$36.5446,$36.7981,$36.1128
06/22/2022,$36.5165,26818020,$35.9908,$36.9201,$35.8406
06/21/2022,$36.1222,29168970,$36.601,$36.892,$35.9392
06/17/2022,$36.3381,52141630,$35.5871,$36.432,$35.5871
06/16/2022,$35.5871,36040360,$37.0797,$37.1079,$35.2586
06/15/2022,$37.6711,31516200,$37.8589,$38.4127,$37.2769
06/14/2022,$37.3989,23707000,$37.9809,$38.4456,$37.1924
06/13/2022,$37.7368,32051100,$38.5301,$38.6662,$37.6148
06/10/2022,$39.0792,21302340,$39.2576,$39.4406,$38.9759
06/09/2022,$39.5955,21662300,$40.1306,$40.4169,$39.5767
06/08/2022,$40.2151,17198800,$39.9147,$40.7689,$39.8161
06/07/2022,$40.0179,14485020,$39.3796,$40.093,$39.1684
06/06/2022,$39.6894,20144530,$40.4591,$40.675,$39.4359
06/03/2022,$40.2996,19670720,$40.9942,$41.0928,$40.1822
06/02/2022,$41.1162,16742810,$40.8881,$41.1538,$40.3559
06/01/2022,$41.2383,17980730,$41.8203,$41.8297,$40.8018
05/31/2022,$41.5668,25249580,$41.2195,$41.9236,$40.8159
05/27/2022,$41.4542,18073510,$41.426,$41.9048,$41.2852
05/26/2022,$41.426,24427760,$41.0599,$41.764,$41.0599
05/25/2022,$41.0224,16583370,$40.384,$41.2007,$40.1306
05/24/2022,$40.431,20921310,$40.0836,$40.4544,$39.5016
05/23/2022,$40.2526,20260380,$40.0555,$40.4591,$39.4669
05/20/2022,$39.4359,24325770,$39.787,$40.0649,$38.6521
05/19/2022,$39.4453,17423750,$39.3514,$39.8255,$39.2388
05/18/2022,$39.5486,23558150,$40.093,$40.3136,$39.3608
05/17/2022,$40.2151,18435460,$39.5016,$40.2808,$39.3608
05/16/2022,$39.3045,21015660,$38.9947,$39.575,$38.8258
05/13/2022,$38.9384,29684120,$38.5441,$39.328,$38.5347
05/12/2022,$38.8539,39604320,$37.4439,$38.9196,$37.3379
05/11/2022,$37.3989,31756990,$37.8964,$38.3001,$37.183
05/10/2022,$37.8307,31368300,$37.826,$38.5347,$37.4975
05/09/2022,$37.3238,36675720,$37.5491,$37.9152,$37.1642
05/06/2022,$37.5491,36595570,$37.7838,$37.9433,$37.0516
05/05/2022,$37.9058,30240530,$38.6098,$39.051,$37.5866
05/04/2022,$39.0698,27140720,$37.9997,$39.1355,$37.7274
05/03/2022,$37.8964,24371300,$38.2531,$38.2813,$37.5209
05/02/2022,$37.9715,37611830,$37.6054,$38.1686,$37.1689
04/29/2022,$37.3238,44133770,$38.6849,$39.2576,$37.1831
04/28/2022,$39.1449,49934020,$40.1118,$41.0411,$38.2625
04/27/2022,$41.7264,25547910,$41.8766,$42.3178,$41.3791
04/26/2022,$41.8391,29225020,$42.515,$43.0383,$41.764
04/25/2022,$42.9092,28083250,$42.637,$43.0594,$42.1113
04/22/2022,$42.5994,29978970,$43.9981,$44.1202,$42.5525
04/21/2022,$44.0639,22347270,$44.6271,$45.2373,$43.9606
04/20/2022,$44.4957,22555830,$44.965,$45.1152,$44.4346
04/19/2022,$45.1622,21438520,$43.8855,$45.2654,$43.8761
04/18/2022,$43.9888,14839460,$44.7397,$45.0636,$43.7916
04/14/2022,$44.6646,16540070,$45.0495,$45.2842,$44.5801
04/13/2022,$44.9744,14469950,$44.4393,$45.0964,$44.3267
04/12/2022,$44.3549,13902110,$45.0589,$45.2232,$44.2375
04/11/2022,$44.6928,20255960,$44.7303,$45.4532,$44.6365
04/08/2022,$44.5144,18218860,$44.2328,$44.6646,$43.6884
04/07/2022,$44.261,18831000,$44.6834,$44.8524,$43.7306
04/06/2022,$44.8054,21346480,$44.9463,$45.2889,$44.5238
04/05/2022,$44.9369,15442040,$44.5144,$45.3264,$44.5051
04/04/2022,$45.1622,15150570,$44.7679,$45.3205,$44.7116
04/01/2022,$44.7773,15070240,$44.2657,$44.8712,$43.9747
03/31/2022,$43.9512,21186600,$44.9369,$44.9838,$43.9512
03/30/2022,$44.7679,15452210,$44.6552,$44.9087,$44.5051
03/29/2022,$44.8524,20459370,$45.0401,$45.2466,$44.4816
03/28/2022,$44.6177,18965400,$44.2704,$44.6365,$43.8667
03/25/2022,$44.2422,15014740,$44.1671,$44.4628,$43.9794
03/24/2022,$43.9324,13375400,$44.0075,$44.1389,$43.5851
03/23/2022,$43.6696,16229630,$44.261,$44.4487,$43.6696
03/22/2022,$44.3267,15409600,$44.2516,$44.5895,$44.092
03/21/2022,$43.8104,17884720,$44.0169,$44.2375,$43.3598
03/18/2022,$44.0357,35185350,$43.4725,$44.092,$43.1204
03/17/2022,$43.632,16955610,$43.3927,$43.6508,$42.6605
03/16/2022,$43.3974,20107730,$42.8247,$43.5006,$42.2568
03/15/2022,$42.7496,22824380,$42.7637,$42.9468,$42.346
03/14/2022,$42.2146,17564210,$42.5807,$42.9562,$42.0957
03/11/2022,$42.2615,19584780,$43.1439,$43.4161,$42.1958
03/10/2022,$42.6088,18179460,$42.7966,$43.0172,$42.1911
03/09/2022,$43.2941,20113720,$43.9137,$44.2516,$43.1627
03/08/2022,$43.3035,24592720,$43.5006,$44.3971,$43.2565
03/07/2022,$43.4631,30718650,$44.1202,$44.5051,$43.0876
03/04/2022,$44.3173,21369840,$44.0263,$44.491,$43.5569
03/03/2022,$44.2328,23131580,$43.9981,$44.721,$43.8386
03/02/2022,$43.5382,25978660,$43.8761,$44.214,$43.4161
03/01/2022,$43.5476,21843440,$43.3129,$44.0732,$42.9984
02/28/2022,$43.8949,29824660,$43.6133,$44.2422,$43.2706
02/25/2022,$44.1859,30442010,$43.3598,$44.5473,$43.1768
02/24/2022,$43.1908,29784050,$41.7405,$43.2378,$41.5574
02/23/2022,$42.3648,36279080,$43.9512,$44.1202,$42.055
02/22/2022,$44.0639,21635660,$44.1202,$44.5614,$43.7588
02/18/2022,$43.7822,21220420,$43.9137,$44.261,$43.5851
02/17/2022,$43.9043,20569040,$44.721,$44.7397,$43.8104
02/16/2022,$45.1434,14852100,$44.9838,$45.2983,$44.7303
02/15/2022,$45.1058,21087940,$44.7867,$45.3546,$44.7679
02/14/2022,$44.4957,24481630,$45.1528,$45.425,$44.1859
02/11/2022,$44.7022,26312630,$45.7536,$46.3074,$44.5848
02/10/2022,$45.9225,21583390,$45.9507,$46.5703,$45.7629
02/09/2022,$46.7204,19142930,$46.467,$46.7392,$46.2276
02/08/2022,$46.1948,17964570,$46.0727,$46.5045,$45.8334
02/07/2022,$45.8662,19033980,$46.4201,$46.4952,$45.7254
02/04/2022,$46.3074,23203080,$46.1478,$46.636,$45.7348
02/03/2022,$46.5984,28416370,$47.3447,$47.8563,$46.5515
02/02/2022,$46.927,20280520,$46.88,$47.171,$46.3356
02/01/2022,$46.88,23489830,$46.1384,$46.9457,$45.8944
01/31/2022,$46.927,24470660,$46.2699,$47.0302,$46.0258
01/28/2022,$46.6735,34458030,$44.95,$46.8331,$44.8054
01/27/2022,$45.0683,49168090,$42.6877,$47.0021,$42.6839
01/26/2022,$45.4907,34221330,$46.4858,$47.2649,$44.9369
01/25/2022,$46.6266,32154320,$46.2417,$46.9711,$45.824
01/24/2022,$47.0021,41715120,$47.462,$48.0628,$45.7911
01/21/2022,$46.6829,33155370,$47.2931,$47.8235,$46.6078
01/20/2022,$47.1429,20052340,$47.4151,$48.4524,$47.0772
01/19/2022,$47.2461,17852310,$47.1335,$47.6686,$46.4717
01/18/2022,$47.1053,23364770,$47.9408,$48.2412,$46.9927
01/14/2022,$48.5134,18789920,$48.3163,$48.9077,$48.0065
01/13/2022,$48.1379,17924690,$47.6873,$48.5134,$47.049
01/12/2022,$47.8281,17992620,$48.2787,$48.5228,$47.7061
01/11/2022,$48.0065,18836200,$47.4808,$48.0441,$47.2743
01/10/2022,$47.4245,20216650,$47.2818,$47.80,$46.8096
01/07/2022,$46.9833,17894470,$47.2649,$47.4902,$46.9082
01/06/2022,$47.4151,18288180,$47.34,$47.8563,$47.11
01/05/2022,$47.1429,20727860,$47.4742,$48.0628,$47.0772
01/04/2022,$47.1147,24592790,$47.6029,$47.8939,$46.8613
01/03/2022,$47.631,20706990,$46.9176,$47.8281,$46.6641
12/31/2021,$47.2461,12345380,$47.6779,$48.1473,$47.2086
12/30/2021,$47.4902,11343050,$47.6122,$48.0628,$47.4315
12/29/2021,$47.4902,12045570,$47.5278,$47.6592,$47.2274
12/28/2021,$47.4151,9285440,$47.3776,$47.8939,$47.2274
12/27/2021,$47.3776,16422830,$46.9551,$47.4902,$46.6172
12/23/2021,$46.9645,18420040,$46.345,$47.1382,$46.2886
12/22/2021,$46.0258,26551960,$45.7911,$46.1478,$45.4579
12/21/2021,$45.8662,19756310,$45.6503,$46.2933,$45.4344
12/20/2021,$45.4344,18991160,$45.2936,$45.6972,$45.0401
12/17/2021,$45.7629,41501890,$45.256,$46.2323,$45.0964
12/16/2021,$45.8474,28400870,$45.5752,$46.4858,$45.4532
12/15/2021,$45.2279,23040410,$45.1903,$45.7254,$44.843
12/14/2021,$45.7723,34729590,$43.4556,$45.9976,$43.4537
12/13/2021,$44.7867,30178300,$45.0401,$45.4344,$44.5432
12/10/2021,$45.4813,27865400,$45.3189,$45.5377,$44.8524
12/09/2021,$44.8805,35048220,$45.685,$45.824,$44.674
12/08/2021,$45.9413,36605540,$46.2511,$46.7863,$45.6127
12/07/2021,$46.5421,46086870,$49.0954,$49.9309,$45.7301
12/06/2021,$49.1424,22334400,$49.0016,$50.0482,$48.8701
12/03/2021,$48.6073,22351380,$48.29,$49.0485,$48.26
12/02/2021,$48.3444,26158390,$46.7111,$48.7763,$46.636
12/01/2021,$46.0727,21236960,$48.0018,$48.2506,$46.0446
11/30/2021,$46.9176,31517180,$48.1567,$48.1567,$46.7533
11/29/2021,$48.3726,19104200,$48.4102,$48.5885,$47.7061
11/26/2021,$47.969,12874850,$47.9502,$48.2224,$47.5841
11/24/2021,$48.7012,10122220,$48.7293,$48.9358,$48.3352
11/23/2021,$48.8514,19514150,$48.5979,$49.3019,$48.3538
11/22/2021,$48.3538,17994890,$48.5763,$49.3113,$48.0065
11/19/2021,$48.7293,18226230,$49.5085,$49.5507,$48.4477
11/18/2021,$49.546,15052800,$49.8933,$50.3252,$49.4521
11/17/2021,$50.4378,14720120,$49.883,$50.4941,$49.6774
11/16/2021,$49.8652,12853600,$50.1844,$50.4331,$49.8089
11/15/2021,$50.1093,9970298,$50.175,$50.4378,$49.9778
11/12/2021,$50.2219,12100360,$50.588,$50.6819,$49.898
11/11/2021,$50.3721,10846410,$50.7664,$50.8696,$50.1656
11/10/2021,$50.8508,15905270,$50.4847,$51.2451,$50.48
11/09/2021,$50.4566,13501910,$50.0924,$50.7007,$49.9966
11/08/2021,$50.2125,13428410,$50.5317,$50.7288,$49.9591
11/05/2021,$50.5974,17624840,$50.0905,$50.9963,$50.0435
11/04/2021,$49.4991,16582100,$49.5554,$49.9872,$48.9358
11/03/2021,$49.7056,16311950,$49.2644,$49.837,$49.0579
11/02/2021,$49.4146,15469780,$49.2456,$49.7056,$48.6965
11/01/2021,$49.0579,19052170,$48.3257,$49.4615,$48.2834
10/29/2021,$48.2787,26924310,$48.382,$49.3395,$47.983
10/28/2021,$48.7199,21159380,$47.3072,$49.5085,$46.7486
10/27/2021,$49.2268,22840260,$50.4754,$50.5598,$48.9358
10/26/2021,$50.466,13446370,$50.8133,$51.0292,$50.2548
10/25/2021,$50.7664,13471070,$50.8133,$50.9541,$50.3627
10/22/2021,$50.8978,14906950,$50.7382,$51.0198,$50.2219
10/21/2021,$50.7194,13686700,$51.3859,$51.3859,$50.4847
10/20/2021,$51.3578,12658800,$51.1747,$51.5173,$50.6068
10/19/2021,$50.9166,15335130,$50.419,$50.9259,$50.2125
10/18/2021,$49.9591,20106100,$50.3252,$50.4472,$49.6493
10/15/2021,$50.71,18876550,$50.9259,$51.1982,$50.4003
10/14/2021,$50.6819,20941330,$49.5367,$50.9823,$49.5367
10/13/2021,$49.4615,19950660,$49.9778,$50.0342,$48.9124
10/12/2021,$49.1236,27671430,$49.1611,$49.4052,$48.3491
10/11/2021,$49.0203,31934920,$50.6293,$50.7851,$48.9734
10/08/2021,$51.3484,24009740,$53.4887,$53.4887,$51.2263
10/07/2021,$53.8829,13838680,$53.9017,$54.4085,$53.7703
10/06/2021,$53.4136,22845250,$52.6532,$53.4793,$52.4842
10/05/2021,$53.3103,15620500,$52.8785,$53.7985,$52.8222
10/04/2021,$53.3009,14261480,$53.6952,$53.6952,$53.0569
10/01/2021,$53.7046,15489470,$52.9348,$53.9533,$52.6391
09/30/2021,$52.503,19457310,$52.5781,$53.4323,$52.4936
09/29/2021,$52.503,16926760,$51.5831,$52.7471,$51.3578
09/28/2021,$51.3953,21386660,$52.1463,$52.4091,$51.2545
09/27/2021,$52.8409,10188410,$52.4279,$52.8785,$52.334
09/24/2021,$52.794,11417830,$52.4936,$53.0193,$52.334
09/23/2021,$52.7283,15254870,$52.6344,$53.4042,$52.4467
09/22/2021,$52.5875,17508110,$53.3854,$53.5591,$52.4795
09/21/2021,$52.625,13698230,$53.4793,$53.7891,$52.3293
09/20/2021,$53.0287,19287190,$53.4042,$53.4981,$52.4373
09/17/2021,$53.6107,23758580,$53.4417,$54.1176,$53.3244
09/16/2021,$53.7703,18591050,$53.7421,$54.1926,$52.9442
09/15/2021,$53.5074,37041400,$52.0994,$54.1458,$52.0994
09/14/2021,$52.1838,54749300,$56.6503,$57.1169,$52.0008
09/13/2021,$56.2955,14018120,$56.3049,$56.8775,$55.8777
09/10/2021,$55.6665,10211540,$55.7979,$56.1781,$55.4412
09/09/2021,$55.9106,10390470,$56.671,$56.671,$55.7886
09/08/2021,$56.455,16750380,$56.4738,$56.8071,$56.3612
09/07/2021,$56.6052,15979330,$57.666,$57.7946,$56.5114
09/03/2021,$57.9382,8081434,$57.6416,$58.0133,$57.5721
09/02/2021,$57.9664,10224540,$57.6097,$58.0133,$57.5252
09/01/2021,$57.3938,15040270,$57.2717,$57.7505,$56.8493
08/31/2021,$56.962,16718700,$55.8261,$57.0324,$55.7698
08/30/2021,$56.0514,11995130,$55.6008,$56.0843,$55.4788
08/27/2021,$55.7604,13129660,$55.4882,$55.8636,$55.3427
08/26/2021,$55.3849,8118817,$55.9387,$56.042,$55.3567
08/25/2021,$55.8355,7757139,$55.8636,$56.1547,$55.582
08/24/2021,$55.8824,9613574,$56.1922,$56.3659,$55.7604
08/23/2021,$56.1359,12419830,$55.4882,$56.4363,$55.3849
08/20/2021,$55.7698,11538240,$55.2507,$56.0326,$55.1033
08/19/2021,$55.3473,10460100,$55.4131,$55.582,$54.9296
08/18/2021,$55.4131,12514250,$55.8261,$56.0232,$55.3661
08/17/2021,$55.8261,12911590,$55.4975,$55.8543,$55.2065
08/16/2021,$55.6196,12221330,$55.5163,$55.9294,$55.2535
08/13/2021,$55.6853,7542764,$55.7322,$55.8543,$55.3774
08/12/2021,$55.4131,9315096,$55.4318,$55.5163,$55.00
08/11/2021,$55.4694,8849849,$55.3004,$55.5257,$54.8874
08/10/2021,$54.8686,8229364,$54.6527,$54.878,$54.4884
08/09/2021,$54.709,12119250,$55.0657,$55.0935,$54.4743
08/06/2021,$55.0939,10589170,$54.6339,$55.3567,$54.5752
08/05/2021,$54.7653,8723538,$54.7278,$55.0376,$54.4649
08/04/2021,$54.418,9507626,$54.4556,$54.8498,$53.9627
08/03/2021,$54.6621,11207790,$55.1033,$55.1502,$53.7327
08/02/2021,$54.8874,11634280,$55.3473,$55.6384,$54.4556
07/30/2021,$55.2253,22478500,$54.5119,$55.5961,$54.3593
07/29/2021,$54.5494,19769580,$55.5726,$56.042,$54.5025
07/28/2021,$54.4274,13239550,$54.6809,$54.9531,$53.8642
07/27/2021,$54.9719,11625280,$55.0751,$55.46,$54.709
07/26/2021,$55.1033,11595420,$54.6433,$55.169,$54.4462
07/23/2021,$54.7841,8550834,$54.3711,$55.00,$54.2397
07/22/2021,$54.249,13377480,$54.2866,$54.418,$53.4042
07/21/2021,$54.2678,13990320,$53.4417,$54.5494,$53.2822
07/20/2021,$53.5825,17575340,$53.254,$53.9205,$53.0569
07/19/2021,$53.1601,18287470,$53.958,$54.0378,$52.8691
07/16/2021,$54.0237,12409880,$54.3673,$54.7747,$53.9768
07/15/2021,$54.3992,12757310,$54.1082,$54.5635,$53.9674
07/14/2021,$54.2303,9776945,$54.5682,$54.6151,$54.0801
07/13/2021,$54.2772,11367220,$54.6902,$54.8686,$54.1646
07/12/2021,$54.6902,11576310,$54.6855,$54.7935,$53.9956
07/09/2021,$54.4743,14741420,$54.6527,$55.1127,$54.4556
07/08/2021,$54.6621,21483600,$54.2584,$54.7935,$53.8923
07/07/2021,$54.6058,12868990,$54.4274,$54.7278,$54.188
07/06/2021,$54.127,12866560,$54.4368,$54.6996,$53.4417
07/02/2021,$54.8404,10668610,$54.4462,$54.9437,$54.2866
07/01/2021,$54.2115,10034080,$53.5732,$54.4368,$53.5262
06/30/2021,$53.5262,12985110,$53.0662,$53.6389,$52.9254
06/29/2021,$53.0756,12496370,$52.7283,$53.5356,$52.7283
06/28/2021,$52.6626,13483950,$53.1601,$53.2164,$52.3997
06/25/2021,$52.963,17280780,$52.5312,$53.132,$52.4748
06/24/2021,$52.625,20521530,$52.2871,$52.855,$52.1932
06/23/2021,$52.0806,34001670,$53.9486,$54.2584,$51.5455
06/22/2021,$54.0988,14324530,$53.9393,$54.2631,$53.775
06/21/2021,$53.7703,12966120,$53.4887,$53.8829,$53.376
06/18/2021,$53.2352,26722740,$53.7421,$53.958,$52.9818
06/17/2021,$53.9956,15549380,$53.4887,$54.3241,$53.2728
06/16/2021,$53.6201,14959970,$54.1364,$54.54,$53.3572
06/15/2021,$53.8078,12092850,$53.7562,$54.2303,$53.7093
06/14/2021,$53.7703,12473860,$53.3009,$53.7797,$52.8081
06/11/2021,$53.3948,9737929,$53.0869,$53.4042,$52.963
06/10/2021,$53.132,12373350,$53.0005,$53.545,$52.8973
06/09/2021,$52.8128,9220893,$53.3103,$53.4277,$52.7752
06/08/2021,$52.9724,14745600,$53.3103,$53.4464,$52.6908
06/07/2021,$53.4323,11099400,$53.254,$53.728,$53.1601
06/04/2021,$53.5074,11314940,$53.1883,$53.7046,$52.9724
06/03/2021,$52.9348,10671400,$53.0522,$53.1601,$52.4232
06/02/2021,$53.2164,13816520,$53.5356,$53.5356,$52.7846
06/01/2021,$53.4605,12070210,$54.3617,$54.3711,$53.3572
05/28/2021,$53.8266,13018030,$54.1458,$54.3148,$53.7093
05/27/2021,$53.8266,25521080,$53.5168,$53.944,$53.3103
05/26/2021,$53.3666,23719230,$52.4814,$54.005,$52.1979
05/25/2021,$52.2871,11994100,$52.7846,$52.7846,$52.0994
05/24/2021,$52.2496,13206420,$51.9769,$52.3481,$51.5056
05/21/2021,$51.7051,16449300,$51.9398,$52.09,$51.5549
05/20/2021,$51.6675,15317200,$50.8067,$51.9398,$50.7757
05/19/2021,$50.9166,18582540,$51.2639,$51.2827,$50.3815
05/18/2021,$51.5831,34702140,$52.1932,$52.5218,$51.3296
05/17/2021,$52.0571,31529890,$54.5682,$54.6996,$51.7333
05/14/2021,$55.0845,15864440,$54.3054,$55.2723,$53.8642
05/13/2021,$53.8735,15645050,$52.9348,$54.4978,$52.9348
05/12/2021,$53.1507,19274390,$53.423,$53.6342,$53.0944
05/11/2021,$53.9768,15397610,$53.9956,$54.2397,$53.4605
05/10/2021,$53.9862,19221410,$54.7663,$55.4882,$53.9627
05/07/2021,$54.5494,17847370,$53.7515,$54.8357,$53.2258
05/06/2021,$53.4887,13075810,$53.1977,$53.6013,$52.9911
05/05/2021,$52.9536,17858880,$53.5168,$53.5356,$52.8128
05/04/2021,$53.1601,25314140,$52.9067,$53.3666,$52.7377
05/03/2021,$53.1038,14498920,$52.9818,$53.4793,$52.7283
04/30/2021,$52.7095,21907360,$52.9254,$52.9254,$51.3765
04/29/2021,$52.9442,21710410,$52.5499,$53.0287,$51.8928
04/28/2021,$50.7851,12561810,$50.8321,$51.2357,$50.6443
04/27/2021,$50.9729,12420070,$51.1231,$51.4141,$50.8978
04/26/2021,$50.9917,12802340,$51.0452,$51.2357,$50.7007
04/23/2021,$51.0574,12252790,$50.9738,$51.3578,$50.6631
04/22/2021,$51.0668,15017570,$50.9823,$51.3859,$50.8227
04/21/2021,$51.3061,16122510,$50.7007,$51.4094,$50.4754
04/20/2021,$50.8415,14351270,$50.5129,$50.9447,$50.3674
04/19/2021,$50.8227,17005200,$51.5455,$51.6394,$50.6068
04/16/2021,$51.7333,19244100,$51.63,$52.0994,$51.2451
04/15/2021,$50.8227,18330640,$50.419,$51.1606,$50.2313
04/14/2021,$50.0342,13334900,$50.2407,$50.5786,$49.8933
04/13/2021,$50.5739,15783230,$50.2078,$50.6819,$49.9966
04/12/2021,$50.0529,14826270,$50.1844,$50.4096,$49.8652
04/09/2021,$50.2876,18205890,$50.5035,$50.5786,$49.2409
04/08/2021,$51.001,10780330,$51.2357,$51.2827,$50.7851
04/07/2021,$51.2545,17331780,$51.7192,$51.7426,$50.9166
04/06/2021,$51.4798,15552040,$51.048,$51.6735,$50.8227
04/05/2021,$51.4422,14837880,$51.2357,$51.7379,$51.1137
04/01/2021,$51.3953,16665210,$51.2733,$51.7051,$50.9072
03/31/2021,$50.7945,21976270,$51.4235,$51.508,$50.6631
03/30/2021,$51.6112,12201650,$51.9867,$52.1181,$51.217
03/29/2021,$51.8083,20468170,$51.661,$52.2073,$50.8508
03/26/2021,$51.799,24127340,$52.7565,$53.0944,$50.5551
03/25/2021,$52.8503,17462730,$52.733,$53.0334,$52.0336
03/24/2021,$52.4936,15751190,$52.6157,$53.0428,$52.4373
03/23/2021,$52.7001,14716760,$53.0005,$53.2446,$52.5687
03/22/2021,$52.916,18293020,$52.2871,$53.0569,$51.8647
03/19/2021,$52.0618,33957140,$52.1181,$52.6063,$51.8834
03/18/2021,$52.4467,18938190,$53.2071,$53.6201,$52.381
03/17/2021,$53.9768,19237250,$53.8829,$54.3335,$53.0944
03/16/2021,$54.4837,15151680,$54.066,$54.9953,$53.8548
03/15/2021,$54.005,14733530,$53.7215,$54.0613,$53.0615
03/12/2021,$53.5919,18368440,$53.3676,$53.8735,$52.7659
03/11/2021,$53.4042,17490360,$53.146,$54.1646,$53.1413
03/10/2021,$53.7046,23595800,$52.6626,$54.1505,$52.3528
03/09/2021,$52.1651,25293230,$52.0712,$52.6767,$51.7333
03/08/2021,$52.0759,25302360,$51.461,$52.4058,$51.3155
03/05/2021,$51.7145,22052730,$51.339,$51.8788,$50.6209
03/04/2021,$50.6256,28186970,$50.5223,$51.8647,$50.3158
03/03/2021,$50.4378,22761490,$50.6199,$51.4376,$50.3533
03/02/2021,$50.9259,14983100,$50.9823,$51.4235,$50.757
03/01/2021,$51.1137,17369090,$49.9591,$51.3578,$49.6399
02/26/2021,$49.4897,22782610,$49.0673,$50.1797,$48.7105
02/25/2021,$49.0391,22603720,$49.837,$50.1374,$48.7669
02/24/2021,$50.128,19295790,$49.3489,$50.2501,$49.3489
02/23/2021,$50.0717,18275990,$49.5648,$50.1468,$48.8889
02/22/2021,$49.2832,13478630,$48.7856,$49.6211,$48.6308
02/19/2021,$48.9077,15143790,$49.1987,$49.377,$48.5979
02/18/2021,$49.3395,14533460,$49.4521,$49.6305,$49.0579
02/17/2021,$49.7431,10978660,$49.4991,$49.9872,$49.1987
02/16/2021,$49.6023,10818040,$49.7525,$49.9637,$49.316
02/12/2021,$49.9684,10113250,$50.0529,$50.3158,$49.7009
02/11/2021,$49.9684,11176430,$49.6765,$50.0435,$49.2926
02/10/2021,$49.5179,16432660,$49.7901,$49.8089,$48.8514
02/09/2021,$49.4897,15090000,$48.8138,$49.7431,$48.2083
02/08/2021,$48.673,14767120,$47.9314,$48.8889,$47.8939
02/05/2021,$47.9783,14203010,$48.6852,$48.8795,$47.8141
02/04/2021,$48.2975,18708140,$47.2461,$48.3444,$47.1523
02/03/2021,$47.3776,17253280,$48.1098,$48.3726,$47.3306
02/02/2021,$48.0441,17361410,$47.2649,$48.321,$47.0021
02/01/2021,$47.0772,16865740,$46.8049,$47.2743,$46.0915
01/29/2021,$46.5327,27480200,$47.2274,$48.0628,$46.4576
01/28/2021,$48.4383,29163090,$46.9364,$49.086,$46.7298
01/27/2021,$45.4532,24669990,$46.4388,$47.1523,$45.3593
01/26/2021,$47.0208,23562180,$46.1394,$47.1288,$45.885
01/25/2021,$45.9695,16328450,$45.5283,$46.1197,$45.3593
01/22/2021,$45.6972,13960660,$45.8474,$45.9366,$45.3056
01/21/2021,$46.1197,22605170,$45.5283,$46.2511,$45.2842
01/20/2021,$45.885,15814230,$45.9882,$46.1572,$45.6785
01/19/2021,$45.8521,18946300,$45.6878,$46.0821,$45.3499
01/15/2021,$45.7066,25973350,$46.1948,$46.2417,$45.1997
01/14/2021,$46.5421,18806050,$47.0866,$47.1898,$46.406
01/13/2021,$47.0866,16226970,$46.5796,$47.2884,$46.4867
01/12/2021,$46.9457,20999460,$48.1473,$48.3867,$46.5703
01/11/2021,$48.3632,18795690,$48.565,$48.5697,$47.6197
01/08/2021,$48.382,22140410,$47.2734,$48.4946,$47.2274
01/07/2021,$47.5559,20230810,$47.1241,$47.8563,$47.0302
01/06/2021,$47.462,22552570,$46.1103,$47.6592,$46.0915
01/05/2021,$46.9176,17854650,$47.0866,$47.2133,$46.1807
01/04/2021,$47.4151,22302130,$49.0767,$49.1893,$46.5749
12/31/2020,$49.1893,11651210,$48.213,$49.2644,$48.1004
12/30/2020,$48.0722,9953969,$48.5228,$48.7434,$48.0534
12/29/2020,$48.3914,11245220,$48.0253,$48.5582,$47.9126
12/28/2020,$47.9783,13510790,$47.6686,$48.213,$47.4339
12/24/2020,$47.2931,3875302,$47.1241,$47.3494,$47.0161
12/23/2020,$46.9692,12934230,$47.0772,$47.1898,$46.6078
12/22/2020,$46.9551,13739850,$46.9364,$47.2274,$46.7486
12/21/2020,$47.2837,19672370,$47.4245,$47.5465,$46.4482
12/18/2020,$47.7812,31640430,$48.4008,$48.4383,$47.3118
12/17/2020,$48.213,13464900,$48.382,$48.7012,$47.9502
12/16/2020,$48.2787,13129800,$48.5134,$48.8795,$47.8845
12/15/2020,$48.3538,18870060,$48.2318,$48.903,$48.1567
12/14/2020,$47.8657,14005770,$47.7371,$48.1285,$47.6404
12/11/2020,$47.8094,19640250,$47.4686,$47.9736,$47.0584
12/10/2020,$47.3869,17304090,$48.1379,$48.1379,$47.171
12/09/2020,$48.1192,17327430,$48.4571,$49.1471,$48.0159
12/08/2020,$48.26,13352420,$48.1567,$48.6261,$48.0722
12/07/2020,$48.7481,12195890,$48.4195,$48.8326,$48.1004
12/04/2020,$48.5228,12258100,$48.5791,$48.7293,$48.3351
12/03/2020,$48.4289,14677170,$47.6592,$48.551,$47.5747
12/02/2020,$47.922,14437950,$47.8094,$48.1896,$47.6967
12/01/2020,$47.8939,14369950,$47.6404,$48.1285,$47.0396
11/30/2020,$47.1616,34359790,$47.9971,$48.3257,$46.7862
11/27/2020,$48.5791,6243660,$48.1661,$49.0109,$48.1661
11/25/2020,$48.6261,19322120,$48.9734,$48.9969,$47.6666
11/24/2020,$49.133,31754010,$46.9364,$49.2738,$46.8613
11/23/2020,$46.758,14677520,$46.0821,$46.9176,$45.8005
11/20/2020,$46.1572,19830090,$46.2605,$46.636,$46.0915
11/19/2020,$46.4482,13484470,$46.1957,$46.6876,$45.9976
11/18/2020,$46.129,18279220,$46.5609,$47.2931,$46.0352
11/17/2020,$46.7298,19426020,$46.176,$46.927,$45.9789
11/16/2020,$46.5045,19426600,$46.3731,$46.7017,$46.2323
11/13/2020,$45.9976,17035840,$44.8805,$46.2276,$44.8054
11/12/2020,$45.0401,20021300,$44.7097,$45.1434,$44.3549
11/11/2020,$44.7491,11840200,$44.8524,$45.0307,$44.2328
11/10/2020,$44.843,21103090,$43.3373,$45.0214,$43.1345
11/09/2020,$44.2891,37456780,$44.6834,$45.2748,$43.8573
11/06/2020,$41.8015,14129150,$41.8391,$41.9611,$41.2571
11/05/2020,$41.6325,18897350,$41.8485,$42.0644,$41.5011
11/04/2020,$41.0224,23064110,$41.5574,$41.8766,$40.7408
11/03/2020,$40.0085,20761580,$39.3796,$40.3465,$39.1938
11/02/2020,$38.8633,24480430,$40.1306,$40.2996,$38.455
10/30/2020,$39.6518,22002000,$39.8677,$40.4122,$39.1885
10/29/2020,$40.4216,20354400,$39.5016,$41.013,$39.3233
10/28/2020,$39.4078,20256150,$40.2808,$40.4404,$39.3421
10/27/2020,$40.7783,11134880,$40.9285,$41.1538,$40.7032
10/26/2020,$41.0881,15634590,$41.9705,$42.0737,$40.8816
10/23/2020,$42.299,10529350,$42.6182,$42.759,$41.8672
10/22/2020,$42.346,15957520,$41.7734,$42.4633,$41.6419
10/21/2020,$41.7921,13198950,$41.304,$42.1488,$41.2758
10/20/2020,$41.5574,13137580,$41.8954,$41.9236,$41.426
10/19/2020,$41.6138,17520400,$42.7684,$42.9562,$41.4917
10/16/2020,$42.7684,13361960,$42.4539,$43.0735,$42.1488
10/15/2020,$42.346,12904920,$42.2709,$42.3835,$41.7968
10/14/2020,$42.5056,15326670,$42.9937,$43.1861,$42.2333
10/13/2020,$43.0782,13854740,$43.3035,$43.4725,$42.5994
10/12/2020,$43.1721,19520080,$42.5243,$43.4255,$42.1695
10/09/2020,$42.1019,25103930,$42.5994,$42.8341,$41.9423
10/08/2020,$42.5243,15365990,$42.3272,$42.6088,$42.0831
10/07/2020,$42.2052,17829250,$42.2709,$42.3413,$41.5481
10/06/2020,$41.7827,17911210,$42.5056,$42.7309,$41.6513
10/05/2020,$43.0031,12599400,$42.5243,$43.1157,$42.2615
10/02/2020,$42.3835,18104050,$42.9937,$43.1721,$42.346
10/01/2020,$43.5945,15524360,$43.7128,$43.9043,$43.341
09/30/2020,$43.4255,27897250,$43.6884,$43.8573,$42.9468
09/29/2020,$43.3692,11873970,$43.9794,$43.9981,$43.341
09/28/2020,$43.8949,16208780,$44.0169,$44.1859,$43.4067
09/25/2020,$43.3223,12555980,$42.5713,$43.4912,$42.4492
09/24/2020,$42.8998,14500620,$42.4211,$43.2565,$42.1535
09/23/2020,$42.5807,19671190,$43.3692,$43.5382,$42.4727
09/22/2020,$43.3598,32899320,$42.1864,$43.6273,$42.0925
09/21/2020,$41.9423,32257660,$42.1676,$42.6558,$40.7501
09/18/2020,$42.4868,39626010,$42.6933,$43.0406,$41.5762
09/17/2020,$42.7872,21253660,$43.1251,$43.5851,$42.2615
09/16/2020,$43.9418,26330600,$44.1671,$44.5895,$43.8386
09/15/2020,$43.6133,18415900,$42.3929,$43.8761,$42.2897
09/14/2020,$42.4962,11436100,$42.2615,$42.7027,$41.9705
09/11/2020,$41.9329,18316340,$41.3885,$41.9987,$41.2758
09/10/2020,$41.3228,16023770,$41.9142,$42.2521,$41.1726
09/09/2020,$41.8672,15420890,$41.2946,$42.2333,$41.0318
09/08/2020,$41.1256,20897640,$41.1256,$41.5481,$40.4779
09/04/2020,$41.7076,16201890,$42.1582,$42.2146,$41.2101
09/03/2020,$41.717,18515150,$42.8153,$43.1251,$41.3885
09/02/2020,$42.4023,20421060,$42.2897,$43.1157,$42.2521
09/01/2020,$42.2897,16943170,$41.7123,$42.3272,$41.5293
08/31/2020,$42.0644,24898070,$41.5481,$42.3648,$41.5387
08/28/2020,$41.8297,10975490,$41.8015,$41.8391,$41.2383
08/27/2020,$41.8109,14317600,$41.8297,$42.0503,$41.5293
08/26/2020,$41.4917,14428650,$40.384,$41.6419,$40.2808
08/25/2020,$40.7501,8412956,$41.0834,$41.0975,$40.5342
08/24/2020,$41.1162,15266660,$40.2338,$41.135,$40.2245
08/21/2020,$40.431,12931400,$40.4028,$40.5812,$40.1024
08/20/2020,$40.6187,11318750,$40.5812,$40.7736,$40.2714
08/19/2020,$40.6657,9857898,$40.9848,$41.0778,$40.5155
08/18/2020,$40.8722,8717346,$41.0318,$41.0552,$40.6281
08/17/2020,$40.8628,12333640,$41.182,$41.2571,$40.6469
08/14/2020,$41.0881,15238090,$40.9473,$41.473,$40.553
08/13/2020,$40.7314,12649900,$40.4591,$40.7642,$40.3512
08/12/2020,$40.6844,10407810,$40.3747,$41.0458,$40.3371
08/11/2020,$40.3559,17140910,$40.5999,$41.304,$40.2902
08/10/2020,$40.384,16375210,$39.9522,$40.5671,$39.9522
08/07/2020,$40.1869,10353190,$39.9804,$40.2902,$39.8677
08/06/2020,$40.2432,13772210,$39.4641,$40.262,$39.4453
08/05/2020,$39.6988,16212530,$40.6375,$40.8065,$39.6565
08/04/2020,$40.5624,12101500,$40.0085,$40.5859,$39.9335
08/03/2020,$40.2526,13733930,$40.0743,$40.492,$39.8114
07/31/2020,$40.1775,23913540,$40.8722,$40.9661,$39.389
07/30/2020,$40.9942,17658600,$41.7546,$42.4305,$40.4779
07/29/2020,$41.2101,25499880,$40.675,$41.4073,$40.6093
07/28/2020,$40.5624,17574700,$40.2338,$40.8956,$40.1775
07/27/2020,$40.891,18268640,$40.553,$40.9661,$40.5061
07/24/2020,$40.6938,21926090,$40.7689,$41.2101,$40.0883
07/23/2020,$39.8865,22357240,$40.14,$40.3277,$39.741
07/22/2020,$39.9616,16360480,$39.9166,$40.14,$39.8114
07/21/2020,$39.9616,23364260,$39.558,$40.1494,$39.4829
07/20/2020,$39.3796,12964210,$39.4172,$39.5251,$39.2012
07/17/2020,$39.5955,15912940,$39.8771,$39.8771,$39.3327
07/16/2020,$39.558,14817950,$39.1543,$39.5955,$39.1074
07/15/2020,$39.389,21068970,$38.5911,$39.5016,$38.5347
07/14/2020,$38.6568,21030580,$37.5021,$38.76,$37.3903
07/13/2020,$38.056,17464680,$37.9903,$38.58,$37.7181
07/10/2020,$38.0278,19032770,$36.8263,$38.056,$36.7418
07/09/2020,$36.8826,15335570,$37.2675,$37.2862,$36.6338
07/08/2020,$37.305,12535380,$37.6711,$37.7744,$37.0985
07/07/2020,$37.6148,19404840,$37.5866,$37.8776,$37.5491
07/06/2020,$37.8589,17551380,$37.3613,$37.8964,$37.2205
07/02/2020,$36.845,23373150,$37.5866,$37.811,$36.7652
07/01/2020,$37.2675,18269780,$37.183,$37.7462,$36.9858
06/30/2020,$36.5916,22169570,$36.141,$36.7324,$35.7843
06/29/2020,$36.554,20573850,$36.4883,$36.6385,$36.0377
06/26/2020,$36.2818,50945970,$35.9532,$36.3663,$35.6998
06/25/2020,$36.2067,18159330,$36.0096,$36.3663,$35.4557
06/24/2020,$36.1973,20958850,$37.0609,$37.0609,$35.7937
06/23/2020,$36.7981,24917920,$36.5446,$37.2205,$36.3194
06/22/2020,$36.0847,20800740,$36.4226,$36.6573,$35.9673
06/19/2020,$36.7042,35341310,$37.4083,$37.9809,$36.4883
06/18/2020,$37.0234,17008160,$36.7887,$37.1736,$36.5634
06/17/2020,$36.8169,18935710,$37.3426,$37.4458,$36.7183
06/16/2020,$37.3144,21215420,$38.056,$38.5347,$36.7418
06/15/2020,$37.3895,16585940,$36.8826,$37.6289,$36.1785
06/12/2020,$37.0422,18507270,$37.1642,$37.5209,$36.1551
06/11/2020,$36.845,22805910,$38.4033,$38.7413,$36.7887
06/10/2020,$38.8258,15634590,$39.5204,$39.5392,$38.6098
06/09/2020,$39.5673,14414130,$40.0555,$40.262,$39.3139
06/08/2020,$40.4779,17211970,$39.3608,$40.5342,$39.3347
06/05/2020,$39.511,20271640,$39.5486,$40.4591,$39.4172
06/04/2020,$38.76,12756590,$38.4596,$38.8445,$38.3376
06/03/2020,$38.7694,17141880,$38.6286,$39.0276,$38.4784
06/02/2020,$38.2813,19060090,$37.6711,$38.3235,$37.6617
06/01/2020,$37.7181,13351640,$37.1173,$37.8025,$36.9858
05/29/2020,$37.1736,20301650,$37.136,$37.3801,$36.4226
05/28/2020,$37.1267,18254640,$37.5209,$37.6711,$37.0234
05/27/2020,$37.4834,20654980,$37.2018,$37.9903,$37.1924
05/26/2020,$37.0985,21585000,$37.0328,$37.6711,$36.9812
05/22/2020,$36.3663,12383110,$36.3006,$36.6104,$36.1081
05/21/2020,$36.5634,20744200,$36.4602,$36.784,$36.1973
05/20/2020,$36.7699,23123560,$36.2443,$36.8357,$36.141
05/19/2020,$35.8688,27763210,$35.512,$36.2912,$35.0427
05/18/2020,$35.7561,24829560,$34.6766,$36.0002,$34.5733
05/15/2020,$33.7191,31571620,$33.1465,$33.7754,$32.7146
05/14/2020,$33.5689,24334890,$32.6527,$33.6393,$32.0716
05/13/2020,$32.8273,30898650,$33.015,$33.1371,$32.3157
05/12/2020,$33.184,17133010,$33.8599,$34.0101,$33.1746
05/11/2020,$33.9444,21758150,$34.0382,$34.0758,$33.3624
05/08/2020,$34.2964,12979670,$34.0289,$34.4043,$33.7942
05/07/2020,$33.3999,17466640,$33.3999,$33.6815,$33.2028
05/06/2020,$32.9869,20151890,$34.0007,$34.0336,$32.9493
05/05/2020,$33.8411,18784050,$34.1603,$34.2542,$33.7848
05/04/2020,$33.996,24905970,$34.8737,$34.9206,$33.7191
05/01/2020,$34.7141,19951600,$34.8643,$35.2117,$34.5217
04/30/2020,$35.3243,33212490,$34.2729,$35.7045,$33.8036
04/29/2020,$36.6104,19110210,$36.4414,$36.723,$36.0002
04/28/2020,$35.7467,15958720,$36.263,$36.6714,$35.5871
04/27/2020,$35.8688,21775740,$35.268,$35.9955,$35.1084
04/24/2020,$34.8831,19188060,$33.935,$34.9347,$33.935
04/23/2020,$33.8787,21194190,$33.6346,$34.2823,$33.6064
04/22/2020,$33.5407,20118450,$34.0101,$34.1227,$33.4938
04/21/2020,$33.5219,23004470,$34.4982,$34.5386,$33.353
04/20/2020,$34.93,18443740,$35.3712,$35.8735,$34.8455
04/17/2020,$35.7467,28736620,$36.1879,$36.3381,$35.3712
04/16/2020,$35.512,20973850,$35.2304,$35.6904,$34.4137
04/15/2020,$34.8831,19786330,$35.4651,$35.7186,$34.4982
04/14/2020,$36.1598,21803250,$35.2586,$36.2724,$34.9441
04/13/2020,$34.9113,20237610,$35.1553,$35.5637,$34.3386
04/09/2020,$35.6716,28618350,$35.1929,$35.7139,$34.5452
04/08/2020,$35.3712,26522500,$34.9488,$35.5871,$34.5029
04/07/2020,$34.6766,26379000,$34.686,$35.6388,$34.4748
04/06/2020,$34.0101,31583190,$33.2028,$34.1697,$32.9399
04/03/2020,$31.8698,19312590,$32.0106,$32.5175,$31.3629
04/02/2020,$32.2641,24683920,$30.1331,$32.3532,$30.094
04/01/2020,$30.4335,26097170,$31.1282,$31.6914,$30.0862
03/31/2020,$32.2734,27789380,$32.6959,$33.5923,$32.1514
03/30/2020,$33.3154,31400210,$32.6114,$33.4422,$32.433
03/27/2020,$32.4518,27910410,$33.4093,$33.597,$32.3016
03/26/2020,$34.4888,38332140,$31.1564,$35.0239,$31.0343
03/25/2020,$31.5131,57834080,$31.7102,$32.4424,$29.8327
03/24/2020,$32.5175,46492840,$33.1981,$33.1981,$31.4708
03/23/2020,$32.0763,38600870,$31.1329,$32.5457,$29.7623
03/20/2020,$31.3253,47308980,$33.8787,$33.8787,$30.6354
03/19/2020,$33.7379,36830350,$33.4562,$36.9014,$32.48
03/18/2020,$33.4938,42533360,$34.0101,$34.4982,$31.2315
03/17/2020,$35.8781,38934900,$34.3386,$36.0002,$33.9913
03/16/2020,$33.8317,41485660,$32.5175,$36.601,$32.3861
03/13/2020,$36.9201,66243380,$34.0101,$37.2862,$32.3673
03/12/2020,$32.7991,63254520,$33.3999,$35.5308,$32.3298
03/11/2020,$35.5871,38873080,$35.4839,$36.1269,$35.0896
03/10/2020,$36.7042,48724260,$36.2724,$36.7512,$34.4184
03/09/2020,$35.559,46926250,$35.8312,$36.5024,$34.8737
03/06/2020,$37.8964,31302060,$36.5259,$38.1123,$36.4508
03/05/2020,$38.2719,25284620,$38.8821,$39.2153,$37.948
03/04/2020,$39.8959,24997080,$39.3984,$39.9475,$38.9572
03/03/2020,$38.9009,43253400,$39.4922,$40.7877,$38.5817
03/02/2020,$39.9147,40006930,$37.8683,$39.9241,$36.9858
02/28/2020,$37.9527,62188720,$37.5491,$38.469,$36.5822
02/27/2020,$38.5347,36098150,$39.2951,$39.9898,$38.4784
02/26/2020,$39.6331,30529330,$41.4683,$41.4683,$39.6049
02/25/2020,$40.5248,22440550,$42.0033,$42.1395,$40.3887
02/24/2020,$41.8672,21720810,$42.3554,$43.1908,$41.7452
02/21/2020,$43.0125,21235480,$42.9562,$43.5757,$42.8623
02/20/2020,$43.2002,12037780,$42.9937,$43.3223,$42.7121
02/19/2020,$43.1533,14814430,$43.388,$43.4208,$43.05
02/18/2020,$43.3223,13694480,$43.3129,$43.5476,$43.0031
02/14/2020,$43.2659,15930960,$43.2565,$43.3504,$42.9468
02/13/2020,$43.2472,17913180,$43.0876,$43.51,$42.8904
02/12/2020,$43.2002,23638290,$42.2239,$43.3082,$42.1582
02/11/2020,$42.0456,11075720,$42.0737,$42.1019,$41.6419
02/10/2020,$41.9236,15016120,$41.9048,$41.9902,$41.5481
02/07/2020,$41.9987,14104150,$41.7921,$42.1019,$41.5574
02/06/2020,$41.8672,15222390,$42.0174,$42.299,$41.5762
02/05/2020,$41.8578,20332220,$41.9142,$42.3741,$41.7546
02/04/2020,$41.5668,28143240,$40.8346,$41.7921,$40.722
02/03/2020,$40.0461,26387890,$40.891,$40.9754,$40.0085
01/31/2020,$40.5436,24008280,$41.4166,$41.4354,$40.3653
01/30/2020,$41.4354,25105460,$40.2432,$41.4824,$40.0836
01/29/2020,$40.6657,21915250,$41.5481,$41.5481,$40.5061
01/28/2020,$41.3415,15875900,$41.3697,$41.6936,$41.1256
01/27/2020,$41.304,24048850,$41.2383,$42.008,$41.1162
01/24/2020,$41.8578,39229340,$42.1526,$42.299,$41.5011
01/23/2020,$42.8529,37753020,$43.6884,$44.1014,$42.7256
01/22/2020,$44.5332,18251630,$44.5895,$44.7773,$44.3736
01/21/2020,$44.4018,19141600,$44.5708,$44.5708,$43.923
01/17/2020,$44.5895,27667130,$44.7585,$44.8148,$44.2235
01/16/2020,$43.9981,24424390,$43.5945,$44.0451,$43.4725
01/15/2020,$43.4443,15413470,$43.2378,$43.6931,$43.1908
01/14/2020,$43.2096,16712120,$42.7778,$43.388,$42.7121
01/13/2020,$42.9937,21789590,$42.1676,$43.0594,$42.1488
01/10/2020,$42.2239,15896330,$42.8341,$42.8341,$42.1723
01/09/2020,$42.7215,14195400,$42.6088,$42.8153,$42.4117
01/08/2020,$42.6088,18097610,$42.1864,$42.7778,$42.0174
01/07/2020,$42.177,24566230,$41.5387,$42.2474,$41.5105
01/06/2020,$41.9329,17628500,$41.9236,$42.1207,$41.8203
01/03/2020,$42.2521,20496470,$42.0831,$42.4505,$41.8391
01/02/2020,$42.59,20171890,$42.5807,$42.6182,$42.177
12/31/2019,$42.2146,13881710,$42.3554,$42.4117,$42.0221
12/30/2019,$42.4117,12896910,$42.3366,$42.5619,$42.1864
12/27/2019,$42.3366,12272550,$42.3366,$42.4492,$42.1113
12/26/2019,$42.2146,12019720,$41.9893,$42.2427,$41.8344
12/24/2019,$41.8015,6504699,$41.3979,$41.9611,$41.3979
12/23/2019,$41.3979,22609330,$41.3791,$41.5387,$41.2571
12/20/2019,$41.3885,41423050,$41.0599,$41.4824,$40.5812
12/19/2019,$40.9661,20723160,$40.6187,$40.9754,$40.3887
12/18/2019,$40.5436,27057380,$40.7877,$41.1913,$40.492
12/17/2019,$40.7314,18743120,$41.2007,$41.2007,$40.6187
12/16/2019,$40.8628,23559580,$41.2007,$41.3791,$40.6657
12/13/2019,$40.9097,28975890,$40.2151,$41.1162,$40.1118
12/12/2019,$40.3747,35992800,$39.6049,$40.553,$39.5861
12/11/2019,$39.4922,37611390,$40.1681,$40.2245,$39.4359
12/10/2019,$40.1494,30177390,$41.0505,$41.1162,$40.0883
12/09/2019,$41.2007,21650390,$41.5481,$42.3272,$41.0552
12/06/2019,$41.5293,14667740,$41.6419,$41.6983,$41.3134
12/05/2019,$41.3415,22570660,$40.8159,$41.3885,$40.6093
12/04/2019,$40.844,16872590,$41.0224,$41.0586,$40.6891
12/03/2019,$40.9754,22523110,$40.6938,$41.0505,$40.4404
12/02/2019,$40.9567,16789380,$41.6795,$41.6795,$40.8863
11/29/2019,$41.4448,8479332,$41.8672,$41.8672,$41.3415
11/27/2019,$41.6983,20426880,$41.1632,$41.8438,$40.9848
11/26/2019,$40.8816,38656970,$40.8065,$41.1632,$40.5999
11/25/2019,$40.6938,26200510,$42.0831,$42.1488,$40.6281
11/22/2019,$42.055,14107500,$41.8015,$42.1488,$41.5762
11/21/2019,$41.6419,16252820,$41.5762,$41.7264,$41.0975
11/20/2019,$41.5058,15244240,$41.6701,$41.8954,$41.1867
11/19/2019,$42.0644,16469520,$42.0174,$42.1535,$41.8578
11/18/2019,$41.8766,16261420,$41.595,$41.886,$41.3791
11/15/2019,$41.8297,23183710,$42.8623,$42.8717,$41.7076
11/14/2019,$42.6651,11364320,$42.3741,$42.7731,$42.2803
11/13/2019,$42.4305,11477580,$42.2897,$42.7637,$42.2146
11/12/2019,$42.4586,12175350,$42.4117,$42.5337,$42.1958
11/11/2019,$42.4774,11169500,$42.1301,$42.806,$42.1301
11/08/2019,$42.4211,13741760,$41.9423,$42.4305,$41.7076
11/07/2019,$41.9611,15632910,$41.7546,$42.2474,$41.5574
11/06/2019,$41.5105,19927420,$41.6044,$41.6325,$40.8628
11/05/2019,$41.5668,15991270,$41.2664,$41.7546,$40.9942
11/04/2019,$41.2007,20926410,$42.346,$42.4445,$41.0693
11/01/2019,$42.008,16314080,$42.4211,$42.4399,$41.7827
10/31/2019,$42.0737,23563140,$42.008,$42.1019,$41.2007
10/30/2019,$41.9517,14443120,$42.5713,$42.6464,$41.7358
10/29/2019,$42.5713,12664520,$42.4211,$42.8529,$42.3507
10/28/2019,$42.6558,14824040,$42.6088,$43.2284,$41.8203
10/25/2019,$42.8529,15256750,$42.4117,$42.9723,$42.181
10/24/2019,$42.0925,19165920,$44.3173,$44.3455,$41.7734
10/23/2019,$42.9186,23521470,$43.1908,$43.3551,$42.6839
10/22/2019,$42.9655,12172170,$43.0782,$43.2237,$42.8951
10/21/2019,$43.2565,10898660,$43.0782,$43.3833,$43.0031
10/18/2019,$42.7778,13553880,$43.2378,$43.2753,$42.637
10/17/2019,$43.1157,9393032,$43.0219,$43.1439,$42.7215
10/16/2019,$42.806,15021250,$42.7684,$43.0031,$42.5337
10/15/2019,$42.8717,9376770,$42.5337,$43.0125,$42.3319
10/14/2019,$42.4586,10177760,$42.59,$42.7496,$42.299
10/11/2019,$42.759,23089940,$42.0925,$43.1251,$41.8987
10/10/2019,$41.7734,9837381,$41.6795,$42.0925,$41.5857
10/09/2019,$41.6607,10640650,$41.764,$41.7921,$41.3509
10/08/2019,$41.4073,14376530,$42.008,$42.008,$40.9661
10/07/2019,$41.8578,13492410,$41.6701,$42.2052,$41.6138
10/04/2019,$41.9705,14984990,$41.6138,$42.2583,$41.5762
10/03/2019,$41.3603,14036990,$41.3697,$41.4636,$40.9379
10/02/2019,$41.3509,17558030,$41.6701,$41.8954,$41.2711
10/01/2019,$41.7921,15230190,$42.4117,$42.9092,$41.7546
09/30/2019,$42.3178,14142770,$42.2427,$42.4492,$42.0268
09/27/2019,$42.0644,15005260,$42.3929,$42.5243,$41.6091
09/26/2019,$42.1488,22577890,$42.8247,$42.9937,$41.5387
09/25/2019,$43.0219,22330850,$42.9843,$43.1627,$42.5431
09/24/2019,$42.9092,21170980,$43.7635,$43.7916,$42.6651
09/23/2019,$43.3833,19455990,$43.341,$43.6602,$43.3269
09/20/2019,$43.5194,28652430,$43.8104,$43.9512,$43.3457
09/19/2019,$43.8198,10570430,$44.1577,$44.2704,$43.7195
09/18/2019,$44.0639,13184080,$44.1014,$44.1671,$43.6133
09/17/2019,$43.8104,10085060,$43.2941,$43.8479,$43.0688
09/16/2019,$43.4349,13581680,$43.3974,$43.7635,$42.9873
09/13/2019,$44.0075,11732670,$44.0826,$44.2704,$43.9183
09/12/2019,$44.092,18660030,$43.923,$44.3736,$43.6508
09/11/2019,$43.5569,12874390,$43.4443,$43.7165,$43.2659
09/10/2019,$43.6039,17566690,$43.3598,$43.7165,$43.1908
09/09/2019,$43.5757,16383180,$43.7916,$43.8292,$43.3082
09/06/2019,$43.51,13101830,$43.5851,$43.7541,$43.3692
09/05/2019,$43.5663,22076270,$43.5851,$43.7635,$43.1721
09/04/2019,$42.7309,26198580,$41.6044,$42.9092,$41.5105
09/03/2019,$41.1913,12712090,$41.2007,$41.3791,$40.8628
08/30/2019,$41.5481,15484750,$41.764,$41.9142,$41.3322
08/29/2019,$41.4636,11339520,$41.4448,$41.7734,$41.2571
08/28/2019,$41.0881,11761050,$40.7408,$41.2101,$40.5624
08/27/2019,$40.9285,12508280,$41.2101,$41.2289,$40.7595
08/26/2019,$40.6938,13009630,$40.1212,$40.844,$39.9428
08/23/2019,$39.8302,18196660,$40.8346,$41.1491,$39.68
08/22/2019,$41.0881,9960534,$41.5199,$41.6889,$40.9473
08/21/2019,$41.4073,11329580,$41.0787,$41.4542,$40.8159
08/20/2019,$41.2477,15758090,$41.1913,$41.7358,$41.013
08/19/2019,$41.304,13908520,$40.9567,$41.4354,$40.9379
08/16/2019,$40.5342,14580420,$40.1587,$40.6657,$39.9053
08/15/2019,$39.7551,14471620,$39.849,$40.2479,$39.4735
08/14/2019,$39.7739,18319610,$40.8252,$40.8252,$39.6049
08/13/2019,$40.7971,21967840,$39.9335,$41.3415,$39.8677
08/12/2019,$39.8584,15941580,$40.1118,$40.1494,$39.6143
08/09/2019,$40.2996,15782170,$40.0179,$40.5014,$39.7833
08/08/2019,$40.0461,14085350,$39.3984,$40.2526,$39.3327
08/07/2019,$39.1731,22674690,$38.7694,$39.2763,$38.2245
08/06/2019,$39.4922,18433740,$39.1355,$39.6002,$38.7694
08/05/2019,$39.0604,23618690,$39.558,$39.6143,$38.6098
08/02/2019,$40.0367,20839540,$40.1306,$40.2902,$39.6143
08/01/2019,$40.2526,17420870,$40.5436,$41.1538,$40.1587
07/31/2019,$40.5248,18509210,$41.1162,$41.2054,$40.0836
07/30/2019,$41.3791,10335710,$41.3415,$41.5481,$41.0411
07/29/2019,$41.5199,9840746,$41.9611,$41.9705,$41.4166
07/26/2019,$41.8954,17000310,$41.3228,$42.3178,$41.3228
07/25/2019,$41.8766,25659250,$41.595,$42.5196,$41.1255
07/24/2019,$42.1207,17642410,$41.595,$42.1254,$41.5152
07/23/2019,$41.6044,16611050,$41.3134,$41.6983,$41.2571
07/22/2019,$41.1632,17162900,$41.4073,$41.4354,$40.9661
07/19/2019,$41.3603,18372000,$42.008,$42.0174,$41.3228
07/18/2019,$41.8297,12461410,$41.5387,$41.8485,$41.3838
07/17/2019,$41.7076,16688190,$42.2709,$42.2897,$41.6325
07/16/2019,$42.3272,17468530,$42.0831,$42.4868,$42.0268
07/15/2019,$41.9799,15964940,$42.1207,$42.1207,$41.7546
07/12/2019,$41.9048,18076680,$41.3697,$42.2521,$41.2664
07/11/2019,$41.3791,15189400,$41.1256,$41.426,$41.0693
07/10/2019,$41.1069,22178410,$41.3415,$41.4354,$40.5953
07/09/2019,$40.3465,15865270,$39.9522,$40.492,$39.7645
07/08/2019,$40.0179,14804490,$40.5342,$40.5718,$39.9616
07/05/2019,$40.6281,11608800,$40.5061,$40.6938,$40.2432
07/03/2019,$40.6657,8404265,$40.3653,$40.6844,$40.3183
07/02/2019,$40.262,14996300,$39.9616,$40.262,$39.8584
07/01/2019,$40.093,19570300,$40.0367,$40.3653,$39.7457
06/28/2019,$39.6894,49938210,$39.5861,$39.7175,$39.2965
06/27/2019,$39.4265,19009280,$39.6988,$39.7269,$38.8728
06/26/2019,$39.5298,17737560,$40.0461,$40.2245,$39.3702
06/25/2019,$40.1306,19622230,$40.8534,$40.8933,$40.0743
06/24/2019,$40.9285,12693350,$40.8816,$41.1726,$40.7642
06/21/2019,$40.891,24679530,$40.7689,$41.0975,$40.6281
06/20/2019,$41.0036,18165960,$40.9661,$41.0881,$40.6586
06/19/2019,$40.4967,14863770,$40.5718,$41.0787,$40.431
06/18/2019,$40.5999,21811330,$40.3465,$40.9379,$40.316
06/17/2019,$39.9522,14561960,$39.7457,$40.1587,$39.511
06/14/2019,$39.7175,20943660,$39.3984,$39.8912,$39.1402
06/13/2019,$39.1355,26154960,$38.9196,$39.1731,$38.8351
06/12/2019,$38.9102,24733880,$38.76,$39.2294,$38.7225
06/11/2019,$38.6943,16895650,$39.0229,$39.2482,$38.516
06/10/2019,$38.76,16781720,$38.9384,$39.0792,$38.6005
06/07/2019,$38.9384,32287630,$38.8164,$39.0417,$38.5817
06/06/2019,$38.6286,23997720,$38.7413,$38.808,$38.3095
06/05/2019,$38.7694,24325260,$39.2012,$39.2294,$38.6943
06/04/2019,$38.8633,21918480,$38.9102,$39.3045,$38.7225
06/03/2019,$38.4503,22205800,$38.516,$38.7319,$38.1874
05/31/2019,$38.4878,22114350,$38.8539,$38.9384,$38.2672
05/30/2019,$39.1825,22663870,$39.6424,$39.6518,$38.8821
05/29/2019,$39.3514,16519980,$39.6518,$39.7739,$39.1872
05/28/2019,$39.8677,15224650,$40.2245,$40.3934,$39.8255
05/24/2019,$40.0555,9361850,$40.1869,$40.4216,$40.0179
05/23/2019,$40.1118,14754950,$40.3653,$40.5061,$39.8959
05/22/2019,$40.6469,11964370,$40.6093,$40.8346,$40.4404
05/21/2019,$40.6375,16482310,$40.4216,$40.6516,$40.0649
05/20/2019,$40.1587,14094090,$40.722,$40.722,$39.8114
05/17/2019,$40.8722,13916010,$40.4216,$41.1209,$40.384
05/16/2019,$40.5436,17593660,$39.9616,$40.6469,$39.8114
05/15/2019,$39.8865,37268760,$40.1306,$40.2902,$39.5673
05/14/2019,$40.2808,16592820,$39.68,$40.729,$39.68
05/13/2019,$39.6894,17108690,$39.9616,$40.4216,$39.558
05/10/2019,$40.5061,12931630,$40.0836,$40.5718,$39.6331
05/09/2019,$40.2902,13624400,$39.6988,$40.3465,$39.5767
05/08/2019,$39.9428,13076910,$40.1118,$40.3277,$39.7645
05/07/2019,$40.14,15505220,$40.3653,$40.4685,$39.7739
05/06/2019,$40.6469,13307520,$40.1494,$40.7454,$40.0836
05/03/2019,$40.6375,12751040,$40.3371,$40.8393,$40.1212
05/02/2019,$40.0367,18051130,$40.6657,$40.7314,$39.7645
05/01/2019,$40.7595,14327600,$40.8159,$41.1162,$40.6469
04/30/2019,$40.8628,15549060,$40.891,$40.9848,$40.4028
04/29/2019,$40.7877,11394510,$40.5248,$40.8346,$40.2808
04/26/2019,$40.4404,16200290,$41.2383,$41.27,$40.2432
04/25/2019,$40.2996,27725280,$39.849,$41.1256,$39.5298
04/24/2019,$39.2857,23736970,$39.4547,$39.6565,$39.1825
04/23/2019,$39.4172,16153250,$39.3984,$39.6049,$39.1543
04/22/2019,$39.4265,9939222,$39.6706,$39.8067,$39.2904
04/18/2019,$39.8302,13219560,$40.1212,$40.2057,$39.4641
04/17/2019,$39.9616,15266690,$39.558,$40.0273,$39.3233
04/16/2019,$39.3984,10053440,$39.2763,$39.5955,$38.9681
04/15/2019,$39.22,12727750,$38.7882,$39.2388,$38.7319
04/12/2019,$38.7694,11536320,$38.5535,$38.7976,$38.4362
04/11/2019,$38.5254,9216413,$38.6005,$38.6192,$38.347
04/10/2019,$38.5629,13255530,$38.6568,$38.7553,$38.2813
04/09/2019,$38.5254,14882110,$38.2062,$38.6192,$38.0842
04/08/2019,$38.2156,12467200,$37.8776,$38.2531,$37.7087
04/05/2019,$37.9433,21141030,$37.9527,$38.0654,$37.8401
04/04/2019,$37.934,12059120,$37.8495,$38.1311,$37.6617
04/03/2019,$37.8025,21040170,$37.8307,$38.0935,$37.5209
04/02/2019,$37.5679,14202370,$37.7087,$37.9141,$37.3707
04/01/2019,$37.8401,13844170,$37.8683,$37.9152,$37.5209
03/29/2019,$37.5303,21118400,$37.7368,$37.8683,$37.1642
03/28/2019,$37.9433,10451170,$37.7462,$38.0184,$37.6617
03/27/2019,$37.7462,18222610,$37.2487,$37.9152,$37.2487
03/26/2019,$37.2018,11187030,$36.9858,$37.2862,$36.8075
03/25/2019,$36.7793,15810440,$37.0609,$37.0985,$36.5493
03/22/2019,$37.0422,17003650,$37.4928,$37.5209,$36.9342
03/21/2019,$37.596,17268830,$37.0328,$37.7041,$36.845
03/20/2019,$37.0516,22309170,$37.3238,$37.3613,$36.5165
03/19/2019,$37.3426,16683840,$37.5303,$37.8776,$37.2628
03/18/2019,$37.474,20207660,$37.765,$37.9715,$37.4364
03/15/2019,$37.9903,66887430,$37.4646,$38.0372,$37.1173
03/14/2019,$37.427,16537520,$37.0516,$37.5021,$36.9577
03/13/2019,$37.136,21181970,$37.2581,$37.4177,$36.9577
03/12/2019,$37.0703,21374680,$36.7606,$37.2936,$36.5822
03/11/2019,$36.7699,23114290,$35.9063,$36.8357,$35.7655
03/08/2019,$35.85,13417720,$35.8781,$36.1222,$35.5684
03/07/2019,$36.0283,14113110,$36.2067,$36.2912,$35.8031
03/06/2019,$36.2443,11013340,$36.4977,$36.5634,$36.0941
03/05/2019,$36.3475,14649210,$36.4132,$36.601,$36.1879
03/04/2019,$36.3569,15970440,$36.845,$37.2205,$36.0283
03/01/2019,$36.7042,23899660,$36.4695,$37.0891,$36.4415
02/28/2019,$36.3006,18120250,$36.1879,$36.5165,$36.1551
02/27/2019,$36.1692,17533730,$36.2724,$36.3428,$36.0377
02/26/2019,$36.4226,17838710,$36.263,$36.4789,$36.0565
02/25/2019,$36.2067,15899940,$36.2912,$36.4226,$35.9626
02/22/2019,$36.2443,20376890,$36.1222,$36.3616,$36.0518
02/21/2019,$36.1128,22071940,$35.3055,$36.1128,$35.1459
02/20/2019,$35.4745,14939590,$35.39,$35.6012,$35.2304
02/19/2019,$35.2492,12853460,$35.4369,$35.6153,$35.1835
02/15/2019,$35.4557,15872050,$35.2961,$35.4651,$34.8737
02/14/2019,$34.977,15908450,$34.6954,$35.1647,$34.4998
02/13/2019,$34.7611,14063260,$34.9582,$35.1553,$34.5358
02/12/2019,$34.9582,14048260,$35.0239,$35.1553,$34.7721
02/11/2019,$34.7329,14130600,$35.39,$35.4276,$34.639
02/08/2019,$35.2961,17559530,$35.2023,$35.4463,$34.7235
02/07/2019,$35.3712,21555240,$34.8831,$35.3994,$34.8174
02/06/2019,$34.8925,19077600,$34.8643,$35.0051,$34.5358
02/05/2019,$34.8737,24175670,$34.6109,$34.9864,$34.3293
02/04/2019,$34.517,22839970,$34.4888,$34.6109,$34.0476
02/01/2019,$34.5358,18646920,$34.4607,$34.6203,$34.2448
01/31/2019,$34.3293,30178680,$33.6815,$34.5545,$33.5783
01/30/2019,$33.2591,22446820,$33.8223,$33.8223,$33.0901
01/29/2019,$33.8693,19216350,$33.2122,$34.104,$33.2122
01/28/2019,$33.2028,25579410,$33.306,$33.3577,$32.5457
01/25/2019,$33.5877,25194040,$34.3856,$34.5733,$33.3811
01/24/2019,$34.0195,39266010,$34.5921,$34.6203,$33.2685
01/23/2019,$34.6296,35978470,$33.8787,$35.1305,$33.7566
01/22/2019,$32.8273,32790830,$33.8411,$33.8787,$32.6959
01/18/2019,$33.9913,22623650,$33.9162,$34.057,$33.353
01/17/2019,$33.7097,25345660,$33.6064,$33.9819,$33.5548
01/16/2019,$33.7003,20780790,$33.8036,$34.0946,$33.6815
01/15/2019,$33.6346,13436380,$33.5313,$33.7942,$33.3905
01/14/2019,$33.5783,16519090,$33.2403,$33.7801,$33.184
01/11/2019,$33.4468,19146380,$33.4281,$33.5501,$33.1465
01/10/2019,$33.6252,16655430,$33.7097,$33.7942,$33.3248
01/09/2019,$33.8505,16045070,$33.6721,$33.9068,$33.3342
01/08/2019,$33.5313,20416540,$33.475,$33.6909,$33.1934
01/07/2019,$33.2591,26157950,$33.4468,$33.7073,$33.1089
01/04/2019,$33.6158,22843840,$32.8836,$33.644,$32.724
01/03/2019,$32.5175,28709160,$32.2265,$33.1652,$32.0388
01/02/2019,$32.2641,16967080,$31.438,$32.3391,$31.3723
12/31/2018,$31.9637,21613240,$32.189,$32.48,$31.2596
12/28/2018,$32.2453,16230180,$32.724,$33.1934,$32.0857
12/27/2018,$32.3579,17448290,$31.729,$32.3861,$31.0813
12/26/2018,$32.0481,22269230,$31.2221,$32.0763,$30.6119
12/24/2018,$31.0437,13391430,$31.6539,$31.8886,$31.0062
12/21/2018,$31.682,38680730,$32.5457,$33.7942,$31.6069
12/20/2018,$32.4987,27208780,$33.062,$33.2591,$32.1326
12/19/2018,$33.0338,32316580,$33.6252,$34.3199,$32.8085
12/18/2018,$33.4656,23529770,$34.226,$34.226,$33.0667
12/17/2018,$33.9913,20286230,$34.1603,$34.6015,$33.7942
12/14/2018,$34.1133,18146900,$34.1603,$34.5921,$33.9631
12/13/2018,$34.5076,18371590,$34.7611,$35.0145,$34.1603
12/12/2018,$34.7141,23508710,$35.0239,$35.1929,$34.5733
12/11/2018,$34.5827,23890840,$35.4745,$35.6059,$34.4888
12/10/2018,$35.0615,16235390,$35.2398,$35.2961,$34.4607
12/07/2018,$35.1178,19530700,$35.3525,$35.6904,$34.8033
12/06/2018,$35.559,26414740,$35.0239,$35.5965,$34.7141
12/04/2018,$35.3806,29398190,$36.7981,$36.8826,$35.0708
12/03/2018,$36.7512,23345660,$36.6948,$36.8263,$36.31
11/30/2018,$36.6197,38058320,$37.0328,$37.1736,$36.3475
11/29/2018,$37.0046,16051900,$36.3287,$37.2299,$36.2724
11/28/2018,$36.6667,17412080,$35.8875,$36.6761,$35.85
11/27/2018,$36.0096,13706830,$35.3149,$36.0941,$35.3149
11/26/2018,$35.4557,13197290,$35.4651,$35.6622,$35.1459
11/23/2018,$35.099,5743891,$34.977,$35.3994,$34.9206
11/21/2018,$35.2117,16525430,$34.4513,$35.4182,$34.4137
11/20/2018,$34.5076,29275290,$35.8218,$36.1222,$34.3668
11/19/2018,$35.8406,19262320,$36.2255,$36.5259,$35.6575
11/16/2018,$36.2255,21506000,$36.3381,$36.5353,$35.9626
11/15/2018,$36.1316,20757770,$35.7749,$36.1316,$35.5027
11/14/2018,$35.9439,23107500,$35.681,$36.31,$35.4557
11/13/2018,$35.4088,17544910,$35.9063,$36.1316,$35.2117
11/12/2018,$35.6716,16914370,$35.9063,$36.2161,$35.268
11/09/2018,$35.9908,17764940,$35.8218,$36.3381,$35.6226
11/08/2018,$35.9532,14027160,$36.1316,$36.2161,$35.5825
11/07/2018,$35.9532,20801110,$35.6435,$35.9927,$35.3337
11/06/2018,$35.4182,19485130,$35.7749,$35.85,$35.2304
11/05/2018,$35.6904,18723030,$35.6153,$36.0002,$35.5308
11/02/2018,$35.3525,24521380,$35.7561,$35.8875,$34.7423
11/01/2018,$35.6247,23777750,$35.7655,$35.8359,$35.3525
10/31/2018,$35.8031,28172900,$35.6341,$36.2818,$35.0333
10/30/2018,$35.3994,36608550,$34.2542,$35.4557,$33.9068
10/29/2018,$33.7848,32363670,$33.7191,$34.2776,$33.245
10/26/2018,$33.0807,42421030,$33.4562,$34.1884,$32.7757
10/25/2018,$33.644,33782980,$33.6815,$34.057,$32.9024
10/24/2018,$32.0294,29256170,$33.7754,$34.0382,$31.9637
10/23/2018,$33.4656,20099630,$33.2403,$33.597,$32.9024
10/22/2018,$33.5595,24213140,$33.888,$34.0244,$33.4093
10/19/2018,$33.7754,24278810,$33.9068,$34.2729,$33.5923
10/18/2018,$33.7379,27884660,$34.057,$34.395,$33.6252
10/17/2018,$34.1697,20384260,$33.9068,$34.4184,$33.5961
10/16/2018,$33.7942,26275970,$33.062,$33.888,$33.0385
10/15/2018,$32.9399,22673430,$32.4893,$33.4844,$32.3955
10/12/2018,$32.4987,31255570,$31.9637,$32.6583,$31.8135
10/11/2018,$31.6069,36180580,$32.48,$32.5644,$31.4567
10/10/2018,$32.1796,25503130,$33.2028,$33.4656,$32.1326
10/09/2018,$33.2685,17407040,$33.1183,$33.6346,$32.8461
10/08/2018,$33.0244,18862430,$32.3861,$33.0714,$32.3391
10/05/2018,$32.4424,20432560,$33.0338,$33.0714,$32.3016
10/04/2018,$33.0526,23118430,$32.9024,$33.123,$32.7053
10/03/2018,$33.0338,28965850,$33.5877,$33.6815,$32.8648
10/02/2018,$33.5126,24876840,$33.1183,$33.6862,$32.8554
10/01/2018,$33.3436,20390190,$33.353,$33.4562,$32.8508
09/28/2018,$33.2403,17306280,$33.0901,$33.475,$32.9916
09/27/2018,$33.062,17046070,$33.3248,$33.5266,$33.0244
09/26/2018,$33.2028,19660010,$33.4187,$33.7097,$33.1371
09/25/2018,$33.2309,25408180,$33.6628,$33.7754,$33.1277
09/24/2018,$33.4468,67586000,$33.7472,$34.0476,$32.6208
09/21/2018,$35.5778,57063400,$35.6247,$35.728,$35.1844
09/20/2018,$35.4933,20489140,$35.3055,$35.6622,$34.8455
09/19/2018,$35.0333,17199490,$35.3431,$35.6153,$35.0051
09/18/2018,$35.4276,23442730,$34.8362,$35.5543,$34.7141
09/17/2018,$34.6954,13318240,$34.7611,$34.93,$34.4701
09/14/2018,$34.6954,14838880,$34.8737,$34.93,$34.4701
09/13/2018,$34.7705,22918920,$33.935,$34.9488,$33.8646
09/12/2018,$33.8787,20857310,$33.9913,$34.0758,$33.4844
09/11/2018,$34.0758,20600900,$34.2072,$34.2635,$34.0007
09/10/2018,$34.1321,14235510,$34.1697,$34.2682,$34.057
09/07/2018,$33.9538,18139080,$33.7003,$34.1415,$33.5595
09/06/2018,$33.7191,18214910,$34.2917,$34.2917,$33.5313
09/05/2018,$34.057,16801130,$34.0664,$34.2448,$33.9351
09/04/2018,$34.1509,19157130,$34.4982,$34.5921,$33.9922
08/31/2018,$34.7235,20414900,$34.3574,$34.7986,$34.3386
08/30/2018,$34.4325,10563530,$34.3105,$34.4513,$34.1791
08/29/2018,$34.4982,13419010,$34.0476,$34.639,$34.0007
08/28/2018,$34.1227,10815210,$34.4137,$34.4466,$33.9819
08/27/2018,$34.1978,11953010,$34.395,$34.4513,$34.1697
08/24/2018,$34.2635,24501130,$33.2028,$34.5358,$33.1558
08/23/2018,$33.1465,11472660,$33.2122,$33.306,$33.0995
08/22/2018,$33.306,7951801,$33.5126,$33.5501,$33.2779
08/21/2018,$33.5501,11383310,$33.2779,$33.8036,$33.2591
08/20/2018,$33.2591,9915536,$33.5126,$33.536,$33.1371
08/17/2018,$33.4187,12079500,$33.3811,$33.6534,$33.184
08/16/2018,$33.475,16388610,$32.9024,$33.6534,$32.8648
08/15/2018,$32.8273,15359920,$33.0432,$33.1089,$32.5457
08/14/2018,$33.2216,10478870,$32.9493,$33.3154,$32.893
08/13/2018,$32.893,15884480,$32.9681,$33.0291,$32.6489
08/10/2018,$32.9305,11869990,$33.0995,$33.1746,$32.8038
08/09/2018,$33.3154,17057600,$32.9493,$33.6158,$32.9024
08/08/2018,$32.9024,12297640,$33.2967,$33.3154,$32.7522
08/07/2018,$33.2309,10952190,$33.2779,$33.3436,$33.0338
08/06/2018,$33.1558,11862740,$33.4093,$33.5689,$33.1277
08/03/2018,$33.2403,16485830,$32.7991,$33.2591,$32.602
08/02/2018,$32.5175,19239810,$33.015,$33.0432,$32.494
08/01/2018,$33.2309,20155580,$33.7003,$33.7003,$33.1558
07/31/2018,$33.5877,21640860,$33.4656,$33.8787,$33.3624
07/30/2018,$33.2873,21525890,$32.9118,$33.5126,$32.8742
07/27/2018,$32.9305,22686930,$32.7053,$33.4281,$32.6302
07/26/2018,$32.6208,40253500,$32.7053,$32.9446,$31.7008
07/25/2018,$31.3723,22049170,$31.3441,$31.4661,$30.7996
07/24/2018,$31.3441,21779110,$32.0763,$32.189,$31.3065
07/23/2018,$32.0763,22327440,$32.0669,$32.1983,$31.7478
07/20/2018,$32.1983,24577020,$32.6395,$32.8085,$32.189
07/19/2018,$32.771,41375220,$32.9869,$33.1277,$32.6114
07/18/2018,$31.9543,16101970,$32.0294,$32.3391,$31.8979
07/17/2018,$32.1702,21114630,$32.5832,$32.7757,$32.1139
07/16/2018,$32.8273,22864720,$32.6114,$33.1089,$32.5269
07/13/2018,$32.5738,25167090,$32.2922,$32.9963,$32.2922
07/12/2018,$32.433,22369450,$31.6163,$32.4518,$31.5412
07/11/2018,$31.7008,33625950,$31.0625,$32.0857,$31.0062
07/10/2018,$31.2972,12357330,$31.6445,$31.6539,$31.1564
07/09/2018,$31.5037,13635750,$31.7102,$31.729,$31.2127
07/06/2018,$31.5225,11528370,$31.2315,$31.5506,$30.978
07/05/2018,$31.0906,11269470,$31.3347,$31.3535,$30.8935
07/03/2018,$31.0625,12660790,$31.1657,$31.5506,$30.9686
07/02/2018,$31.1376,17151070,$30.4523,$31.1845,$30.4335
06/29/2018,$30.7996,37930830,$30.518,$31.5459,$30.5086
06/28/2018,$30.6307,25198560,$30.4523,$30.6964,$30.1144
06/27/2018,$30.3115,28836450,$30.5603,$30.8841,$30.3115
06/26/2018,$30.7715,31386330,$31.2683,$31.2683,$30.6682
06/25/2018,$31.0906,33052860,$31.729,$32.02,$30.8935
06/22/2018,$31.7384,105510300,$30.978,$32.0528,$30.8935
06/21/2018,$30.7809,35030910,$31.3065,$31.5882,$30.6447
06/20/2018,$31.3441,50002990,$31.3065,$31.6492,$30.3584
06/19/2018,$30.7996,28981790,$30.1989,$31.054,$30.1989
06/18/2018,$30.5837,29944170,$31.7195,$31.7195,$30.565
06/15/2018,$31.8041,52956700,$32.2828,$32.2922,$31.5318
06/14/2018,$31.7478,42625620,$30.8372,$31.973,$30.7621
06/13/2018,$30.3397,45802670,$29.1287,$30.6494,$29.0912
06/12/2018,$30.396,32507710,$29.9829,$30.6166,$29.8797
06/11/2018,$30.0393,25835530,$30.0111,$30.4523,$29.9266
06/08/2018,$30.1144,21773430,$30.0205,$30.2176,$29.8891
06/07/2018,$30.0393,26323550,$30.4335,$30.6588,$29.9923
06/06/2018,$30.2927,33710230,$29.2226,$30.5039,$29.063
06/05/2018,$29.1756,22918270,$29.3446,$29.4009,$29.1381
06/04/2018,$29.3728,19421100,$29.3822,$29.5793,$29.2459
06/01/2018,$29.3446,18216620,$29.4197,$29.5185,$29.2132
05/31/2018,$29.2695,35445200,$29.6168,$29.6356,$28.7908
05/30/2018,$29.5511,17297980,$29.7389,$29.7576,$29.4009
05/29/2018,$29.5793,19076320,$29.6168,$29.936,$29.4526
05/25/2018,$29.8046,13188130,$29.6544,$30.0487,$29.645
05/24/2018,$29.6919,24034700,$29.8187,$30.0862,$29.3634
05/23/2018,$29.9266,27840600,$29.8985,$30.2693,$29.8515
05/22/2018,$30.518,13576890,$30.4241,$30.7058,$30.3303
05/21/2018,$30.3584,17966340,$30.7621,$30.8747,$30.227
05/18/2018,$30.7152,18056230,$30.4617,$30.7482,$30.2915
05/17/2018,$30.4241,23048600,$30.6588,$30.8279,$30.396
05/16/2018,$30.5556,19167000,$30.1613,$30.6776,$30.0768
05/15/2018,$30.0487,23987850,$30.0205,$30.0721,$29.7858
05/14/2018,$30.1707,19654160,$29.936,$30.2739,$29.8562
05/11/2018,$29.9454,14673270,$29.6075,$29.9923,$29.5793
05/10/2018,$29.6262,24503700,$28.8565,$29.7013,$28.8189
05/09/2018,$28.8471,22774550,$28.6969,$29.0724,$28.5655
05/08/2018,$28.7157,52692600,$29.6168,$30.058,$28.65
05/07/2018,$30.4054,18551950,$30.0674,$30.4241,$29.8703
05/04/2018,$30.0017,20749810,$29.0912,$30.0862,$29.063
05/03/2018,$29.1099,21692770,$29.2413,$29.3446,$28.6781
05/02/2018,$29.3822,18796860,$30.0299,$30.0393,$29.2695
05/01/2018,$30.0956,25107580,$29.4573,$30.1378,$29.2977
04/30/2018,$29.4666,38284260,$29.9548,$30.2646,$29.415
04/27/2018,$29.8609,51552560,$31.0437,$31.0813,$29.8515
04/26/2018,$31.2878,32492340,$32.2077,$32.3673,$30.9968
04/25/2018,$32.1608,38530430,$31.147,$32.6489,$31.0249
04/24/2018,$31.3065,28860930,$32.0012,$32.1927,$31.1564
04/23/2018,$31.7947,20951180,$31.2033,$31.8416,$31.1376
04/20/2018,$31.1751,25259550,$31.4943,$31.7243,$31.0672
04/19/2018,$31.4286,20980690,$31.2221,$31.6914,$31.0437
04/18/2018,$31.2315,22867660,$31.2784,$31.4943,$31.1564
04/17/2018,$31.2315,33553830,$31.682,$31.7759,$31.0249
04/16/2018,$31.4755,15263870,$31.2972,$31.6773,$30.9583
04/13/2018,$30.9968,24316430,$31.2033,$31.4004,$30.856
04/12/2018,$31.10,29375970,$31.7008,$31.8135,$30.8794
04/11/2018,$31.5037,21874160,$31.5318,$31.9777,$31.4849
04/10/2018,$31.7853,30558180,$32.1326,$32.2922,$31.4849
04/09/2018,$31.8698,17549040,$32.2828,$32.4424,$31.8369
04/06/2018,$32.0294,33683580,$32.1514,$32.4096,$31.79
04/05/2018,$32.48,23611590,$32.4518,$32.6771,$32.25
04/04/2018,$32.2077,26346260,$31.1188,$32.2969,$31.0247
04/03/2018,$31.4192,29263990,$31.3723,$31.4943,$30.9076
04/02/2018,$31.4661,35524620,$32.0012,$32.1983,$31.2221
03/29/2018,$32.0763,32492490,$31.4098,$32.4049,$31.2878
03/28/2018,$31.2408,32775700,$31.1657,$31.7759,$31.1094
03/27/2018,$30.9686,30740820,$31.5882,$31.8041,$30.7433
03/26/2018,$31.4849,29963920,$31.682,$31.7196,$30.7339
03/23/2018,$31.1376,43862400,$31.3347,$31.6633,$31.1188
03/22/2018,$31.1939,53910290,$32.0763,$32.1326,$31.1751
03/21/2018,$32.3767,21660750,$32.433,$32.9963,$32.3391
03/20/2018,$32.4518,20893260,$33.1934,$33.3248,$32.433
03/19/2018,$33.1371,33011600,$33.4187,$33.6721,$32.7428
03/16/2018,$33.6346,45228000,$34.0664,$34.3715,$33.5877
03/15/2018,$33.935,21968640,$33.7942,$34.0852,$33.7003
03/14/2018,$33.813,26105970,$34.2166,$34.3105,$33.7566
03/13/2018,$34.1978,20579150,$34.7235,$34.8362,$34.0007
03/12/2018,$34.6954,17947640,$34.8174,$34.9347,$34.6109
03/09/2018,$34.8549,23736600,$34.7329,$34.8643,$34.2635
03/08/2018,$34.6203,23724380,$34.1415,$34.7423,$33.8974
03/07/2018,$33.9068,25135460,$34.5639,$34.5639,$33.8223
03/06/2018,$34.6109,19755230,$34.808,$34.8174,$34.1556
03/05/2018,$34.5264,29242170,$34.1791,$34.8315,$33.9303
03/02/2018,$34.2542,28854690,$34.0289,$34.3386,$33.8505
03/01/2018,$34.3011,34506360,$34.2072,$34.6099,$33.9819
02/28/2018,$33.9913,68964860,$34.639,$34.8033,$33.5595
02/27/2018,$34.4137,69051140,$35.6716,$35.8594,$34.348
02/26/2018,$37.1548,13824940,$37.1079,$37.305,$36.9577
02/23/2018,$37.0797,16482470,$36.7512,$37.2205,$36.5259
02/22/2018,$36.4226,18224050,$36.6667,$37.1454,$36.2067
02/21/2018,$36.6197,14211560,$37.0328,$37.3989,$36.6104
02/20/2018,$37.0516,17327350,$37.1173,$37.2581,$36.6479
02/16/2018,$37.352,22527910,$37.5397,$37.9433,$37.2581
02/15/2018,$37.6242,21467500,$37.3238,$37.6617,$36.8544
02/14/2018,$37.014,21945940,$36.4414,$37.1924,$36.141
02/13/2018,$36.5728,17235320,$35.8218,$36.7699,$35.7655
02/12/2018,$36.1785,30678080,$36.2349,$36.676,$35.9204
02/09/2018,$36.2067,37274970,$36.019,$36.601,$35.1366
02/08/2018,$35.85,33628590,$37.4552,$37.6993,$35.8124
02/07/2018,$37.6899,31264320,$37.0797,$37.9389,$36.9577
02/06/2018,$37.2393,48178440,$36.5353,$37.3613,$36.141
02/05/2018,$36.7981,41987540,$38.8258,$39.0886,$36.7042
02/02/2018,$38.5911,30467600,$38.9572,$39.5767,$38.3282
02/01/2018,$39.3233,25873920,$39.5814,$39.9804,$39.3139
01/31/2018,$39.9241,26823100,$39.6988,$40.1118,$39.5016
01/30/2018,$39.7457,21261530,$39.4547,$39.8584,$39.1355
01/29/2018,$39.4078,21536480,$39.7082,$39.7457,$38.8164
01/26/2018,$40.1775,27892380,$39.5204,$40.1775,$39.3796
01/25/2018,$39.558,27041260,$40.4779,$40.8628,$39.4078
01/24/2018,$40.3559,47628330,$40.0836,$41.304,$39.0229
01/23/2018,$39.8396,18749310,$39.8959,$40.2151,$39.3843
01/22/2018,$40.262,22436250,$39.8114,$40.2902,$39.5673
01/19/2018,$39.8959,23093450,$39.3796,$39.971,$39.2294
01/18/2018,$39.2857,21815640,$38.5441,$39.3702,$38.4972
01/17/2018,$39.1261,17041250,$39.4735,$39.6237,$38.868
01/16/2018,$39.2576,17606040,$39.9804,$39.9804,$39.1919
01/12/2018,$39.8396,18812250,$39.9616,$40.093,$39.3608
01/11/2018,$39.9898,36702120,$38.6756,$40.0555,$38.6192
01/10/2018,$38.5723,20196590,$37.9527,$38.6474,$37.6993
01/09/2018,$38.1217,17026040,$38.0466,$38.516,$37.9715
01/08/2018,$37.9997,15189450,$38.2719,$38.516,$37.8213
01/05/2018,$38.5254,17036650,$38.4033,$38.7131,$37.934
01/04/2018,$38.178,18134230,$37.9903,$38.225,$37.643
01/03/2018,$37.934,21062020,$38.2531,$38.8351,$37.596
01/02/2018,$38.5535,18270280,$37.9152,$38.5911,$37.596
12/29/2017,$37.596,12230750,$37.643,$37.9433,$37.596
12/28/2017,$37.8213,9197969,$38.0935,$38.0935,$37.5772
12/27/2017,$37.934,12029630,$38.3376,$38.347,$37.7838
12/26/2017,$38.3188,10423660,$38.1499,$38.4971,$38.1405
12/22/2017,$38.2813,13571140,$38.3376,$38.5723,$38.0602
12/21/2017,$38.3095,34401140,$37.0609,$38.7131,$36.9812
12/20/2017,$36.9671,17014390,$36.9858,$37.1595,$36.5681
12/19/2017,$36.7418,20998500,$37.0422,$37.1173,$36.4789
12/18/2017,$37.1173,18523270,$37.5303,$37.6242,$37.0328
12/15/2017,$37.2769,47362310,$37.0703,$37.427,$36.601
12/14/2017,$36.723,23291300,$36.432,$37.2769,$35.85
12/13/2017,$36.2161,27397060,$37.0891,$37.1173,$36.141
12/12/2017,$37.0891,33636620,$36.9858,$37.6899,$36.6104
12/11/2017,$36.0847,23754600,$35.7655,$36.1034,$35.6294
12/08/2017,$35.6247,22223410,$36.141,$36.141,$35.5496
12/07/2017,$35.5684,29281740,$36.141,$36.2067,$35.4369
12/06/2017,$36.263,25405630,$37.3895,$37.3989,$36.1879
12/05/2017,$37.0985,28737970,$37.427,$37.9152,$37.0516
12/04/2017,$37.8495,55137390,$37.0046,$38.2344,$37.0046
12/01/2017,$36.0753,32531980,$34.8737,$36.3287,$34.8362
11/30/2017,$35.2398,42854730,$34.7047,$35.3337,$34.2448
11/29/2017,$34.9113,33758640,$34.0195,$35.4135,$33.8036
11/28/2017,$34.0289,34491610,$33.3811,$34.0289,$33.0995
11/27/2017,$33.3717,24578280,$33.5877,$33.6721,$33.1465
11/24/2017,$33.6721,12296440,$34.0664,$34.1227,$33.5877
11/22/2017,$34.1791,16402290,$34.1603,$34.2542,$33.9162
11/21/2017,$34.1884,22741380,$33.9256,$34.2682,$33.7942
11/20/2017,$33.6346,19408830,$33.888,$34.1227,$33.5595
11/17/2017,$33.9444,38138540,$34.7329,$34.7329,$33.9068
11/16/2017,$34.7986,21588340,$34.639,$35.2651,$34.639
11/15/2017,$34.9019,19753890,$34.639,$34.9957,$34.4231
11/14/2017,$34.6015,20188010,$34.7423,$34.7892,$34.3668
11/13/2017,$34.9676,16160650,$34.4419,$34.9957,$34.348
11/10/2017,$34.5921,18010310,$34.2635,$35.0239,$34.2635
11/09/2017,$34.3199,16159140,$33.7754,$34.6578,$33.6346
11/08/2017,$33.9913,23914880,$34.2729,$34.3856,$33.8599
11/07/2017,$34.1603,38113920,$33.3905,$34.6484,$33.3905
11/06/2017,$33.3624,23359670,$33.3999,$33.8505,$33.1183
11/03/2017,$33.4938,30164060,$32.9305,$33.5032,$32.6489
11/02/2017,$32.9963,40318250,$33.8787,$33.8787,$32.7804
11/01/2017,$33.8693,18183530,$34.0289,$34.1884,$33.7379
10/31/2017,$33.8223,21828470,$34.2729,$34.3293,$33.7285
10/30/2017,$34.2635,29431340,$34.4231,$34.4513,$33.8505
10/27/2017,$34.5358,51081630,$33.7285,$34.6578,$33.1746
10/26/2017,$34.0476,58353590,$33.6909,$34.9206,$33.3436
10/25/2017,$34.5733,25542760,$34.0007,$34.5921,$33.9819
10/24/2017,$34.2635,25116550,$34.395,$34.6203,$34.0382
10/23/2017,$34.3105,30745530,$34.9864,$34.9864,$34.2823
10/20/2017,$34.9394,14529350,$34.9206,$34.9394,$34.6109
10/19/2017,$34.639,25100560,$33.935,$34.7423,$33.8411
10/18/2017,$33.9819,17992850,$34.3105,$34.3856,$33.9162
10/17/2017,$34.2354,14919550,$34.3293,$34.4794,$34.2072
10/16/2017,$34.3668,26664740,$33.9444,$34.8174,$33.9068
10/13/2017,$33.8036,43671930,$33.7191,$33.9444,$33.0995
10/12/2017,$33.7472,50950410,$34.5452,$34.639,$33.5877
10/11/2017,$35.1272,26369100,$35.3337,$35.3337,$34.9206
10/10/2017,$35.3806,15016700,$35.4839,$35.7092,$35.2117
10/09/2017,$35.4839,10684980,$35.6622,$35.9063,$35.4088
10/06/2017,$35.681,18821310,$35.9626,$36.0941,$35.6247
10/05/2017,$36.0002,20140910,$36.2349,$36.4038,$35.7561
10/04/2017,$36.2255,20970850,$36.0002,$36.2443,$35.7843
10/03/2017,$35.9532,18532140,$35.4651,$36.0283,$35.3806
10/02/2017,$35.6435,18158990,$36.0565,$36.4695,$35.6059
09/29/2017,$36.1222,19151560,$35.5027,$36.1504,$35.3055
09/28/2017,$35.5027,16361170,$35.9063,$36.0471,$35.4182
09/27/2017,$36.1692,24639890,$35.512,$36.4602,$35.4088
09/26/2017,$35.4933,15869990,$35.5778,$35.7467,$35.3337
09/25/2017,$35.5871,21601680,$35.7373,$35.7749,$35.2351
09/22/2017,$35.7655,21748890,$34.9957,$35.8031,$34.9864
09/21/2017,$35.1741,18556870,$35.0896,$35.4276,$35.0802
09/20/2017,$35.1647,30095570,$35.1459,$35.4839,$34.9676
09/19/2017,$35.0145,38543550,$34.7986,$35.1319,$34.4184
09/18/2017,$34.8362,27256660,$34.6203,$35.0192,$34.348
09/15/2017,$34.6672,62273210,$35.2492,$35.2492,$34.2072
09/14/2017,$35.2961,26552120,$35.6153,$35.7092,$35.268
09/13/2017,$35.6341,23396200,$35.5684,$35.9626,$35.559
09/12/2017,$35.5778,36771340,$36.0283,$36.4508,$35.2586
09/11/2017,$35.512,29643300,$35.9532,$36.0659,$35.2586
09/08/2017,$35.8688,53652140,$36.0941,$36.1043,$35.2117
09/07/2017,$36.2349,70709860,$38.7225,$38.7225,$35.8688
09/06/2017,$38.6474,14436270,$38.3001,$38.807,$38.0654
09/05/2017,$38.178,11840410,$38.4596,$38.6286,$37.9246
09/01/2017,$38.5441,11343400,$38.2719,$38.6993,$38.1593
08/31/2017,$38.1217,14273310,$38.3846,$38.469,$38.0372
08/30/2017,$38.3188,11902140,$37.643,$38.4221,$37.5585
08/29/2017,$37.6993,9145794,$37.7087,$37.9433,$37.6242
08/28/2017,$37.8683,8331192,$37.8683,$37.9997,$37.7087
08/25/2017,$37.7368,13364520,$37.8495,$38.0654,$37.474
08/24/2017,$37.6805,14366620,$38.3001,$38.3705,$37.5585
08/23/2017,$38.1593,11719800,$38.7225,$38.7694,$38.1311
08/22/2017,$38.8164,11752280,$38.4221,$38.9666,$38.3585
08/21/2017,$38.3001,16451830,$38.0466,$38.4315,$37.9903
08/18/2017,$38.0372,19547100,$37.6617,$38.2672,$37.5913
08/17/2017,$37.8025,14747590,$38.6756,$38.7131,$37.7932
08/16/2017,$38.7131,11616460,$39.1261,$39.1261,$38.5347
08/15/2017,$38.9572,13599360,$39.389,$39.4172,$38.7131
08/14/2017,$39.3327,18471070,$38.9384,$39.4048,$38.8445
08/11/2017,$38.5911,16727760,$38.2625,$38.746,$38.178
08/10/2017,$38.2344,20547570,$37.9246,$38.5347,$37.9058
08/09/2017,$38.1405,17401750,$37.1173,$38.178,$36.9436
08/08/2017,$37.474,13554880,$37.1924,$37.7087,$37.014
08/07/2017,$37.183,12280750,$37.2018,$37.2675,$37.0328
08/04/2017,$37.1736,11476200,$37.3895,$37.3989,$37.1173
08/03/2017,$37.2675,15047150,$37.2018,$37.5397,$37.0891
08/02/2017,$37.5585,16778770,$37.7087,$37.7274,$37.122
08/01/2017,$37.8683,18751130,$37.9246,$38.347,$37.6523
07/31/2017,$37.9715,27109090,$37.4928,$38.1686,$37.4552
07/28/2017,$37.0985,19916020,$36.9389,$37.1736,$36.7418
07/27/2017,$37.014,51420260,$37.6899,$37.7838,$36.4883
07/26/2017,$36.9389,25362980,$37.2018,$37.5209,$36.7512
07/25/2017,$37.3144,17871480,$37.2205,$37.474,$37.0703
07/24/2017,$37.0516,11227430,$37.2205,$37.2675,$36.8544
07/21/2017,$37.2018,11647280,$36.9671,$37.5491,$36.9295
07/20/2017,$37.0703,14110220,$36.9295,$37.2628,$36.7699
07/19/2017,$36.9295,11473170,$36.8544,$36.9483,$36.4602
07/18/2017,$36.7793,11929750,$36.8826,$36.892,$36.4226
07/17/2017,$36.7981,10835480,$36.723,$36.9201,$36.6667
07/14/2017,$36.7981,19790020,$37.0422,$37.0703,$36.2536
07/13/2017,$36.9014,15997830,$36.6667,$36.9483,$36.6479
07/12/2017,$36.6291,13415380,$36.8263,$36.8967,$36.601
07/11/2017,$36.3944,19858610,$36.3663,$36.5916,$36.2536
07/10/2017,$36.3851,13675410,$36.1973,$36.5634,$36.1504
07/07/2017,$36.2067,16878800,$35.9532,$36.3663,$35.9063
07/06/2017,$35.9063,14121710,$36.1504,$36.2255,$35.8031
07/05/2017,$36.3381,20074100,$36.1504,$36.3944,$35.9486
07/03/2017,$36.0096,11541720,$36.6855,$36.845,$35.972
06/30/2017,$36.5353,18260700,$36.7324,$36.7512,$36.3757
06/29/2017,$36.4883,24801010,$37.1454,$37.3332,$35.9345
06/28/2017,$37.4177,18067400,$36.8638,$37.5491,$36.7793
06/27/2017,$36.845,25062360,$37.0891,$37.1736,$36.6948
06/26/2017,$37.1642,18123330,$37.2487,$37.3144,$36.7652
06/23/2017,$37.0797,27860660,$37.4834,$37.5199,$36.9389
06/22/2017,$37.4928,18584030,$37.8683,$38.0982,$37.474
06/21/2017,$37.8119,20114890,$37.9246,$38.0466,$37.5585
06/20/2017,$37.9152,27957590,$38.0184,$38.4972,$37.474
06/19/2017,$39.2388,15014130,$38.8821,$39.3467,$38.6756
06/16/2017,$38.7507,26847870,$38.6474,$38.8117,$38.1874
06/15/2017,$38.9009,12178840,$38.4315,$38.9759,$38.3846
06/14/2017,$38.5723,12170680,$38.8727,$38.8727,$38.3564
06/13/2017,$38.6943,11427980,$38.2907,$38.7413,$38.2813
06/12/2017,$38.4596,15749250,$38.0748,$38.9759,$38.0748
06/09/2017,$38.1968,20496880,$38.4127,$38.5441,$37.9997
06/08/2017,$38.4315,25404870,$39.2482,$39.3327,$38.2344
06/07/2017,$39.3233,12862880,$39.2294,$39.389,$39.0886
06/06/2017,$39.1637,12868960,$39.267,$39.2857,$39.0041
06/05/2017,$39.2294,14300030,$39.5486,$39.5955,$38.9947
06/02/2017,$39.4172,17366980,$39.1449,$39.5861,$39.0041
06/01/2017,$39.1074,17934980,$39.0792,$39.2636,$38.9196
05/31/2017,$39.1355,26345320,$38.5911,$39.1543,$38.5535
05/30/2017,$38.5817,25469430,$38.516,$39.0886,$38.3705
05/26/2017,$38.4033,17878990,$37.7462,$38.4784,$37.7462
05/25/2017,$37.8683,35101100,$38.0654,$38.3001,$37.765
05/24/2017,$37.8589,17188450,$37.4083,$37.9246,$37.2487
05/23/2017,$37.3426,15487450,$37.2205,$37.427,$36.9436
05/22/2017,$37.0703,13107540,$36.6291,$37.136,$36.3851
05/19/2017,$36.4695,18666750,$35.9814,$36.5165,$35.8594
05/18/2017,$36.3006,20337390,$36.0941,$36.6197,$35.7655
05/17/2017,$35.7655,22168150,$36.31,$36.3663,$35.5965
05/16/2017,$36.4414,17815370,$36.6948,$36.6948,$36.3194
05/15/2017,$36.5822,11025170,$36.5071,$36.7512,$36.4883
05/12/2017,$36.5916,12480980,$36.8169,$36.8263,$36.5071
05/11/2017,$36.8544,13483700,$36.4789,$36.9061,$36.4695
05/10/2017,$36.7042,12920700,$36.6291,$36.7042,$36.4038
05/09/2017,$36.6855,12511480,$36.7887,$36.8723,$36.4508
05/08/2017,$36.7981,17213450,$36.9201,$36.9483,$36.4038
05/05/2017,$36.6197,17563670,$36.1692,$36.6291,$35.9298
05/04/2017,$35.9439,17684240,$36.0283,$36.3006,$35.5825
05/03/2017,$36.1785,26297150,$37.014,$37.0328,$35.8218
05/02/2017,$36.9295,14479120,$36.9107,$36.9389,$36.6667
05/01/2017,$36.7887,15962000,$37.0046,$37.0328,$36.601
04/28/2017,$36.7887,19451570,$37.0797,$37.1173,$36.601
04/27/2017,$37.1642,34544820,$37.1267,$38.1311,$36.784
04/26/2017,$36.4132,31461350,$36.31,$36.7793,$36.141
04/25/2017,$36.1316,12494930,$35.681,$36.1879,$35.681
04/24/2017,$35.681,20029890,$36.2255,$36.263,$35.6622
04/21/2017,$35.8218,17106890,$35.6435,$35.9063,$35.6059
04/20/2017,$35.6716,17249640,$35.4557,$35.7843,$35.3431
04/19/2017,$35.2304,15479790,$35.5027,$35.6622,$35.1929
04/18/2017,$35.2868,23066990,$34.9019,$35.4745,$34.7798
04/17/2017,$34.9206,14475190,$35.0145,$35.1084,$34.808
04/13/2017,$34.8643,18032300,$35.0802,$35.099,$34.7235
04/12/2017,$35.0051,17485700,$35.1553,$35.2117,$34.8502
04/11/2017,$34.9488,20035120,$35.3618,$35.3618,$34.8972
04/10/2017,$35.3618,12639980,$35.6247,$35.7373,$35.2586
04/07/2017,$35.6951,14346170,$35.9157,$35.9251,$35.5965
04/06/2017,$35.7937,23315840,$34.9957,$36.0049,$34.9882
04/05/2017,$35.0521,18124090,$35.512,$35.6575,$34.9535
04/04/2017,$35.4745,13177030,$35.2586,$35.6059,$35.2586
04/03/2017,$35.2586,16497680,$35.1741,$35.5684,$35.0896
03/31/2017,$35.2868,15520520,$35.1272,$35.3806,$34.977
03/30/2017,$35.2117,10232060,$34.8549,$35.2492,$34.8549
03/29/2017,$34.9394,10407820,$34.639,$35.0239,$34.5921
03/28/2017,$34.8174,14388780,$34.686,$34.9911,$34.4419
03/27/2017,$34.8362,13383660,$34.9113,$35.0239,$34.639
03/24/2017,$35.0896,17814270,$34.9582,$35.268,$34.808
03/23/2017,$34.9394,11690210,$34.7423,$35.1835,$34.5921
03/22/2017,$34.7705,11081140,$34.8972,$34.977,$34.5545
03/21/2017,$34.7986,18809490,$35.1929,$35.3055,$34.7329
03/20/2017,$35.1835,10857120,$35.2304,$35.4369,$35.1178
03/17/2017,$35.1647,32655900,$35.5496,$35.6341,$35.0802
03/16/2017,$35.3712,13026310,$35.39,$35.6622,$35.2774
03/15/2017,$35.4369,11142550,$35.221,$35.512,$35.114
03/14/2017,$35.1178,9591938,$34.93,$35.3055,$34.8831
03/13/2017,$35.0145,9856826,$35.0333,$35.1929,$34.8643
03/10/2017,$35.0333,12435020,$35.2961,$35.3055,$34.8549
03/09/2017,$35.0896,11213340,$34.9019,$35.1553,$34.8455
03/08/2017,$34.8362,12934270,$34.8878,$35.0521,$34.8174
03/07/2017,$35.1272,14812430,$35.1272,$35.329,$34.9864
03/06/2017,$35.1459,13181600,$34.7986,$35.2023,$34.6425
03/03/2017,$34.9394,11069180,$35.1647,$35.2023,$34.9019
03/02/2017,$35.1553,11110680,$35.221,$35.2492,$34.9113
03/01/2017,$35.2868,16486010,$35.4088,$35.512,$35.221
02/28/2017,$35.1272,16870910,$35.3149,$35.3149,$34.9019
02/27/2017,$35.2304,9563605,$35.4463,$35.4792,$35.2023
02/24/2017,$35.5684,11557820,$35.4088,$35.5778,$35.1741
02/23/2017,$35.3431,13255760,$35.7843,$35.8218,$35.2586
02/22/2017,$35.6153,13117000,$35.5496,$35.8781,$35.5027
02/21/2017,$35.5684,13452010,$35.6998,$35.6998,$35.1178
02/17/2017,$35.3525,19599852,$35.6435,$35.6904,$35.2117
02/16/2017,$35.6669,16599076,$35.8828,$35.8828,$35.5214
02/15/2017,$35.9509,13848332,$35.5543,$35.9814,$35.5261
02/14/2017,$35.7139,15477494,$35.4839,$35.7796,$35.4135
02/13/2017,$35.5355,20421060,$35.2961,$35.5402,$35.2492
02/10/2017,$35.2727,12683724,$35.1976,$35.3337,$35.1084
02/09/2017,$35.2164,14329324,$35.0568,$35.3149,$34.9958
02/08/2017,$35.0568,14212134,$35.1366,$35.1647,$35.0051
02/07/2017,$35.1366,15812558,$35.0427,$35.2961,$34.977
02/06/2017,$34.9864,16223012,$35.2914,$35.2914,$34.9441
02/03/2017,$35.3243,13851742,$35.3431,$35.4135,$35.1741
02/02/2017,$35.2445,15387782,$35.4088,$35.5031,$35.207
02/01/2017,$35.4886,18004222,$35.3384,$35.7608,$35.3196
01/31/2017,$35.3994,26926000,$35.2257,$35.4323,$34.9535
01/30/2017,$35.3619,26341760,$35.6012,$35.6294,$34.9676
01/27/2017,$35.6482,23325920,$35.4323,$35.6669,$35.0192
01/26/2017,$35.437,52161000,$34.3199,$36.08,$34.2635
01/25/2017,$34.4701,26646100,$34.6109,$34.6766,$34.3128
01/24/2017,$34.5452,17549628,$34.3574,$34.6343,$34.2635
01/23/2017,$34.3856,16936846,$34.5217,$34.6109,$34.2096
01/20/2017,$34.5311,24982360,$34.2964,$34.5499,$34.1415
01/19/2017,$34.0805,14439392,$33.8787,$34.2401,$33.8538
01/18/2017,$33.9303,18013232,$34.1087,$34.1556,$33.8834
01/17/2017,$34.057,21143080,$33.8927,$34.1415,$33.7097
01/13/2017,$34.1556,23293560,$33.7942,$34.2354,$33.6815
01/12/2017,$33.5219,14597670,$33.6064,$33.6382,$33.245
01/11/2017,$33.6581,22207300,$33.1981,$33.6721,$33.184
01/10/2017,$33.2873,24544100,$33.1465,$33.6815,$33.0667
01/09/2017,$33.245,18135578,$32.9212,$33.3056,$32.8789
01/06/2017,$32.9822,13513098,$32.954,$33.1089,$32.771
01/05/2017,$32.9259,16760082,$32.663,$32.9775,$32.5738
01/04/2017,$32.7944,22010500,$32.6255,$32.9751,$32.4706
01/03/2017,$32.4096,23672000,$32.7006,$32.8038,$32.0247
12/30/2016,$32.4096,24376180,$32.832,$32.8789,$32.3532
12/29/2016,$32.8977,11986954,$33.0432,$33.1652,$32.839
12/28/2016,$33.0667,9062100,$33.2591,$33.3243,$33.0197
12/27/2016,$33.2638,6118266,$33.2309,$33.475,$33.0901
12/23/2016,$33.1605,8513520,$33.3295,$33.3624,$33.069
12/22/2016,$33.3342,18988694,$33.1324,$33.3342,$32.9587
12/21/2016,$33.245,11198268,$32.6067,$33.3741,$32.6067
12/20/2016,$33.3295,20764460,$33.0056,$33.4187,$32.8461
12/19/2016,$32.9259,14040122,$32.9306,$33.062,$32.7475
12/16/2016,$32.7897,29901140,$32.954,$33.0479,$32.6442
12/15/2016,$32.7991,20186600,$32.9399,$33.1558,$32.6724
12/14/2016,$32.8648,20531760,$32.8273,$33.1793,$32.6865
12/13/2016,$32.8461,18203722,$32.4189,$32.9634,$32.3532
12/12/2016,$32.3861,14964826,$32.4002,$32.5175,$32.1561
12/09/2016,$32.5973,17138782,$32.6067,$32.6114,$32.3532
12/08/2016,$32.494,17552540,$32.4659,$32.6114,$32.3579
12/07/2016,$32.541,21097200,$32.2734,$32.5879,$31.9496
12/06/2016,$32.2453,21342500,$32.2077,$32.3767,$32.02
12/05/2016,$32.2359,19690850,$32.3955,$32.5363,$32.0951
12/02/2016,$32.2828,26718680,$32.832,$33.0127,$32.2171
12/01/2016,$32.7897,19337398,$32.5785,$32.8789,$32.494
11/30/2016,$32.6255,23008780,$32.893,$32.9869,$32.5034
11/29/2016,$32.9212,30490180,$32.1514,$32.9587,$32.0481
11/28/2016,$32.0622,19492176,$32.2875,$32.3861,$31.9261
11/25/2016,$32.4612,6963552,$32.3532,$32.4987,$32.2875
11/23/2016,$32.3673,18862980,$32.4377,$32.8179,$32.3485
11/22/2016,$32.3955,26432820,$32.0388,$32.4612,$32.0106
11/21/2016,$32.0106,17255248,$32.0716,$32.25,$31.9026
11/18/2016,$32.0763,20896920,$32.0247,$32.1983,$31.8839
11/17/2016,$32.1467,23372720,$31.6351,$32.2547,$31.3535
11/16/2016,$31.668,22812360,$31.3441,$31.6914,$31.2549
11/15/2016,$31.438,31378600,$31.4849,$31.7724,$31.2408
11/14/2016,$31.5694,37671620,$31.0625,$31.9777,$31.0625
11/11/2016,$31.1939,31743960,$30.3866,$31.2455,$30.3209
11/10/2016,$30.5556,54789620,$29.8187,$30.9404,$29.8046
11/09/2016,$29.7811,40323820,$29.1005,$30.0862,$29.1005
11/08/2016,$29.3446,22181120,$28.9269,$29.5324,$28.8387
11/07/2016,$28.8706,19198684,$28.8799,$28.9832,$28.6546
11/04/2016,$28.4716,20978560,$28.3777,$28.7438,$28.1806
11/03/2016,$28.6077,19015096,$28.894,$29.0771,$28.5561
11/02/2016,$28.8518,23440240,$28.8002,$28.9269,$28.6781
11/01/2016,$28.8424,20968600,$29.3446,$29.3446,$28.6969
10/31/2016,$29.0161,19312474,$29.1897,$29.3258,$28.9597
10/28/2016,$29.0442,28874960,$28.8565,$29.4361,$28.8565
10/27/2016,$28.8565,44946280,$29.4056,$29.4526,$28.4434
10/26/2016,$29.3634,42666980,$30.4758,$30.4758,$29.2789
10/25/2016,$30.2833,30351420,$30.5086,$30.8044,$30.2223
10/24/2016,$30.4899,19270938,$30.7856,$30.7856,$30.3279
10/21/2016,$30.0674,22767940,$30.0252,$30.1848,$29.8374
10/20/2016,$30.2035,21390860,$30.4054,$30.4617,$30.1238
10/19/2016,$30.4664,17066422,$30.565,$30.7504,$30.3772
10/18/2016,$30.4523,15343756,$30.7292,$30.7433,$30.4195
10/17/2016,$30.518,10766766,$30.5743,$30.7809,$30.4992
10/14/2016,$30.6025,15318730,$30.6025,$30.856,$30.5039
10/13/2016,$30.565,14276302,$30.4523,$30.6494,$30.14
10/12/2016,$30.6213,12797406,$30.5509,$30.7757,$30.4664
10/11/2016,$30.4899,14748606,$30.8466,$30.8466,$30.4476
10/10/2016,$30.8747,14836198,$30.7292,$30.9733,$30.7105
10/07/2016,$30.6776,14942012,$30.8419,$30.8513,$30.4899
10/06/2016,$30.7011,14454926,$30.7903,$30.8794,$30.5462
10/05/2016,$30.8841,16502810,$31.0437,$31.0906,$30.7738
10/04/2016,$30.8982,14543834,$31.0109,$31.1564,$30.809
10/03/2016,$31.0672,13457092,$30.9217,$31.1423,$30.8372
09/30/2016,$31.1376,21125160,$31.2315,$31.2455,$31.0719
09/29/2016,$31.0953,18621622,$31.2972,$31.2972,$30.8747
09/28/2016,$31.2972,15547450,$31.0578,$31.3112,$30.978
09/27/2016,$31.0578,17221710,$30.8654,$31.1657,$30.7903
09/26/2016,$30.8888,15629082,$31.5647,$31.5647,$30.8372
09/23/2016,$31.5178,18387800,$31.3019,$31.682,$31.3019
09/22/2016,$31.5882,17415070,$31.682,$31.6961,$31.3817
09/21/2016,$31.5225,16920356,$31.0625,$31.6046,$31.0109
09/20/2016,$31.086,15114438,$31.1235,$31.3347,$30.985
09/19/2016,$30.9076,13586492,$30.9686,$31.1329,$30.7809
09/16/2016,$30.9404,27130100,$30.9686,$31.0437,$30.6401
09/15/2016,$31.0906,20157960,$30.4664,$31.1798,$30.4241
09/14/2016,$30.5884,15182078,$30.4992,$30.7105,$30.3913
09/13/2016,$30.4007,25050140,$30.6401,$30.7621,$30.3843
09/12/2016,$30.8654,17134934,$30.4852,$30.9311,$30.4382
09/09/2016,$30.5603,28205460,$30.6166,$30.9193,$30.4265
09/08/2016,$31.0531,16203404,$31.0813,$31.1845,$30.9123
09/07/2016,$31.1423,14253428,$31.0343,$31.1892,$30.9827
09/06/2016,$31.1376,14540316,$30.9968,$31.1657,$30.802
09/02/2016,$31.0531,12015342,$31.1564,$31.2385,$30.9545
09/01/2016,$30.9264,17671698,$30.7903,$31.0155,$30.6354
08/31/2016,$30.6307,13572852,$30.6682,$30.8325,$30.4949
08/30/2016,$30.7668,12767656,$30.8231,$30.8231,$30.5603
08/29/2016,$30.8184,11622616,$30.8231,$30.9733,$30.7715
08/26/2016,$30.748,13464580,$30.856,$31.0672,$30.5837
08/25/2016,$30.7715,12947970,$30.8654,$30.9264,$30.7105
08/24/2016,$30.8325,17686188,$30.7339,$30.917,$30.687
08/23/2016,$30.8184,20159380,$31.3066,$31.3159,$30.6682
08/22/2016,$31.1845,11391916,$31.147,$31.1986,$30.8912
08/19/2016,$31.1141,25578160,$31.5225,$31.5647,$31.0625
08/18/2016,$31.6398,11314510,$31.8557,$31.8557,$31.4849
08/17/2016,$31.8088,10986998,$31.5976,$31.8604,$31.4614
08/16/2016,$31.5929,9421138,$31.56,$31.7548,$31.5178
08/15/2016,$31.6914,9572772,$31.6867,$31.898,$31.6656
08/12/2016,$31.6867,8224804,$31.6023,$31.8205,$31.5976
08/11/2016,$31.7665,11807490,$31.5647,$31.8229,$31.5272
08/10/2016,$31.5506,15056126,$31.4004,$31.6116,$31.2737
08/09/2016,$31.4004,16773430,$31.5459,$31.6445,$31.3723
08/08/2016,$31.4802,14591302,$31.4943,$31.5412,$31.33
08/05/2016,$31.6304,13788014,$31.6961,$31.8322,$31.5131
08/04/2016,$31.5318,13411126,$31.2972,$31.5741,$31.2972
08/03/2016,$31.3723,14937152,$31.4521,$31.5835,$31.1751
08/02/2016,$31.4004,14091434,$31.7478,$31.7478,$31.3957
08/01/2016,$31.7008,13197172,$31.6351,$31.7994,$31.6069
07/29/2016,$31.5647,19854840,$31.8557,$31.8886,$31.4802
07/28/2016,$31.851,17688290,$31.7853,$32.0857,$31.7618
07/27/2016,$31.8792,23661480,$32.0106,$32.0669,$31.2221
07/26/2016,$31.5318,16963922,$31.5835,$31.668,$31.2878
07/25/2016,$31.668,12056176,$31.7102,$31.7759,$31.58
07/22/2016,$31.6633,15377778,$31.682,$31.8041,$31.4696
07/21/2016,$31.4567,14993678,$31.4333,$31.6163,$31.2648
07/20/2016,$31.5037,11885126,$31.4567,$31.5459,$31.0813
07/19/2016,$31.4896,15719538,$31.2925,$31.553,$31.208
07/18/2016,$31.3817,10137686,$31.3394,$31.5318,$31.3019
07/15/2016,$31.391,14566664,$31.7102,$31.7431,$31.2972
07/14/2016,$31.4567,14941006,$31.5694,$31.621,$31.3957
07/13/2016,$31.3676,17016358,$31.5318,$31.621,$31.3089
07/12/2016,$31.5178,19438502,$31.7712,$31.8933,$31.4521
07/11/2016,$31.6398,15083008,$31.6867,$31.7712,$31.4051
07/08/2016,$31.499,27318540,$31.2596,$31.5318,$31.1188
07/07/2016,$31.10,30780200,$30.4148,$31.1751,$30.3913
07/06/2016,$30.5556,21475320,$30.5227,$30.6025,$30.3584
07/05/2016,$30.5133,18330138,$30.3772,$30.6424,$30.3021
07/01/2016,$30.6401,17591350,$30.4664,$30.7105,$30.166
06/30/2016,$30.5978,29340820,$30.1566,$30.7057,$30.0393
06/29/2016,$30.0111,20625880,$29.8797,$30.1144,$29.6544
06/28/2016,$29.6028,21479660,$29.5981,$29.6398,$29.2038
06/27/2016,$29.3165,31600060,$28.6406,$29.4385,$28.6171
06/24/2016,$28.9363,35681200,$28.5561,$29.3822,$28.4716
06/23/2016,$29.5464,14270168,$29.7295,$29.7905,$29.3962
06/22/2016,$29.4009,11586628,$29.354,$29.645,$29.1991
06/21/2016,$29.354,17633434,$29.3211,$29.476,$29.124
06/20/2016,$29.3165,15595858,$29.5371,$29.7717,$29.2953
06/17/2016,$29.2742,23925740,$29.6497,$29.6497,$29.1663
06/16/2016,$29.6168,14830838,$29.1897,$29.6802,$29.0301
06/15/2016,$29.2648,16346716,$29.3165,$29.6192,$29.2179
06/14/2016,$29.4009,14935870,$29.1052,$29.4314,$29.0724
06/13/2016,$29.2836,15338242,$29.4432,$29.6262,$29.2037
06/10/2016,$29.476,15732362,$29.1897,$29.5558,$29.1569
06/09/2016,$29.5371,11233064,$29.5089,$29.6309,$29.3517
06/08/2016,$29.6732,13385118,$29.7013,$29.814,$29.5981
06/07/2016,$29.6872,12818252,$29.7342,$29.8867,$29.6591
06/06/2016,$29.7577,11897384,$29.9032,$29.9923,$29.6732
06/03/2016,$29.8328,11913258,$29.8844,$29.936,$29.5699
06/02/2016,$29.8797,12857688,$29.8844,$29.9548,$29.753
06/01/2016,$29.9125,15382490,$29.7764,$29.9595,$29.5934
05/31/2016,$29.7107,23822240,$29.4854,$29.753,$29.3359
05/27/2016,$29.5136,16159920,$29.3869,$29.645,$29.3211
05/26/2016,$29.2367,14585702,$29.3587,$29.5089,$29.1428
05/25/2016,$29.3822,17988264,$29.3822,$29.6497,$28.955
05/24/2016,$29.3071,19879272,$29.1381,$29.3352,$28.955
05/23/2016,$29.0114,23562660,$28.8377,$29.3258,$28.833
05/20/2016,$28.9879,22234740,$28.2181,$29.0442,$28.2181
05/19/2016,$28.2792,17932460,$28.1618,$28.4387,$27.9811
05/18/2016,$28.3402,26571020,$28.4106,$28.5514,$28.0961
05/17/2016,$28.3636,31893500,$28.9691,$28.9879,$28.3191
05/16/2016,$29.1005,17514604,$28.8518,$29.3423,$28.8048
05/13/2016,$29.0254,16441608,$29.1099,$29.3446,$28.9363
05/12/2016,$29.2226,16674570,$29.2648,$29.4103,$29.0137
05/11/2016,$29.1334,16310194,$29.3258,$29.462,$29.0461
05/10/2016,$29.4009,21595900,$28.833,$29.4408,$28.8142
05/09/2016,$28.8283,12855354,$28.8987,$29.0419,$28.718
05/06/2016,$28.8283,15560034,$28.5795,$28.8377,$28.4481
05/05/2016,$28.6546,16677596,$28.65,$28.8471,$28.4153
05/04/2016,$28.5795,21482360,$28.4387,$28.9081,$28.3965
05/03/2016,$28.6077,22578560,$28.5889,$29.002,$28.4669
05/02/2016,$28.7391,21343760,$28.6734,$28.8799,$28.4294
04/29/2016,$28.5185,29318300,$28.4106,$28.6546,$28.1712
04/28/2016,$28.7016,28113300,$28.4998,$29.1005,$28.3965
04/27/2016,$28.772,34141020,$29.1944,$29.4713,$28.3871
04/26/2016,$28.6546,17546782,$28.6406,$28.894,$28.5749
04/25/2016,$28.6312,24382340,$28.6406,$28.6781,$28.3848
04/22/2016,$28.6781,21977000,$28.5749,$28.8659,$28.4387
04/21/2016,$28.603,28460820,$28.7485,$28.8002,$28.3402
04/20/2016,$28.8471,26836940,$29.3822,$29.3822,$28.7767
04/19/2016,$29.232,18770352,$29.3071,$29.5277,$29.1193
04/18/2016,$29.3258,17228072,$28.955,$29.408,$28.8846
04/15/2016,$29.0865,16596634,$29.1616,$29.3024,$28.8189
04/14/2016,$29.0254,13642916,$29.1756,$29.2414,$28.9457
