Date,Close/Last,Volume,Open,High,Low
04/13/2026,$34.27,483683,$34.11,$34.46,$33.88
04/10/2026,$36.48,280551,$36.60,$36.80,$36.35
04/09/2026,$36.57,546661,$36.39,$36.78,$36.345
04/08/2026,$36.56,489345,$36.43,$36.90,$36.17
04/07/2026,$35.72,900079,$35.73,$35.91,$35.465
04/06/2026,$36.99,256944,$36.90,$37.08,$36.69
04/02/2026,$36.71,504885,$36.00,$37.21,$35.72
04/01/2026,$37.16,261510,$37.56,$37.65,$36.83
03/31/2026,$37.08,406958,$37.12,$37.44,$36.67
03/30/2026,$36.84,365613,$36.67,$37.00,$36.54
03/27/2026,$36.51,506141,$36.27,$36.78,$36.14
03/26/2026,$36.68,233674,$36.89,$37.13,$36.66
03/25/2026,$37.27,356226,$37.07,$38.00,$37.02
03/24/2026,$37.44,346863,$36.74,$37.68,$36.68
03/23/2026,$36.6843,415044,$36.59,$37.32,$36.37
03/20/2026,$36.45,303017,$37.02,$37.12,$36.33
03/19/2026,$37.23,383677,$37.11,$37.42,$36.70
03/18/2026,$37.02,577795,$37.55,$37.55,$37.01
03/17/2026,$38.30,778710,$38.41,$38.67,$38.20
03/16/2026,$38.01,308736,$38.27,$38.31,$37.465
03/13/2026,$38.03,364611,$38.22,$38.4395,$37.96
03/12/2026,$37.66,267807,$37.48,$37.85,$37.38
03/11/2026,$37.75,226224,$37.63,$37.90,$37.58
03/10/2026,$37.97,477222,$37.73,$38.35,$37.62
03/09/2026,$37.98,838972,$37.88,$38.21,$37.28
03/06/2026,$38.20,694093,$37.68,$38.23,$37.52
03/05/2026,$38.35,601064,$38.55,$38.55,$38.13
03/04/2026,$38.52,475353,$38.51,$38.62,$38.22
03/03/2026,$38.24,775622,$37.49,$38.41,$37.45
03/02/2026,$38.62,475767,$39.508,$39.56,$38.55
02/27/2026,$40.28,293978,$40.06,$40.58,$40.06
02/26/2026,$38.923,452957,$39.10,$39.26,$38.73
02/25/2026,$39.57,402354,$39.52,$39.81,$39.50
02/24/2026,$39.34,327444,$39.61,$39.78,$39.26
02/23/2026,$39.16,398458,$38.94,$39.4099,$38.87
02/20/2026,$38.72,335093,$38.54,$38.73,$38.36
02/19/2026,$38.34,306423,$38.24,$38.67,$38.19
02/18/2026,$38.196,545716,$38.95,$39.12,$38.15
02/17/2026,$39.56,463813,$39.25,$39.64,$39.09
02/13/2026,$38.41,424440,$38.39,$38.50,$38.02
02/12/2026,$38.12,520178,$37.77,$38.34,$37.70
02/11/2026,$36.23,373853,$35.63,$36.61,$35.13
02/10/2026,$36.12,350331,$36.00,$36.13,$35.88
02/09/2026,$36.385,281338,$36.09,$36.42,$35.84
02/06/2026,$35.8665,327652,$36.12,$36.12,$35.81
02/05/2026,$36.10,335000,$35.87,$36.25,$35.70
02/04/2026,$35.88,357538,$35.97,$35.996,$35.67
02/03/2026,$34.16,386116,$33.49,$34.20,$33.47
02/02/2026,$33.92,384543,$34.15,$34.192,$33.82
01/30/2026,$33.41,334007,$33.10,$33.5699,$33.10
01/29/2026,$33.04,314418,$32.87,$33.05,$32.72
01/28/2026,$32.56,310239,$32.16,$32.65,$32.12
01/27/2026,$32.62,376627,$32.54,$32.71,$32.26
01/26/2026,$32.061,305524,$32.21,$32.36,$31.914
01/23/2026,$32.09,353836,$31.38,$32.10,$31.28
01/22/2026,$31.68,547747,$31.63,$31.85,$31.4901
01/21/2026,$31.03,491137,$30.72,$31.18,$30.72
01/20/2026,$31.47,781907,$31.50,$31.61,$31.36
01/16/2026,$31.43,404701,$32.05,$32.07,$31.32
01/15/2026,$32.24,384958,$32.25,$32.43,$32.13
01/14/2026,$32.665,940985,$32.40,$32.805,$32.24
01/13/2026,$32.56,1098785,$33.17,$33.32,$32.50
01/12/2026,$33.41,423240,$33.66,$33.70,$33.39
01/09/2026,$33.06,340758,$32.87,$33.17,$32.85
01/08/2026,$32.90,365010,$32.64,$33.0376,$32.64
01/07/2026,$31.90,322797,$32.12,$32.15,$31.86
01/06/2026,$32.19,388457,$32.46,$32.53,$32.06
01/05/2026,$32.26,525660,$32.50,$32.51,$32.01
01/02/2026,$32.65,375593,$32.62,$32.76,$32.44
12/31/2025,$32.70,193598,$32.79,$32.79,$32.44
12/30/2025,$32.72,369218,$32.63,$32.86,$32.27
12/29/2025,$32.72,366504,$32.57,$32.85,$32.52
12/26/2025,$32.56,254025,$32.40,$32.56,$32.2001
12/24/2025,$32.48,130019,$32.00,$32.85,$32.00
12/23/2025,$32.41,335235,$32.16,$32.53,$32.16
12/22/2025,$32.19,489421,$32.09,$32.36,$32.09
12/19/2025,$32.08,578438,$32.045,$32.24,$31.922
12/18/2025,$32.09,525828,$31.90,$32.23,$31.855
12/17/2025,$31.86,384547,$31.36,$31.98,$31.36
12/16/2025,$31.51,1397897,$31.46,$31.583,$31.378
12/15/2025,$31.30,1441164,$31.38,$31.48,$31.19
12/12/2025,$31.54,1932260,$31.4501,$31.61,$31.3941
12/11/2025,$31.67,622370,$31.38,$31.73,$31.38
12/10/2025,$31.42,467148,$31.33,$31.44,$31.25
12/09/2025,$31.31,460743,$31.75,$31.78,$31.20
12/08/2025,$31.62,479325,$32.01,$32.05,$31.40
12/05/2025,$32.03,344940,$32.01,$32.17,$31.98
12/04/2025,$31.918,386770,$32.01,$32.1095,$31.88
12/03/2025,$31.81,484120,$31.92,$31.99,$31.68
12/02/2025,$32.02,462400,$32.08,$32.10,$31.86
12/01/2025,$32.05,622027,$32.195,$32.21,$31.97
11/28/2025,$32.18,183887,$32.04,$32.24,$31.9745
11/26/2025,$32.05,255611,$31.99,$32.14,$31.915
11/25/2025,$31.98,416939,$31.78,$32.04,$31.78
11/24/2025,$31.42,823446,$31.81,$31.83,$31.23
11/21/2025,$31.89,656634,$31.82,$31.92,$31.665
11/20/2025,$31.03,441073,$31.61,$31.63,$30.96
11/19/2025,$31.3505,347156,$31.44,$31.49,$31.33
11/18/2025,$31.19,381515,$31.19,$31.34,$31.105
11/17/2025,$31.48,414131,$31.46,$31.68,$31.41
11/14/2025,$31.72,339490,$31.755,$31.84,$31.6301
11/13/2025,$31.66,460539,$31.40,$31.8099,$31.15
11/12/2025,$31.70,233718,$31.51,$31.86,$31.51
11/11/2025,$31.43,338631,$31.32,$31.51,$31.30
11/10/2025,$30.96,715835,$30.76,$31.03,$30.74
11/07/2025,$30.94,641072,$30.49,$31.00,$30.49
11/06/2025,$30.54,1049990,$30.56,$30.62,$30.36
11/05/2025,$30.57,332619,$30.55,$30.68,$30.43
11/04/2025,$30.67,572758,$30.35,$30.75,$30.31
11/03/2025,$30.73,976793,$31.02,$31.08,$30.73
10/31/2025,$31.08,814056,$31.18,$31.23,$31.02
10/30/2025,$31.63,742883,$31.67,$32.15,$31.50
10/29/2025,$32.71,572957,$33.69,$34.1345,$32.64
10/28/2025,$33.86,449503,$33.88,$34.09,$33.77
10/27/2025,$34.32,474520,$33.37,$34.50,$33.3499
10/24/2025,$33.76,538532,$33.94,$33.96,$33.6813
10/23/2025,$34.21,489249,$34.59,$34.59,$33.98
10/22/2025,$34.87,482292,$34.55,$35.04,$34.15
10/21/2025,$34.82,279558,$34.94,$34.99,$34.73
10/20/2025,$35.004,268492,$35.19,$35.22,$34.92
10/17/2025,$34.91,355891,$34.66,$34.91,$34.654
10/16/2025,$34.47,271748,$34.38,$34.61,$34.31
10/15/2025,$34.18,321624,$34.04,$34.28,$34.04
10/14/2025,$34.17,249507,$34.35,$34.356,$34.04
10/13/2025,$34.02,294496,$33.86,$34.15,$33.81
10/10/2025,$34.37,299049,$34.38,$34.65,$34.30
10/09/2025,$34.26,564936,$34.27,$34.402,$34.143
10/08/2025,$33.99,317634,$33.98,$34.083,$33.857
10/07/2025,$33.78,290392,$33.83,$33.91,$33.70
10/06/2025,$33.96,424909,$34.17,$34.19,$33.82
10/03/2025,$34.09,1739808,$34.21,$34.21,$33.98
10/02/2025,$34.04,598657,$34.29,$34.30,$33.999
10/01/2025,$34.174,1021830,$34.28,$34.49,$34.16
09/30/2025,$34.15,271614,$33.93,$34.18,$33.90
09/29/2025,$33.7795,552262,$33.61,$33.80,$33.6001
09/26/2025,$33.49,273009,$33.54,$33.66,$33.44
09/25/2025,$33.40,1014350,$33.52,$33.6495,$33.23
09/24/2025,$33.55,919439,$33.53,$33.65,$33.49
09/23/2025,$33.68,5956441,$33.65,$33.71,$33.29
09/22/2025,$33.814,284723,$33.76,$33.89,$33.61
09/19/2025,$34.19,246149,$34.27,$34.342,$34.12
09/18/2025,$34.43,229388,$34.44,$34.60,$34.38
09/17/2025,$34.46,257152,$34.59,$34.89,$34.41
09/16/2025,$34.93,236771,$34.91,$35.05,$34.71
09/15/2025,$35.09,203819,$35.04,$35.24,$35.03
09/12/2025,$35.26,308785,$35.22,$35.34,$35.105
09/11/2025,$35.31,276588,$35.38,$35.45,$35.20
09/10/2025,$35.12,184535,$35.16,$35.36,$35.0501
09/09/2025,$35.95,513309,$35.98,$36.08,$35.85
09/08/2025,$35.76,374837,$35.70,$35.88,$35.59
09/05/2025,$37.22,267705,$37.20,$37.34,$37.16
09/04/2025,$37.17,269866,$36.871,$37.17,$36.86
09/03/2025,$36.34,195503,$36.36,$36.40,$36.16
09/02/2025,$36.64,256207,$36.60,$36.874,$36.57
08/29/2025,$36.659,235585,$36.48,$36.68,$36.44
08/28/2025,$36.688,167253,$36.53,$36.73,$36.4435
08/27/2025,$36.948,356369,$36.66,$36.95,$36.61
08/26/2025,$36.92,656025,$37.34,$37.34,$36.7701
08/25/2025,$36.50,282899,$36.60,$36.875,$36.46
08/22/2025,$36.73,238631,$36.62,$37.031,$36.55
08/21/2025,$36.76,162413,$36.525,$36.795,$36.49
08/20/2025,$36.81,273554,$36.69,$36.86,$36.67
08/19/2025,$36.43,284335,$36.50,$36.676,$36.355
08/18/2025,$36.233,360288,$36.09,$36.33,$36.09
08/15/2025,$36.17,174954,$35.94,$36.23,$35.94
08/14/2025,$35.73,213223,$35.60,$35.78,$35.60
08/13/2025,$35.58,156084,$35.33,$35.62,$35.294
08/12/2025,$35.54,252712,$35.01,$35.55,$35.00
08/11/2025,$34.82,265014,$34.6375,$34.89,$34.6001
08/08/2025,$34.366,1569673,$34.50,$34.65,$34.35
08/07/2025,$34.81,561794,$34.72,$34.865,$34.52
08/06/2025,$36.38,241103,$36.37,$36.58,$36.17
08/05/2025,$36.42,277541,$36.43,$36.63,$36.36
08/04/2025,$36.58,337844,$36.475,$36.78,$36.29
08/01/2025,$36.0403,1044885,$36.10,$36.15,$35.815
07/31/2025,$35.82,255740,$35.90,$36.05,$35.752
07/30/2025,$36.42,210779,$36.44,$36.64,$36.26
07/29/2025,$36.56,228805,$36.34,$36.61,$36.25
07/28/2025,$36.13,245804,$36.71,$36.73,$36.03
07/25/2025,$37.27,670878,$36.89,$37.27,$36.882
07/24/2025,$37.59,307715,$37.29,$37.76,$37.29
07/23/2025,$36.12,294374,$35.35,$36.15,$35.33
07/22/2025,$35.72,194233,$35.45,$35.79,$35.39
07/21/2025,$35.38,260055,$35.24,$35.55,$35.22
07/18/2025,$35.28,251757,$35.37,$35.49,$35.24
07/17/2025,$35.57,381732,$35.25,$35.58,$35.22
07/16/2025,$35.24,996188,$35.39,$35.56,$35.11
07/15/2025,$35.07,353005,$35.44,$35.44,$35.0104
07/14/2025,$35.71,811177,$35.64,$35.73,$35.60
07/11/2025,$35.79,243692,$35.73,$35.80,$35.61
07/10/2025,$35.79,247347,$35.79,$35.88,$35.07
07/09/2025,$36.54,244355,$36.37,$36.57,$36.19
07/08/2025,$36.50,184246,$36.31,$36.53,$36.2201
07/07/2025,$36.29,200700,$36.215,$36.45,$36.1201
07/03/2025,$36.60,158044,$36.38,$36.61,$36.25
07/02/2025,$36.68,202423,$36.63,$36.7399,$36.4901
07/01/2025,$36.72,188302,$36.65,$36.8785,$36.5701
06/30/2025,$36.59,225307,$36.31,$36.59,$36.23
06/27/2025,$36.39,939634,$36.34,$36.59,$36.27
06/26/2025,$36.13,306290,$36.41,$36.41,$35.93
06/25/2025,$35.94,332279,$36.01,$36.1705,$35.79
06/24/2025,$37.055,908846,$36.64,$37.15,$36.64
06/23/2025,$36.13,276225,$35.37,$36.14,$35.36
06/20/2025,$35.15,250435,$35.25,$35.32,$35.02
06/18/2025,$34.86,247860,$35.02,$35.13,$34.75
06/17/2025,$35.19,337281,$35.428,$35.57,$35.02
06/16/2025,$36.03,166262,$35.53,$36.28,$35.50
06/13/2025,$35.44,230455,$34.81,$35.7535,$34.78
06/12/2025,$36.03,272843,$36.46,$36.56,$35.88
06/11/2025,$37.0575,232548,$37.54,$37.633,$37.03
06/10/2025,$37.55,341642,$37.95,$37.988,$37.52
06/09/2025,$38.18,277404,$38.26,$38.40,$38.16
06/06/2025,$38.67,261061,$38.87,$38.94,$38.44
06/05/2025,$38.874,191801,$38.89,$39.04,$38.79
06/04/2025,$38.47,358026,$38.23,$38.627,$38.23
06/03/2025,$38.08,365336,$38.32,$38.41,$37.9575
06/02/2025,$38.0136,303178,$37.595,$38.07,$37.53
05/30/2025,$37.85,231345,$37.88,$37.96,$37.66
05/29/2025,$37.67,231963,$37.81,$37.83,$37.58
05/28/2025,$37.74,255194,$38.16,$38.20,$37.66
05/27/2025,$38.86,259136,$38.91,$39.00,$38.77
05/23/2025,$38.38,226071,$38.29,$38.495,$38.107
05/22/2025,$38.68,1328326,$38.49,$38.82,$38.45
05/21/2025,$38.65,735476,$38.70,$38.99,$38.58
05/20/2025,$38.08,1241549,$37.82,$38.21,$37.71
05/19/2025,$37.62,594226,$37.48,$37.74,$37.39
05/16/2025,$36.89,271258,$36.64,$36.955,$36.44
05/15/2025,$36.44,1282785,$35.87,$36.54,$35.85
05/14/2025,$35.513,235184,$35.59,$35.71,$35.30
05/13/2025,$35.39,335711,$35.42,$35.47,$35.23
05/12/2025,$35.16,313619,$35.20,$35.28,$34.936
05/09/2025,$36.33,212559,$36.36,$36.49,$36.29
05/08/2025,$35.81,252106,$36.03,$36.11,$35.80
05/07/2025,$36.08,1339803,$36.30,$36.40,$36.00
05/06/2025,$36.30,626379,$36.35,$36.52,$36.24
05/05/2025,$36.17,356531,$36.39,$36.50,$36.13
05/02/2025,$35.82,290352,$36.01,$36.205,$35.82
05/01/2025,$35.82,284795,$36.1799,$36.1799,$35.08
04/30/2025,$35.81,252937,$35.83,$35.93,$35.52
04/29/2025,$35.32,3223710,$35.37,$35.43,$35.16
04/28/2025,$35.30,1033558,$35.15,$35.30,$34.95
04/25/2025,$35.54,245121,$36.31,$36.372,$35.38
04/24/2025,$37.44,296321,$37.27,$37.50,$37.06
04/23/2025,$37.33,329845,$36.64,$37.69,$36.53
04/22/2025,$36.79,298864,$36.43,$36.97,$36.26
04/21/2025,$36.19,291414,$37.21,$37.21,$35.87
04/17/2025,$36.13,352719,$36.20,$36.435,$36.07
04/16/2025,$36.36,656917,$36.16,$36.51,$36.15
04/15/2025,$35.77,426469,$35.83,$36.10,$35.6801
04/14/2025,$35.64,552639,$35.32,$35.86,$35.27
04/11/2025,$34.787,871749,$34.787,$34.787,$34.787
04/10/2025,$36.73,556048,$36.17,$37.07,$35.85
04/09/2025,$36.57,548461,$34.56,$36.89,$34.56
04/08/2025,$34.49,904628,$34.60,$35.19,$34.22
04/07/2025,$34.55,627693,$34.20,$35.47,$33.96
04/04/2025,$35.44,765153,$37.11,$37.16,$35.43
04/03/2025,$37.51,335055,$37.86,$37.98,$37.37
04/02/2025,$36.95,523434,$37.03,$37.16,$36.8175
04/01/2025,$37.34,363409,$37.22,$37.39,$37.12
03/31/2025,$37.07,365752,$36.88,$37.19,$36.879
03/28/2025,$37.00,663242,$36.59,$37.15,$36.55
03/27/2025,$36.06,417644,$35.97,$36.25,$35.97
03/26/2025,$36.05,482730,$35.79,$36.29,$35.75
03/25/2025,$36.08,380905,$36.19,$36.22,$35.95
03/24/2025,$35.925,295368,$36.18,$36.33,$35.81
03/21/2025,$36.38,222535,$36.17,$36.50,$35.99
03/20/2025,$36.11,446374,$36.15,$36.28,$36.04
03/19/2025,$36.42,843099,$36.78,$36.80,$36.34
03/18/2025,$36.84,881432,$36.66,$37.164,$36.64
03/17/2025,$36.99,392656,$36.75,$37.06,$36.6889
03/14/2025,$36.79,1404941,$36.37,$36.79,$36.3201
03/13/2025,$36.57,500115,$36.43,$36.71,$36.42
03/12/2025,$36.20,407206,$36.26,$36.54,$35.89
03/11/2025,$36.42,990815,$37.41,$37.41,$36.25
03/10/2025,$37.24,1070264,$37.18,$37.49,$37.125
03/07/2025,$36.97,1275270,$36.24,$37.08,$36.20
03/06/2025,$35.60,1356671,$35.61,$35.99,$35.48
03/05/2025,$36.92,671783,$36.69,$37.0175,$36.56
03/04/2025,$37.38,2000471,$37.50,$37.53,$36.9321
03/03/2025,$37.60,364417,$37.46,$37.74,$37.40
02/28/2025,$36.18,10240800,$35.92,$36.29,$35.89
02/27/2025,$35.76,5295026,$35.81,$35.945,$35.50
02/26/2025,$35.52,8144608,$35.73,$35.91,$35.42
02/25/2025,$36.86,4448156,$36.77,$36.92,$36.62
02/24/2025,$36.18,1200256,$36.28,$36.39,$36.1604
02/21/2025,$36.02,1687018,$36.09,$36.23,$35.88
02/20/2025,$36.05,2343546,$36.03,$36.13,$35.82
02/19/2025,$36.00,3836198,$35.94,$36.12,$35.75
02/18/2025,$36.08,3037078,$35.94,$36.18,$35.87
02/14/2025,$35.36,215790,$35.18,$35.4382,$35.18
02/13/2025,$35.13,225210,$34.78,$35.16,$34.71
02/12/2025,$35.52,137462,$35.20,$35.74,$35.09
02/11/2025,$35.32,289048,$34.78,$35.32,$34.76
02/10/2025,$34.56,227800,$34.47,$34.56,$34.366
02/07/2025,$33.98,380222,$34.35,$34.35,$33.93
02/06/2025,$34.30,171521,$33.95,$34.34,$33.93
02/05/2025,$34.13,267503,$33.93,$34.24,$33.92
02/04/2025,$33.61,127807,$33.47,$33.62,$33.36
02/03/2025,$33.50,269083,$33.31,$33.63,$33.205
01/31/2025,$33.49,526347,$33.56,$33.82,$33.49
01/30/2025,$33.64,191212,$33.58,$33.73,$33.45
01/29/2025,$33.34,399061,$32.89,$33.68,$32.89
01/28/2025,$32.09,303573,$31.87,$32.125,$31.82
01/27/2025,$31.43,335575,$31.35,$31.47,$31.26
01/24/2025,$30.85,2232343,$30.92,$31.08,$30.80
01/23/2025,$31.48,622620,$31.28,$31.52,$31.12
01/22/2025,$31.202,200213,$31.18,$31.27,$31.119
01/21/2025,$31.60,273159,$31.43,$31.70,$31.39
01/17/2025,$31.16,274223,$31.11,$31.35,$31.11
01/16/2025,$31.21,191825,$30.85,$31.24,$30.78
01/15/2025,$30.88,229375,$31.04,$31.04,$30.80
01/14/2025,$31.09,283744,$30.87,$31.15,$30.72
01/13/2025,$30.49,187514,$30.30,$30.56,$30.30
01/10/2025,$30.195,179279,$30.43,$30.43,$30.05
01/08/2025,$30.11,155719,$29.903,$30.11,$29.85
01/07/2025,$30.00,194197,$30.19,$30.25,$29.95
01/06/2025,$29.97,2642304,$30.16,$30.21,$29.80
01/03/2025,$30.19,172994,$30.22,$30.28,$30.11
01/02/2025,$29.80,428359,$29.97,$29.99,$29.73
12/31/2024,$29.85,97133,$29.835,$29.91,$29.44
12/30/2024,$29.99,146292,$29.92,$30.02,$29.82
12/27/2024,$30.25,129443,$29.93,$30.25,$29.93
12/26/2024,$30.12,144317,$29.83,$30.30,$29.83
12/24/2024,$30.072,87180,$29.31,$30.2699,$29.30
12/23/2024,$30.04,212688,$30.05,$30.05,$29.8901
12/20/2024,$30.09,187174,$29.82,$30.22,$29.82
12/19/2024,$30.20,166035,$30.39,$30.4199,$30.19
12/18/2024,$30.41,189594,$30.94,$31.052,$30.40
12/17/2024,$31.25,318257,$31.4599,$31.4599,$31.1301
12/16/2024,$31.50,118070,$31.53,$31.60,$31.3501
12/13/2024,$31.225,190204,$31.27,$31.32,$31.12
12/12/2024,$31.225,1039762,$31.37,$31.542,$31.22
12/11/2024,$31.30,262430,$31.37,$31.4599,$31.19
12/10/2024,$31.32,470742,$31.20,$31.39,$31.11
12/09/2024,$31.40,234206,$32.12,$32.15,$31.36
12/06/2024,$32.34,171460,$32.41,$32.47,$32.18
12/05/2024,$32.26,151185,$32.22,$32.4292,$32.16
12/04/2024,$31.88,126134,$31.72,$32.04,$31.72
12/03/2024,$32.02,254583,$32.02,$32.18,$31.95
12/02/2024,$32.00,135394,$32.02,$32.10,$31.70
11/29/2024,$32.06,69958,$31.76,$32.06,$31.76
11/27/2024,$31.61,165193,$31.50,$31.70,$31.50
11/26/2024,$31.23,202086,$31.43,$31.44,$31.20
11/25/2024,$31.38,422172,$31.10,$31.612,$30.9401
11/22/2024,$30.57,227760,$30.33,$30.72,$30.33
11/21/2024,$30.43,389491,$30.40,$30.49,$30.2715
11/20/2024,$30.40,209716,$30.404,$30.45,$30.1735
11/19/2024,$30.28,548786,$30.23,$30.50,$30.16
11/18/2024,$30.34,348141,$30.18,$30.46,$30.18
11/15/2024,$30.15,301331,$30.154,$30.408,$30.0715
11/14/2024,$30.08,130141,$30.46,$30.64,$30.08
11/13/2024,$29.32,463880,$29.44,$29.5201,$29.29
11/12/2024,$29.81,412750,$30.0499,$30.1175,$29.5301
11/11/2024,$30.67,136872,$30.67,$30.67,$30.47
11/08/2024,$30.63,133921,$30.66,$30.76,$30.47
11/07/2024,$30.56,212819,$30.52,$30.67,$30.37
11/06/2024,$30.51,162747,$30.50,$30.60,$30.38
11/05/2024,$30.73,107992,$30.68,$30.76,$30.52
11/04/2024,$30.46,112423,$30.36,$30.69,$30.35
11/01/2024,$30.37,91344,$30.49,$30.51,$30.27
10/31/2024,$30.21,181782,$30.28,$30.28,$30.05
10/30/2024,$30.48,295722,$30.281,$30.56,$30.281
10/29/2024,$30.58,142395,$30.63,$30.69,$30.50
10/28/2024,$30.55,369714,$30.49,$30.62,$30.465
10/25/2024,$30.29,137377,$30.56,$30.58,$30.20
10/24/2024,$30.39,213116,$30.17,$30.39,$30.17
10/23/2024,$29.71,134190,$29.695,$29.854,$29.6701
10/22/2024,$29.72,237788,$29.78,$29.90,$29.72
10/21/2024,$30.21,188906,$30.55,$30.55,$30.14
10/18/2024,$30.67,320174,$30.46,$30.73,$30.46
10/17/2024,$30.50,152071,$30.58,$30.68,$30.44
10/16/2024,$30.60,294019,$30.57,$30.70,$30.56
10/15/2024,$30.48,87449,$30.36,$30.5925,$30.34
10/14/2024,$29.9933,158094,$29.84,$30.03,$29.84
10/11/2024,$29.61,747759,$29.72,$29.74,$29.58
10/10/2024,$29.73,244220,$30.04,$30.08,$29.59
10/09/2024,$29.23,76570,$29.123,$29.3399,$29.03
10/08/2024,$29.21,146812,$29.41,$29.41,$29.09
10/07/2024,$28.99,418087,$29.03,$29.10,$28.85
10/04/2024,$28.92,153573,$28.86,$28.97,$28.72
10/03/2024,$28.92,56954,$28.94,$29.04,$28.842
10/02/2024,$29.12,128399,$29.114,$29.14,$28.94
10/01/2024,$29.32,185278,$29.40,$29.43,$29.22
09/30/2024,$29.43,71584,$29.58,$29.65,$29.3101
09/27/2024,$29.27,116552,$29.37,$29.438,$29.19
09/26/2024,$29.43,430304,$29.2599,$29.57,$29.225
09/25/2024,$29.4335,1189881,$29.55,$29.58,$29.42
09/24/2024,$29.50,117666,$29.27,$29.52,$29.2375
09/23/2024,$29.17,122556,$29.306,$29.306,$29.03
09/20/2024,$29.06,190533,$29.22,$29.23,$28.94
09/19/2024,$29.035,180735,$28.94,$29.08,$28.78
09/18/2024,$29.20,294613,$29.53,$29.58,$29.04
09/17/2024,$29.57,155815,$29.76,$29.76,$29.50
09/16/2024,$29.96,386051,$29.75,$29.97,$29.73
09/13/2024,$29.65,224472,$29.62,$29.71,$29.599
09/12/2024,$29.37,406119,$29.0901,$29.40,$29.0901
09/11/2024,$29.08,305841,$28.906,$29.10,$28.75
09/10/2024,$28.79,157419,$28.70,$28.80,$28.5908
09/09/2024,$28.97,98095,$28.79,$29.00,$28.75
09/06/2024,$28.77,120451,$29.08,$29.08,$28.75
09/05/2024,$29.12,133190,$29.26,$29.30,$29.0415
09/04/2024,$28.83,127880,$28.77,$28.9982,$28.77
09/03/2024,$28.44,105456,$28.42,$28.545,$28.40
08/30/2024,$28.43,77915,$28.502,$28.55,$28.30
08/29/2024,$28.40,81781,$28.63,$28.63,$28.34
08/28/2024,$28.40,110121,$28.3405,$28.4725,$28.26
08/27/2024,$28.30,722236,$28.24,$28.35,$28.22
08/26/2024,$28.10,127021,$28.15,$28.2225,$28.08
08/23/2024,$28.184,83703,$27.98,$28.213,$27.946
08/22/2024,$27.80,97732,$27.92,$27.95,$27.80
08/21/2024,$27.85,147591,$27.81,$27.96,$27.72
08/20/2024,$27.89,864742,$27.87,$27.965,$27.83
08/19/2024,$27.96,392710,$27.85,$28.04,$27.7601
08/16/2024,$27.72,261274,$27.60,$27.77,$27.5201
08/15/2024,$27.42,146986,$27.31,$27.49,$27.27
08/14/2024,$27.41,1067078,$27.35,$27.53,$27.32
08/13/2024,$27.23,114512,$27.05,$27.24,$27.0025
08/12/2024,$26.98,102795,$26.95,$27.015,$26.86
08/09/2024,$26.84,307020,$26.78,$26.88,$26.71
08/08/2024,$26.63,296082,$26.70,$26.74,$26.51
08/07/2024,$25.88,860203,$26.08,$26.29,$25.88
08/06/2024,$25.97,1856248,$25.76,$26.07,$25.71
08/05/2024,$26.13,137329,$26.15,$26.23,$25.965
08/02/2024,$26.37,135331,$26.42,$26.66,$26.21
08/01/2024,$25.91,122001,$26.05,$26.08,$25.865
07/31/2024,$26.19,75455,$26.06,$26.27,$26.02
07/30/2024,$26.10,90920,$26.24,$26.25,$26.041
07/29/2024,$26.28,234998,$26.26,$26.31,$26.095
07/26/2024,$26.42,1162136,$26.23,$26.4618,$26.23
07/25/2024,$26.17,78785,$26.18,$26.34,$26.17
07/24/2024,$26.10,110036,$26.08,$26.15,$26.01
07/23/2024,$26.19,128489,$26.31,$26.31,$26.141
07/22/2024,$26.46,102072,$26.51,$26.61,$26.37
07/19/2024,$26.36,112526,$26.35,$26.44,$26.30
07/18/2024,$26.38,80994,$26.42,$26.505,$26.36
07/17/2024,$26.30,262147,$26.28,$26.36,$26.22
07/16/2024,$25.92,176325,$25.96,$25.97,$25.73
07/15/2024,$25.83,628826,$26.15,$26.15,$25.79
07/12/2024,$26.01,295498,$26.00,$26.11,$25.93
07/11/2024,$25.71,491885,$25.75,$25.886,$25.70
07/10/2024,$25.79,138919,$25.74,$25.89,$25.73
07/09/2024,$25.50,136697,$25.58,$25.66,$25.49
07/08/2024,$25.84,128253,$25.992,$26.00,$25.805
07/05/2024,$25.88,93439,$25.94,$25.957,$25.77
07/03/2024,$25.68,103117,$25.57,$25.7335,$25.57
07/02/2024,$25.38,161277,$25.58,$25.58,$25.18
07/01/2024,$25.506,6183612,$25.43,$25.59,$25.37
06/28/2024,$25.19,166446,$25.23,$25.23,$25.038
06/27/2024,$24.96,112233,$25.01,$25.06,$24.92
06/26/2024,$24.86,524713,$24.70,$24.94,$24.70
06/25/2024,$24.91,441667,$25.04,$25.05,$24.88
06/24/2024,$24.82,175891,$24.83,$24.95,$24.72
06/21/2024,$24.49,198152,$24.44,$24.54,$24.38
06/20/2024,$24.47,346599,$24.58,$24.6265,$24.47
06/18/2024,$24.5275,1476322,$24.42,$24.55,$24.40
06/17/2024,$24.34,344582,$24.21,$24.34,$24.06
06/14/2024,$24.23,484531,$24.05,$24.24,$24.0375
06/13/2024,$24.18,125275,$24.40,$24.51,$24.12
06/12/2024,$24.30,311958,$24.53,$24.61,$24.25
06/11/2024,$24.29,152223,$24.21,$24.33,$24.11
06/10/2024,$24.40,178992,$24.27,$24.45,$24.18
06/07/2024,$24.43,140135,$24.41,$24.48,$24.34
06/06/2024,$24.56,182418,$24.605,$24.71,$24.55
06/05/2024,$24.54,236211,$24.57,$24.67,$24.44
06/04/2024,$24.385,1343152,$24.21,$24.48,$24.12
06/03/2024,$24.01,1944887,$24.46,$24.65,$23.89
05/31/2024,$24.30,312265,$24.11,$24.32,$24.08
05/30/2024,$23.76,207568,$23.65,$23.88,$23.65
05/29/2024,$23.29,181504,$23.37,$23.45,$23.28
05/28/2024,$23.61,180499,$23.50,$23.64,$23.44
05/24/2024,$23.57,226268,$23.49,$23.588,$23.49
05/23/2024,$23.37,1827205,$23.65,$23.65,$23.33
05/22/2024,$23.84,141605,$23.78,$23.97,$23.752
05/21/2024,$23.97,141845,$23.96,$24.03,$23.93
05/20/2024,$24.09,104277,$24.07,$24.15,$23.99
05/17/2024,$23.81,373488,$23.79,$23.94,$23.765
05/16/2024,$23.72,132322,$23.84,$23.87,$23.5872
05/15/2024,$24.02,210312,$24.03,$24.10,$23.94
05/14/2024,$23.82,126899,$23.70,$23.82,$23.66
05/13/2024,$23.67,338665,$23.65,$23.75,$23.65
05/10/2024,$23.63,94757,$23.62,$23.65,$23.545
05/09/2024,$23.62,293922,$23.53,$23.63,$23.51
05/08/2024,$23.17,3064182,$23.29,$23.31,$23.16
05/07/2024,$23.29,108509,$23.41,$23.425,$23.27
05/06/2024,$23.40,115040,$23.46,$23.46,$23.36
05/03/2024,$23.28,151520,$23.32,$23.42,$23.2275
05/02/2024,$23.34,157103,$23.38,$23.38,$23.13
05/01/2024,$22.914,146964,$22.21,$23.17,$22.21
04/30/2024,$22.90,168409,$23.00,$23.0895,$22.87
04/29/2024,$23.25,373922,$23.31,$23.38,$23.20
04/26/2024,$23.32,268594,$23.255,$23.38,$23.223
04/25/2024,$23.19,127853,$23.07,$23.25,$23.01
04/24/2024,$23.30,343606,$23.29,$23.31,$23.14
04/23/2024,$23.28,192423,$23.14,$23.29,$23.07
04/22/2024,$23.0599,1035342,$23.04,$23.09,$22.87
04/19/2024,$22.48,114222,$22.57,$22.6028,$22.43
04/18/2024,$22.17,155714,$22.30,$22.37,$22.16
04/17/2024,$22.17,203250,$22.27,$22.39,$22.13
04/16/2024,$22.05,771868,$22.27,$22.38,$22.03
04/15/2024,$22.31,282032,$22.50,$22.5975,$22.25
04/12/2024,$22.515,200839,$22.515,$22.515,$22.515
04/11/2024,$23.70,159844,$23.68,$23.81,$23.47
04/10/2024,$24.27,93414,$24.00,$24.35,$24.00
04/09/2024,$24.12,109487,$23.91,$24.19,$23.91
04/08/2024,$23.93,221338,$23.84,$24.00,$23.70
04/05/2024,$23.84,139522,$23.75,$23.88,$23.67
04/04/2024,$23.988,102534,$24.29,$24.33,$23.8925
04/03/2024,$24.15,129455,$24.05,$24.15,$23.94
04/02/2024,$24.05,118929,$24.10,$24.14,$23.98
04/01/2024,$24.24,123212,$23.75,$24.24,$23.70
03/28/2024,$24.21,730194,$24.28,$24.36,$24.21
03/27/2024,$24.24,295207,$24.22,$24.3704,$24.1114
03/26/2024,$24.02,251782,$24.06,$24.1394,$24.00
03/25/2024,$23.87,168782,$24.01,$24.01,$23.83
03/22/2024,$23.67,165063,$23.80,$23.84,$23.58
03/21/2024,$23.82,109261,$23.90,$23.94,$23.74
03/20/2024,$23.90,99263,$23.65,$23.95,$23.60
03/19/2024,$23.78,153126,$23.77,$23.83,$23.73
03/18/2024,$23.586,152705,$23.65,$23.65,$23.51
03/15/2024,$23.76,154265,$23.89,$23.89,$23.695
03/14/2024,$23.54,188706,$23.52,$23.58,$23.3801
03/13/2024,$23.66,107757,$23.63,$23.78,$23.58
03/12/2024,$23.75,257254,$23.84,$23.88,$23.69
03/11/2024,$23.85,896067,$23.97,$23.97,$23.76
03/08/2024,$23.97,154239,$23.85,$24.00,$23.84
03/07/2024,$24.105,112904,$24.19,$24.21,$24.08
03/06/2024,$24.16,89522,$24.23,$24.30,$24.15
03/05/2024,$24.04,132806,$24.05,$24.17,$24.025
03/04/2024,$23.85,107765,$23.88,$23.97,$23.83
03/01/2024,$23.79,90829,$23.77,$23.84,$23.6705
02/29/2024,$23.74,900129,$23.84,$23.95,$23.6901
02/28/2024,$23.76,1265184,$23.82,$23.85,$23.75
02/27/2024,$23.9701,120479,$23.78,$24.01,$23.78
02/26/2024,$23.82,176384,$23.83,$23.889,$23.74
02/23/2024,$23.86,140925,$23.83,$23.97,$23.68
02/22/2024,$24.14,217100,$24.31,$24.31,$24.07
02/21/2024,$23.96,126666,$23.95,$24.0225,$23.9095
02/20/2024,$24.04,186987,$23.955,$24.16,$23.95
02/16/2024,$23.855,131679,$23.87,$23.931,$23.76
02/15/2024,$23.89,146328,$23.67,$23.89,$23.66
02/14/2024,$23.69,1405322,$23.75,$23.75,$23.48
02/13/2024,$23.84,268200,$23.93,$24.00,$23.72
02/12/2024,$23.92,119773,$23.92,$24.04,$23.92
02/09/2024,$23.94,194255,$23.86,$24.04,$23.84
02/08/2024,$23.89,110839,$23.73,$23.97,$23.73
02/07/2024,$24.07,175268,$24.12,$24.20,$24.04
02/06/2024,$24.32,145667,$24.15,$24.44,$24.15
02/05/2024,$24.32,186455,$24.30,$24.43,$24.18
02/02/2024,$24.50,247001,$24.62,$24.71,$24.42
02/01/2024,$24.77,286432,$24.60,$24.82,$24.57
01/31/2024,$24.57,132760,$24.82,$24.82,$24.49
01/30/2024,$24.806,100022,$24.934,$24.934,$24.77
01/29/2024,$25.04,99582,$24.78,$25.04,$24.75
01/26/2024,$24.95,93834,$24.91,$25.095,$24.79
01/25/2024,$25.15,172859,$25.20,$25.33,$25.10
01/24/2024,$25.28,152855,$25.51,$25.64,$25.28
01/23/2024,$25.24,98082,$25.22,$25.32,$25.156
01/22/2024,$25.34,153740,$25.28,$25.44,$25.28
01/19/2024,$25.25,157688,$25.06,$25.25,$25.06
01/18/2024,$24.97,172683,$24.79,$25.00,$24.78
01/17/2024,$24.77,136386,$24.71,$24.82,$24.59
01/16/2024,$24.75,165997,$24.72,$24.888,$24.71
01/12/2024,$24.67,126384,$24.69,$24.80,$24.6475
01/11/2024,$24.64,103577,$24.69,$24.69,$24.44
01/10/2024,$24.68,134392,$24.65,$24.77,$24.65
01/09/2024,$24.66,75951,$24.44,$24.69,$24.4375
01/08/2024,$24.77,145927,$24.62,$24.80,$24.62
01/05/2024,$24.582,91620,$24.62,$24.88,$24.53
01/04/2024,$24.59,121532,$24.65,$24.65,$24.54
01/03/2024,$24.30,116538,$24.32,$24.44,$24.28
01/02/2024,$24.055,226119,$24.06,$24.23,$24.03
12/29/2023,$24.13,156323,$23.67,$24.18,$23.67
12/28/2023,$23.94,194276,$24.08,$24.08,$23.88
12/27/2023,$24.04,146251,$23.81,$24.10,$23.81
12/26/2023,$24.08,83026,$24.24,$24.24,$23.99
12/22/2023,$23.97,115689,$24.035,$24.08,$23.93
12/21/2023,$23.91,199928,$23.70,$23.91,$23.68
12/20/2023,$23.52,165266,$23.64,$23.81,$23.52
12/19/2023,$23.57,124329,$23.50,$23.63,$23.45
12/18/2023,$23.56,301043,$23.42,$23.57,$23.365
12/15/2023,$23.515,231277,$23.60,$23.64,$23.45
12/14/2023,$23.89,558200,$23.75,$23.98,$23.677
12/13/2023,$24.57,265782,$24.35,$24.67,$24.29
12/12/2023,$24.55,152104,$24.60,$24.67,$24.53
12/11/2023,$24.63,265004,$24.52,$24.64,$24.4709
12/08/2023,$24.42,256731,$24.28,$24.42,$24.27
12/07/2023,$24.49,315252,$24.27,$24.50,$24.21
12/06/2023,$24.37,187509,$24.35,$24.49,$24.30
12/05/2023,$24.33,149146,$24.46,$24.47,$24.28
12/04/2023,$24.24,96132,$24.17,$24.24,$24.13
12/01/2023,$24.16,90191,$24.00,$24.25,$23.9775
11/30/2023,$23.98,197573,$24.01,$24.02,$23.88
11/29/2023,$24.03,169392,$24.10,$24.12,$23.99
11/28/2023,$24.04,250050,$23.99,$24.07,$23.86
11/27/2023,$24.03,118559,$23.99,$24.0375,$23.91
11/24/2023,$23.90,82114,$23.75,$23.95,$23.75
11/22/2023,$23.59,164268,$23.56,$23.67,$23.55
11/21/2023,$23.54,94588,$23.55,$23.605,$23.51
11/20/2023,$23.66,118224,$23.51,$23.72,$23.50
11/17/2023,$23.48,107250,$23.38,$23.50,$23.37
11/16/2023,$23.26,132570,$23.31,$23.38,$23.20
11/15/2023,$23.23,119952,$23.19,$23.2892,$23.11
11/14/2023,$23.45,1228383,$23.26,$23.4891,$23.20
11/13/2023,$23.15,1408594,$22.99,$23.18,$22.95
11/10/2023,$22.99,175565,$23.00,$23.09,$22.7944
11/09/2023,$22.98,126258,$22.91,$23.14,$22.90
11/08/2023,$22.88,108988,$22.84,$22.98,$22.80
11/07/2023,$22.77,157561,$22.77,$22.80,$22.66
11/06/2023,$22.90,194435,$22.96,$23.02,$22.85
11/03/2023,$22.90,110592,$22.94,$23.00,$22.83
11/02/2023,$22.79,184345,$22.76,$22.87,$22.59
11/01/2023,$22.00,104355,$21.74,$22.00,$21.74
10/31/2023,$21.74,787533,$21.72,$21.78,$21.58
10/30/2023,$21.76,184734,$21.89,$21.89,$21.67
10/27/2023,$21.41,219796,$21.69,$21.72,$21.41
10/26/2023,$21.56,299309,$21.59,$21.64,$21.41
10/25/2023,$21.60,191240,$21.67,$21.73,$21.54
10/24/2023,$21.44,248469,$21.37,$21.48,$21.334
10/23/2023,$21.40,143665,$21.21,$21.53,$21.175
10/20/2023,$21.32,147291,$21.37,$21.50,$21.31
10/19/2023,$21.443,312627,$21.51,$21.65,$21.355
10/18/2023,$21.49,571187,$21.616,$21.67,$21.47
10/17/2023,$21.496,247208,$21.38,$21.56,$21.34
10/16/2023,$21.50,328808,$21.40,$21.52,$21.32
10/13/2023,$21.39,202407,$21.58,$21.61,$21.33
10/12/2023,$21.60,171923,$21.74,$21.77,$21.54
10/11/2023,$21.83,138372,$21.92,$22.00,$21.7475
10/10/2023,$21.71,211898,$21.61,$21.81,$21.61
10/09/2023,$21.54,899296,$21.42,$21.63,$21.34
10/06/2023,$21.38,518576,$21.00,$21.46,$20.85
10/05/2023,$20.91,371163,$20.90,$20.95,$20.78
10/04/2023,$20.83,265682,$20.79,$20.83,$20.585
10/03/2023,$20.60,285024,$20.59,$20.64,$20.48
10/02/2023,$20.8201,232984,$21.02,$21.035,$20.80
09/29/2023,$20.96,213158,$21.17,$21.18,$20.90
09/28/2023,$20.91,349013,$20.89,$21.01,$20.82
09/27/2023,$20.68,434468,$20.76,$20.85,$20.63
09/26/2023,$21.13,201113,$21.27,$21.27,$21.05
09/25/2023,$21.39,131504,$21.39,$21.44,$21.245
09/22/2023,$21.82,142810,$21.86,$22.01,$21.82
09/21/2023,$21.92,109825,$22.02,$22.04,$21.86
09/20/2023,$22.16,398705,$22.26,$22.34,$22.08
09/19/2023,$22.17,185245,$22.0801,$22.19,$22.0001
09/18/2023,$21.98,155144,$22.00,$22.07,$21.92
09/15/2023,$21.98,250034,$22.12,$22.24,$21.96
09/14/2023,$22.08,381114,$22.02,$22.19,$22.00
09/13/2023,$22.03,99859,$22.09,$22.10,$21.94
09/12/2023,$22.08,334928,$22.01,$22.11,$21.93
09/11/2023,$21.98,1292326,$21.92,$22.04,$21.862
09/08/2023,$21.57,1909001,$21.45,$21.63,$21.45
09/07/2023,$21.28,291899,$21.26,$21.45,$21.24
09/06/2023,$21.14,311671,$21.41,$21.59,$21.06
09/05/2023,$21.34,172498,$21.31,$21.38,$21.27
09/01/2023,$21.22,183583,$21.50,$21.59,$21.21
08/31/2023,$21.39,137775,$21.6099,$21.6099,$21.33
08/30/2023,$21.28,486621,$21.34,$21.425,$21.22
08/29/2023,$21.31,109353,$21.08,$21.31,$20.94
08/28/2023,$21.02,154301,$20.94,$21.07,$20.94
08/25/2023,$20.80,220341,$20.80,$20.86,$20.62
08/24/2023,$20.63,117978,$20.72,$20.91,$20.59
08/23/2023,$20.96,110834,$20.87,$20.96,$20.82
08/22/2023,$20.70,136634,$20.80,$20.80,$20.66
08/21/2023,$20.87,251537,$20.71,$20.87,$20.65
08/18/2023,$20.64,248110,$20.63,$20.71,$20.51
08/17/2023,$20.57,370104,$20.65,$20.74,$20.56
08/16/2023,$20.56,218883,$20.66,$20.75,$20.55
08/15/2023,$20.60,159873,$20.75,$20.77,$20.56
08/14/2023,$20.71,428727,$20.592,$20.74,$20.56
08/11/2023,$20.56,169377,$20.64,$20.64,$20.54
08/10/2023,$20.6995,704545,$20.64,$20.91,$20.64
08/09/2023,$20.73,582743,$20.61,$20.80,$20.57
08/08/2023,$20.316,355502,$20.28,$20.3325,$20.24
08/07/2023,$20.73,178442,$20.55,$20.73,$20.5252
08/04/2023,$20.58,320037,$20.57,$20.81,$20.55
08/03/2023,$20.73,187640,$20.52,$20.82,$20.43
08/02/2023,$20.99,243481,$21.04,$21.07,$20.91
08/01/2023,$21.59,251495,$21.71,$21.77,$21.50
07/31/2023,$21.73,214723,$21.96,$21.9925,$21.73
07/28/2023,$21.86,297933,$21.89,$22.05,$21.84
07/27/2023,$21.59,198087,$21.83,$21.88,$21.54
07/26/2023,$21.71,155911,$21.50,$21.79,$21.42
07/25/2023,$21.98,178916,$21.89,$22.01,$21.849
07/24/2023,$21.99,137406,$21.96,$22.12,$21.96
07/21/2023,$21.93,149522,$21.87,$21.93,$21.7701
07/20/2023,$21.80,159997,$21.92,$21.97,$21.77
07/19/2023,$21.77,141745,$21.79,$21.90,$21.71
07/18/2023,$21.71,219701,$21.61,$21.84,$21.585
07/17/2023,$22.23,590925,$22.12,$22.23,$22.05
07/14/2023,$22.26,907951,$22.44,$22.4913,$22.25
07/13/2023,$22.24,380971,$22.14,$22.24,$22.0805
07/12/2023,$21.7501,251170,$21.58,$21.82,$21.58
07/11/2023,$21.41,146344,$21.36,$21.42,$21.30
07/10/2023,$21.33,203445,$21.30,$21.41,$21.24
07/07/2023,$21.32,139368,$21.22,$21.42,$21.169
07/06/2023,$21.32,559468,$21.42,$21.4296,$21.18
07/05/2023,$21.61,175688,$21.72,$21.72,$21.58
07/03/2023,$21.76,145214,$21.70,$21.81,$21.6701
06/30/2023,$21.85,164546,$21.75,$21.85,$21.75
06/29/2023,$21.64,98772,$21.69,$21.70,$21.615
06/28/2023,$21.86,551524,$21.86,$21.925,$21.79
06/27/2023,$21.835,561569,$21.76,$21.86,$21.70
06/26/2023,$21.47,328017,$21.41,$21.49,$21.40
06/23/2023,$21.25,272659,$21.16,$21.34,$21.16
06/22/2023,$21.34,614372,$21.28,$21.34,$21.175
06/21/2023,$21.06,241686,$20.912,$21.12,$20.8652
06/20/2023,$21.03,265429,$20.963,$21.05,$20.92
06/16/2023,$21.13,266113,$21.24,$21.24,$21.08
06/15/2023,$21.20,261336,$21.00,$21.21,$20.949
06/14/2023,$20.62,519501,$20.77,$20.83,$20.54
06/13/2023,$20.29,561990,$20.26,$20.38,$20.23
06/12/2023,$20.46,207391,$20.5096,$20.5096,$20.364
06/09/2023,$20.48,379534,$20.46,$20.49,$20.37
06/08/2023,$20.26,6128361,$20.16,$20.30,$20.13
06/07/2023,$20.23,818452,$20.41,$20.48,$20.23
06/06/2023,$20.58,406854,$20.62,$20.68,$20.50
06/05/2023,$20.79,498683,$20.82,$21.06,$20.75
06/02/2023,$21.07,774087,$21.14,$21.35,$20.45
06/01/2023,$22.57,256173,$22.45,$22.65,$22.41
05/31/2023,$22.19,277270,$22.24,$22.40,$22.07
05/30/2023,$22.28,422091,$22.32,$22.33,$22.1638
05/26/2023,$22.64,107510,$22.49,$22.64,$22.48
05/25/2023,$22.66,173068,$22.46,$22.81,$22.17
05/24/2023,$23.33,185491,$23.39,$23.45,$23.31
05/23/2023,$23.50,137905,$23.53,$23.58,$23.48
05/22/2023,$23.58,379212,$23.53,$23.58,$23.39
05/19/2023,$23.5799,217294,$23.58,$23.66,$23.50
05/18/2023,$23.42,238721,$23.84,$23.84,$23.36
05/17/2023,$23.68,218189,$23.77,$23.78,$23.54
05/16/2023,$23.87,165783,$24.01,$24.035,$23.83
05/15/2023,$23.72,157986,$23.89,$23.89,$23.64
05/12/2023,$23.52,119720,$23.52,$23.59,$23.45
05/11/2023,$23.52,183799,$23.38,$23.53,$23.25
05/10/2023,$23.27,262389,$23.38,$23.42,$23.20
05/09/2023,$23.41,106920,$23.40,$23.4596,$23.33
05/08/2023,$23.45,132921,$23.53,$23.53,$23.40
05/05/2023,$23.66,212030,$23.43,$23.66,$23.38
05/04/2023,$23.53,92604,$23.56,$23.5899,$23.43
05/03/2023,$23.45,98577,$23.41,$23.58,$23.3878
05/02/2023,$23.54,141121,$23.498,$23.55,$23.315
05/01/2023,$23.95,99361,$24.55,$24.55,$23.94
04/28/2023,$24.05,230119,$24.00,$24.1576,$23.87
04/27/2023,$24.57,192212,$24.47,$24.58,$24.42
04/26/2023,$24.43,143690,$24.54,$24.63,$24.42
04/25/2023,$24.31,163699,$24.19,$24.36,$24.18
04/24/2023,$24.34,184005,$24.29,$24.38,$24.24
04/21/2023,$24.55,152426,$24.39,$24.60,$24.31
04/20/2023,$24.5875,172270,$24.71,$24.71,$24.54
04/19/2023,$24.62,254233,$24.70,$24.72,$24.608
04/18/2023,$24.61,142500,$24.66,$24.66,$24.54
04/17/2023,$24.47,262622,$24.52,$24.52,$24.34
04/14/2023,$24.38,182150,$24.50,$24.52,$24.3304
04/13/2023,$24.66,140001,$24.41,$24.66,$24.38
04/12/2023,$24.55,158944,$24.64,$24.67,$24.51
04/11/2023,$24.36,217739,$24.28,$24.43,$24.14
04/10/2023,$24.497,148927,$24.497,$24.497,$24.497
04/06/2023,$25.54,487224,$25.12,$25.55,$24.96
04/05/2023,$25.06,310922,$25.01,$25.23,$25.01
04/04/2023,$24.49,186223,$24.45,$24.52,$24.39
04/03/2023,$24.36,200373,$24.25,$24.38,$24.17
03/31/2023,$24.19,192670,$24.3276,$24.3805,$24.19
03/30/2023,$24.14,229300,$24.12,$24.18,$24.05
03/29/2023,$23.95,168548,$23.92,$24.00,$23.85
03/28/2023,$23.72,118816,$23.85,$23.85,$23.67
03/27/2023,$23.60,369133,$23.5799,$23.64,$23.4901
03/24/2023,$23.38,513726,$23.36,$23.4975,$23.18
03/23/2023,$23.55,110140,$23.74,$23.76,$23.44
03/22/2023,$23.50,160574,$23.57,$23.725,$23.39
03/21/2023,$23.6625,215012,$23.73,$23.73,$23.56
03/20/2023,$23.50,140538,$23.20,$23.50,$23.19
03/17/2023,$22.81,308007,$22.93,$23.02,$22.775
03/16/2023,$23.13,569053,$22.98,$23.16,$22.95
03/15/2023,$23.10,216847,$22.95,$23.11,$22.76
03/14/2023,$23.20,104571,$23.15,$23.22,$23.06
03/13/2023,$22.905,532008,$22.91,$23.09,$22.832
03/10/2023,$22.85,195627,$22.96,$23.02,$22.79
03/09/2023,$22.76,142591,$22.88,$22.91,$22.71
03/08/2023,$22.78,119549,$22.77,$22.85,$22.69
03/07/2023,$22.62,304129,$23.04,$23.04,$22.62
03/06/2023,$22.96,136261,$22.87,$23.05,$22.87
03/03/2023,$22.692,126807,$22.50,$22.71,$22.48
03/02/2023,$22.58,165263,$22.52,$22.625,$22.49
03/01/2023,$22.646,330241,$22.77,$22.845,$22.54
02/28/2023,$22.5299,150668,$22.74,$22.87,$22.50
02/27/2023,$22.64,484363,$22.54,$22.69,$22.54
02/24/2023,$22.22,433417,$22.26,$22.31,$22.105
02/23/2023,$22.585,265569,$22.70,$22.70,$22.41
02/22/2023,$22.44,129680,$22.46,$22.53,$22.38
02/21/2023,$22.39,250664,$22.362,$22.43,$22.25
02/17/2023,$22.34,133761,$21.98,$22.36,$21.98
02/16/2023,$21.96,142952,$22.00,$22.11,$21.8501
02/15/2023,$22.15,470179,$22.00,$22.18,$21.8911
02/14/2023,$22.21,395435,$22.07,$22.294,$21.98
02/13/2023,$21.85,135867,$21.77,$21.89,$21.75
02/10/2023,$21.60,143862,$21.64,$21.73,$21.5075
02/09/2023,$21.65,121003,$21.89,$21.98,$21.60
02/08/2023,$21.67,110509,$21.80,$21.80,$21.65
02/07/2023,$21.65,134232,$21.50,$21.73,$21.41
02/06/2023,$21.63,213451,$21.70,$21.70,$21.52
02/03/2023,$21.78,180256,$22.05,$22.16,$21.73
02/02/2023,$22.45,217058,$22.50,$22.65,$22.345
02/01/2023,$22.70,162074,$22.40,$22.75,$22.262
01/31/2023,$22.35,166808,$22.39,$22.39,$22.20
01/30/2023,$22.09,156561,$22.14,$22.2392,$22.09
01/27/2023,$22.16,316462,$22.06,$22.16,$22.04
01/26/2023,$22.195,148862,$22.18,$22.21,$22.025
01/25/2023,$22.24,447927,$21.94,$22.29,$21.91
01/24/2023,$22.08,445751,$21.83,$22.08,$21.79
01/23/2023,$22.12,179044,$22.07,$22.18,$22.035
01/20/2023,$22.05,226498,$21.92,$22.06,$21.71
01/19/2023,$22.04,246081,$21.87,$22.04,$21.75
01/18/2023,$21.91,195801,$22.35,$22.35,$21.88
01/17/2023,$22.25,244428,$22.57,$22.57,$22.21
01/13/2023,$22.09,216612,$22.08,$22.18,$22.00
01/12/2023,$22.09,135008,$22.04,$22.16,$21.94
01/11/2023,$21.71,138117,$21.76,$21.96,$21.58
01/10/2023,$21.53,128605,$21.50,$21.56,$21.43
01/09/2023,$21.285,200875,$21.30,$21.47,$21.16
01/06/2023,$21.14,129818,$20.76,$21.16,$20.694
01/05/2023,$20.62,475514,$20.47,$20.67,$20.46
01/04/2023,$20.45,307017,$20.62,$20.62,$20.305
01/03/2023,$20.18,113035,$20.19,$20.26,$20.03
12/30/2022,$19.98,178269,$19.8601,$20.05,$19.8601
12/29/2022,$20.3799,156424,$20.26,$20.43,$20.26
12/28/2022,$20.08,203836,$20.45,$20.62,$20.07
12/27/2022,$20.22,108106,$20.14,$20.3281,$20.115
12/23/2022,$20.11,103469,$20.02,$20.144,$20.00
12/22/2022,$20.19,219158,$20.1701,$20.19,$20.0101
12/21/2022,$20.31,195392,$20.26,$20.3499,$20.20
12/20/2022,$20.13,162759,$20.13,$20.19,$20.064
12/19/2022,$20.10,174553,$20.09,$20.20,$19.995
12/16/2022,$20.08,195183,$20.01,$20.12,$19.91
12/15/2022,$20.23,448438,$20.34,$20.4699,$20.10
12/14/2022,$20.44,321669,$20.35,$20.57,$20.31
12/13/2022,$20.36,318865,$20.62,$20.74,$20.29
12/12/2022,$20.20,309554,$20.23,$20.25,$20.0901
12/09/2022,$20.2701,396870,$20.1701,$20.41,$20.13
12/08/2022,$20.28,290540,$20.275,$20.40,$20.25
12/07/2022,$20.37,124067,$20.4901,$20.6199,$20.31
12/06/2022,$20.30,121761,$20.56,$20.56,$20.27
12/05/2022,$20.49,262862,$20.61,$20.73,$20.44
12/02/2022,$20.73,154205,$20.577,$20.75,$20.50
12/01/2022,$20.64,794170,$20.63,$20.75,$20.58
11/30/2022,$20.42,342035,$19.97,$20.42,$19.90
11/29/2022,$20.18,337644,$20.17,$20.35,$20.08
11/28/2022,$20.32,332015,$20.64,$20.64,$20.32
11/25/2022,$20.625,224498,$20.55,$20.6699,$20.53
11/23/2022,$20.44,221781,$20.29,$20.44,$20.27
11/22/2022,$20.29,187964,$20.29,$20.29,$20.1201
11/21/2022,$20.08,591615,$20.16,$20.19,$19.99
11/18/2022,$20.03,694377,$20.00,$20.05,$19.86
11/17/2022,$19.71,245078,$19.37,$19.72,$19.37
11/16/2022,$19.71,251025,$19.77,$19.85,$19.64
11/15/2022,$19.57,557819,$19.68,$19.80,$19.26
11/14/2022,$19.46,317199,$19.65,$19.70,$19.46
11/11/2022,$19.55,300913,$19.40,$19.61,$19.225
11/10/2022,$19.90,208222,$19.95,$20.00,$19.69
11/09/2022,$19.69,178631,$19.74,$19.87,$19.67
11/08/2022,$19.80,168177,$19.65,$19.88,$19.62
11/07/2022,$19.72,242157,$19.56,$19.76,$19.55
11/04/2022,$19.56,466932,$19.55,$19.59,$19.27
11/03/2022,$18.94,634553,$18.8501,$19.04,$18.8501
11/02/2022,$19.21,220113,$19.29,$19.57,$19.15
11/01/2022,$19.25,384172,$19.27,$19.32,$19.075
10/31/2022,$18.95,481739,$19.23,$19.23,$18.95
10/28/2022,$19.33,953114,$19.12,$19.37,$19.10
10/27/2022,$18.52,125026,$18.86,$18.86,$18.51
10/26/2022,$18.72,199340,$18.53,$18.765,$18.53
10/25/2022,$18.49,305799,$18.25,$18.5199,$18.2101
10/24/2022,$18.09,471241,$18.03,$18.26,$18.03
10/21/2022,$17.96,462933,$17.77,$17.96,$17.65
10/20/2022,$17.77,275465,$17.88,$17.95,$17.71
10/19/2022,$17.90,683947,$18.00,$18.00,$17.78
10/18/2022,$17.865,301580,$17.91,$17.985,$17.71
10/17/2022,$17.84,1375377,$17.67,$17.91,$17.67
10/14/2022,$17.25,821971,$17.48,$17.48,$17.225
10/13/2022,$17.22,407080,$16.80,$17.30,$16.77
10/12/2022,$17.10,795871,$17.18,$17.31,$17.10
10/11/2022,$17.16,409247,$17.29,$17.37,$17.11
10/10/2022,$17.27,446252,$17.15,$17.31,$17.13
10/07/2022,$17.21,551331,$17.36,$17.45,$17.1545
10/06/2022,$17.38,407037,$17.49,$17.555,$17.31
10/05/2022,$17.91,360102,$17.95,$17.95,$17.70
10/04/2022,$18.42,1965542,$18.12,$18.45,$18.09
10/03/2022,$17.63,462031,$17.55,$17.65,$17.40
09/30/2022,$17.06,514053,$17.06,$17.249,$17.05
09/29/2022,$17.36,1098616,$17.25,$17.38,$17.02
09/28/2022,$17.51,463813,$17.135,$17.52,$17.10
09/27/2022,$17.09,1027900,$17.28,$17.41,$17.035
09/26/2022,$17.27,556239,$17.27,$17.6466,$17.15
09/23/2022,$17.85,580461,$18.09,$18.10,$17.74
09/22/2022,$18.41,455325,$18.49,$18.52,$18.30
09/21/2022,$18.31,471763,$18.60,$18.66,$18.31
09/20/2022,$18.72,462612,$18.77,$18.868,$18.61
09/19/2022,$19.21,1574982,$18.87,$19.21,$18.845
09/16/2022,$19.005,908875,$18.914,$19.06,$18.895
09/15/2022,$19.10,204628,$19.092,$19.22,$19.08
09/14/2022,$19.17,338618,$19.02,$19.19,$18.925
09/13/2022,$19.14,228043,$19.54,$19.55,$19.11
09/12/2022,$19.66,485672,$19.72,$19.8425,$19.60
09/09/2022,$19.66,1930116,$19.63,$19.72,$19.51
09/08/2022,$18.82,1064442,$18.67,$18.86,$18.59
09/07/2022,$18.98,491129,$18.63,$19.06,$18.63
09/06/2022,$18.66,374531,$18.715,$18.82,$18.589
09/02/2022,$18.585,317618,$18.90,$19.106,$18.50
09/01/2022,$18.82,916946,$18.64,$18.86,$18.529
08/31/2022,$18.93,366791,$18.98,$19.03,$18.90
08/30/2022,$18.91,805150,$19.00,$19.02,$18.84
08/29/2022,$18.90,563577,$18.76,$18.94,$18.71
08/26/2022,$18.57,326116,$19.20,$19.20,$18.57
08/25/2022,$18.94,215814,$18.79,$18.95,$18.76
08/24/2022,$18.75,262434,$18.689,$18.81,$18.637
08/23/2022,$18.76,378953,$18.77,$18.91,$18.70
08/22/2022,$18.91,1003068,$18.92,$18.95,$18.78
08/19/2022,$18.93,104415,$19.03,$19.03,$18.88
08/18/2022,$19.02,186287,$19.13,$19.13,$18.94
08/17/2022,$19.22,195740,$19.25,$19.31,$19.15
08/16/2022,$19.45,310176,$19.27,$19.50,$19.22
08/15/2022,$19.06,154015,$19.06,$19.1099,$19.025
08/12/2022,$19.22,136052,$19.25,$19.25,$19.11
08/11/2022,$19.49,189443,$19.49,$19.569,$19.43
08/10/2022,$19.40,144372,$19.54,$19.54,$19.39
08/09/2022,$19.32,355518,$19.35,$19.44,$19.31
08/08/2022,$19.07,158656,$19.16,$19.23,$19.0301
08/05/2022,$19.19,180664,$19.119,$19.19,$19.01
08/04/2022,$19.04,90709,$18.97,$19.05,$18.925
08/03/2022,$18.9601,478914,$19.1099,$19.1099,$18.845
08/02/2022,$19.18,556721,$19.37,$19.375,$19.18
08/01/2022,$19.16,209954,$19.22,$19.5799,$19.105
07/29/2022,$19.0699,416935,$18.82,$19.07,$18.82
07/28/2022,$18.78,182532,$18.64,$18.85,$18.60
07/27/2022,$19.03,162192,$18.97,$19.03,$18.69
07/26/2022,$18.37,271838,$18.3401,$18.4599,$18.25
07/25/2022,$18.65,225556,$18.94,$18.94,$18.55
07/22/2022,$18.55,221250,$18.63,$18.73,$18.50
07/21/2022,$19.20,227169,$18.91,$19.20,$18.65
07/20/2022,$19.20,251429,$19.36,$19.37,$19.13
07/19/2022,$19.67,762481,$19.59,$19.69,$19.39
07/18/2022,$19.23,862679,$19.31,$19.53,$19.16
07/15/2022,$19.21,171657,$19.11,$19.27,$19.11
07/14/2022,$18.86,207360,$18.82,$18.89,$18.61
07/13/2022,$19.38,216197,$19.30,$19.46,$19.24
07/12/2022,$19.36,254215,$19.2691,$19.53,$19.1801
07/11/2022,$19.36,162238,$19.4375,$19.50,$19.32
07/08/2022,$19.6125,151732,$19.54,$19.70,$19.50
07/07/2022,$19.62,166707,$19.512,$19.65,$19.50
07/06/2022,$19.53,239428,$19.42,$19.55,$19.36
07/05/2022,$19.57,172369,$19.69,$19.86,$19.265
07/01/2022,$20.15,117065,$19.875,$20.16,$19.86
06/30/2022,$19.92,117493,$19.714,$19.96,$19.665
06/29/2022,$19.94,135035,$20.01,$20.03,$19.90
06/28/2022,$20.07,229185,$20.17,$20.23,$19.99
06/27/2022,$19.97,121102,$19.869,$20.07,$19.84
06/24/2022,$20.06,121638,$19.91,$20.06,$19.89
06/23/2022,$19.72,138431,$19.72,$19.78,$19.59
06/22/2022,$19.775,163169,$19.52,$19.90,$19.50
06/21/2022,$19.37,161102,$19.62,$19.62,$19.35
06/17/2022,$19.04,874504,$18.90,$19.13,$18.83
06/16/2022,$18.85,390973,$18.73,$18.97,$18.68
06/15/2022,$18.95,570329,$18.80,$19.10,$18.72
06/14/2022,$18.635,372407,$18.77,$18.77,$18.54
06/13/2022,$18.72,110806,$18.90,$18.90,$18.55
06/10/2022,$19.16,233385,$19.19,$19.25,$19.08
06/09/2022,$19.65,88531,$19.842,$19.95,$19.61
06/08/2022,$19.99,105166,$20.02,$20.14,$19.95
06/07/2022,$20.60,129106,$20.35,$20.6299,$20.35
06/06/2022,$20.69,89296,$20.61,$20.71,$20.53
06/03/2022,$20.62,509626,$20.46,$20.67,$20.45
06/02/2022,$20.60,110983,$20.48,$20.75,$20.34
06/01/2022,$20.41,280979,$20.62,$20.62,$20.33
05/31/2022,$20.57,192342,$20.43,$20.72,$20.41
05/27/2022,$20.68,154716,$20.50,$20.68,$20.365
05/26/2022,$20.32,200770,$20.152,$20.3799,$20.14
05/25/2022,$20.14,82026,$19.88,$20.20,$19.88
05/24/2022,$20.01,197321,$19.8301,$20.09,$19.8301
05/23/2022,$19.76,219207,$19.49,$19.76,$19.49
05/20/2022,$19.29,1920600,$19.25,$19.38,$19.18
05/19/2022,$19.14,108991,$18.96,$19.24,$18.96
05/18/2022,$18.81,75415,$19.06,$19.122,$18.79
05/17/2022,$19.14,128612,$18.99,$19.20,$18.96
05/16/2022,$18.93,156264,$18.77,$18.95,$18.671
05/13/2022,$19.11,138291,$18.82,$19.12,$18.82
05/12/2022,$18.52,127313,$18.60,$18.75,$18.425
05/11/2022,$18.18,135668,$18.34,$18.53,$18.15
05/10/2022,$18.246,152809,$18.43,$18.43,$18.13
05/09/2022,$18.25,126224,$18.13,$18.25,$18.00
05/06/2022,$18.21,170453,$18.39,$18.42,$18.145
05/05/2022,$18.52,109315,$18.74,$18.768,$18.39
05/04/2022,$18.99,109895,$18.57,$19.00,$18.45
05/03/2022,$18.32,180247,$18.33,$18.35,$18.222
05/02/2022,$18.26,244401,$18.29,$18.40,$18.01
04/29/2022,$18.36,141161,$18.702,$18.782,$18.28
04/28/2022,$18.80,223603,$18.674,$18.85,$18.554
04/27/2022,$18.49,739548,$18.45,$18.65,$18.36
04/26/2022,$18.26,133002,$18.56,$18.58,$18.13
04/25/2022,$18.584,87047,$18.53,$18.62,$18.37
04/22/2022,$18.54,94355,$18.91,$18.91,$18.44
04/21/2022,$18.84,171673,$19.132,$19.19,$18.78
04/20/2022,$18.78,207184,$18.695,$18.86,$18.61
04/19/2022,$18.65,173793,$18.70,$18.70,$18.49
04/18/2022,$18.67,211153,$18.3001,$18.70,$18.3001
04/14/2022,$18.71,220871,$18.67,$18.81,$18.60
04/13/2022,$18.83,183136,$18.56,$18.86,$18.53
04/12/2022,$18.31,121873,$18.72,$18.72,$18.254
04/11/2022,$18.50,248842,$18.595,$18.75,$18.37
04/08/2022,$18.626,166961,$18.626,$18.626,$18.626
04/07/2022,$19.21,126139,$19.60,$19.60,$19.04
04/06/2022,$19.22,117831,$19.07,$19.225,$18.965
04/05/2022,$19.06,123777,$19.13,$19.30,$19.05
04/04/2022,$19.18,535226,$19.06,$19.20,$19.00
04/01/2022,$19.04,131275,$18.94,$19.09,$18.90
03/31/2022,$18.62,99141,$18.92,$18.94,$18.62
03/30/2022,$19.17,110562,$19.11,$19.20,$19.04
03/29/2022,$19.215,113858,$19.32,$19.41,$19.11
03/28/2022,$18.885,541237,$18.78,$18.92,$18.69
03/25/2022,$18.646,102263,$18.59,$18.736,$18.515
03/24/2022,$18.45,91477,$18.43,$18.59,$18.33
03/23/2022,$18.15,95197,$18.202,$18.2625,$18.14
03/22/2022,$18.41,160789,$18.32,$18.41,$18.27
03/21/2022,$18.23,106948,$18.43,$18.49,$18.17
03/18/2022,$18.49,178200,$18.31,$18.517,$18.25
03/17/2022,$18.74,88728,$18.51,$18.83,$18.51
03/16/2022,$18.55,118878,$18.31,$18.71,$18.17
03/15/2022,$18.21,245739,$18.06,$18.33,$17.97
03/14/2022,$17.94,156951,$17.93,$18.0699,$17.86
03/11/2022,$17.43,170693,$17.76,$17.81,$17.415
03/10/2022,$17.42,171832,$17.35,$17.57,$17.31
03/09/2022,$17.70,305237,$17.475,$17.94,$17.3701
03/08/2022,$16.675,496753,$16.74,$17.18,$16.40
03/07/2022,$16.44,725033,$16.93,$16.95,$16.324
03/04/2022,$16.8525,436982,$16.93,$16.93,$16.665
03/03/2022,$17.45,278230,$17.85,$17.865,$17.34
03/02/2022,$17.93,303157,$17.67,$18.00,$17.66
03/01/2022,$17.35,251535,$17.66,$17.732,$17.19
02/28/2022,$17.90,239715,$17.83,$18.135,$17.75
02/25/2022,$18.35,219035,$18.03,$18.35,$18.02
02/24/2022,$17.85,353613,$17.36,$17.99,$17.275
02/23/2022,$18.62,156360,$18.97,$19.00,$18.55
02/22/2022,$18.86,176005,$18.78,$18.94,$18.69
02/18/2022,$19.38,116034,$19.50,$19.52,$19.32
02/17/2022,$19.52,148084,$19.57,$19.645,$19.42
02/16/2022,$20.04,444527,$19.91,$20.05,$19.888
02/15/2022,$20.04,265076,$19.93,$20.04,$19.87
02/14/2022,$19.59,154666,$19.67,$19.67,$19.46
02/11/2022,$19.92,116687,$20.07,$20.36,$19.85
02/10/2022,$20.005,134673,$20.08,$20.24,$20.00
02/09/2022,$20.30,126504,$20.23,$20.31,$20.23
02/08/2022,$19.905,153646,$19.76,$19.92,$19.69
02/07/2022,$19.60,115453,$19.47,$19.66,$19.47
02/04/2022,$19.64,230193,$19.51,$19.69,$19.37
02/03/2022,$19.80,212302,$19.73,$19.98,$19.73
02/02/2022,$19.15,353037,$19.05,$19.179,$19.01
02/01/2022,$19.02,195419,$19.00,$19.03,$18.885
01/31/2022,$18.90,226321,$18.67,$18.90,$18.616
01/28/2022,$18.76,136582,$18.46,$18.76,$18.38
01/27/2022,$18.57,187434,$18.48,$18.72,$18.48
01/26/2022,$18.16,274180,$18.44,$18.44,$18.06
01/25/2022,$18.128,200118,$18.14,$18.26,$17.90
01/24/2022,$18.10,328319,$17.90,$18.20,$17.67
01/21/2022,$18.18,173374,$18.28,$18.46,$18.13
01/20/2022,$18.37,218318,$18.49,$18.57,$18.32
01/19/2022,$18.4375,117505,$18.488,$18.50,$18.35
01/18/2022,$18.11,218242,$18.18,$18.20,$18.07
01/14/2022,$18.34,207424,$18.33,$18.40,$18.234
01/13/2022,$18.32,231383,$18.40,$18.45,$18.30
01/12/2022,$18.43,123294,$18.32,$18.43,$18.2775
01/11/2022,$18.16,269531,$17.94,$18.16,$17.885
01/10/2022,$17.77,337915,$17.93,$17.99,$17.61
01/07/2022,$18.425,151279,$18.5301,$18.5303,$18.30
01/06/2022,$18.59,103381,$18.66,$18.72,$18.57
01/05/2022,$18.53,254798,$18.61,$18.74,$18.49
01/04/2022,$18.68,132228,$18.70,$18.78,$18.63
01/03/2022,$18.73,154837,$18.67,$18.77,$18.64
12/31/2021,$18.51,102104,$18.435,$18.7399,$18.13
12/30/2021,$18.46,176887,$18.65,$18.65,$18.3601
12/29/2021,$18.48,225092,$18.49,$18.54,$18.3925
12/28/2021,$18.61,141343,$18.56,$18.70,$18.52
12/27/2021,$18.46,197886,$18.33,$18.47,$18.33
12/23/2021,$18.425,219656,$18.30,$18.44,$18.30
12/22/2021,$18.112,177473,$17.90,$18.13,$17.88
12/21/2021,$18.10,214930,$17.92,$18.10,$17.91
12/20/2021,$17.87,283211,$17.82,$17.87,$17.71
12/17/2021,$18.10,204714,$18.31,$18.3101,$18.04
12/16/2021,$18.27,195331,$18.18,$18.3199,$18.176
12/15/2021,$18.235,139754,$18.06,$18.2436,$18.00
12/14/2021,$18.22,315730,$18.15,$18.28,$18.11
12/13/2021,$18.01,269767,$18.1328,$18.16,$18.01
12/10/2021,$17.9401,228710,$17.98,$18.055,$17.918
12/09/2021,$17.968,330131,$18.14,$18.16,$17.94
12/08/2021,$18.32,399695,$18.24,$18.32,$18.20
12/07/2021,$18.12,399652,$18.10,$18.16,$18.02
12/06/2021,$18.00,319071,$17.77,$18.02,$17.745
12/03/2021,$17.61,203407,$17.63,$17.64,$17.46
12/02/2021,$17.77,279957,$17.64,$17.79,$17.62
12/01/2021,$17.83,275812,$18.30,$18.30,$17.81
11/30/2021,$17.74,396206,$18.02,$18.02,$17.57
11/29/2021,$18.23,303047,$18.27,$18.28,$18.085
11/26/2021,$18.366,376450,$18.50,$18.51,$18.29
11/24/2021,$19.02,315343,$18.828,$19.02,$18.80
11/23/2021,$19.18,211061,$19.01,$19.24,$19.00
11/22/2021,$19.01,394794,$18.89,$19.12,$18.89
11/19/2021,$18.6365,293453,$18.7197,$18.75,$18.62
11/18/2021,$19.04,154540,$19.08,$19.10,$19.01
11/17/2021,$19.10,174965,$18.9001,$19.13,$18.9001
11/16/2021,$18.96,134356,$19.18,$19.18,$18.96
11/15/2021,$19.0805,207593,$19.32,$19.34,$19.08
11/12/2021,$19.57,153155,$19.55,$19.61,$19.46
11/11/2021,$19.27,105818,$19.19,$19.31,$19.11
11/10/2021,$19.15,142066,$19.22,$19.32,$19.15
11/09/2021,$19.25,135125,$19.33,$19.35,$19.187
11/08/2021,$19.29,106105,$19.38,$19.38,$19.248
11/05/2021,$19.50,118388,$19.37,$19.507,$19.37
11/04/2021,$19.23,142696,$19.22,$19.29,$19.18
11/03/2021,$19.41,119979,$19.08,$19.41,$19.075
11/02/2021,$19.03,175426,$19.0001,$19.05,$18.9104
11/01/2021,$18.93,205848,$18.85,$18.93,$18.82
10/29/2021,$18.64,208384,$18.51,$18.655,$18.4904
10/28/2021,$18.77,131666,$18.79,$18.84,$18.72
10/27/2021,$18.84,142217,$18.95,$18.96,$18.8201
10/26/2021,$19.02,163231,$19.01,$19.08,$18.9501
10/25/2021,$18.92,198566,$18.96,$18.98,$18.87
10/22/2021,$19.14,129163,$19.11,$19.18,$19.07
10/21/2021,$19.27,124811,$19.38,$19.40,$19.21
10/20/2021,$19.308,98322,$19.17,$19.335,$19.17
10/19/2021,$19.14,195770,$19.09,$19.14,$19.05
10/18/2021,$19.21,258072,$19.10,$19.21,$19.04
10/15/2021,$19.185,129856,$19.21,$19.23,$19.14
10/14/2021,$19.22,154190,$19.20,$19.24,$19.10
10/13/2021,$19.04,147230,$18.92,$19.05,$18.85
10/12/2021,$18.96,269784,$19.06,$19.06,$18.85
10/11/2021,$19.23,194792,$19.335,$19.365,$19.23
10/08/2021,$19.39,524260,$19.50,$19.51,$19.32
10/07/2021,$19.4775,258999,$19.49,$19.58,$19.46
10/06/2021,$19.48,649366,$19.44,$19.48,$19.235
10/05/2021,$20.00,156486,$20.15,$20.52,$19.91
10/04/2021,$20.26,112814,$20.27,$20.41,$20.215
10/01/2021,$20.245,210636,$20.26,$20.26,$20.085
09/30/2021,$20.15,105794,$20.33,$20.345,$20.13
09/29/2021,$20.33,167853,$20.31,$20.41,$20.28
09/28/2021,$20.27,247617,$20.474,$20.48,$20.24
09/27/2021,$20.64,117004,$20.84,$20.84,$20.60
09/24/2021,$20.51,208267,$20.50,$20.55,$20.44
09/23/2021,$20.772,129261,$20.59,$20.84,$20.5603
09/22/2021,$20.42,152689,$20.36,$20.5825,$20.36
09/21/2021,$20.23,182521,$20.25,$20.34,$20.18
09/20/2021,$19.95,303092,$19.83,$19.97,$19.80
09/17/2021,$20.53,484914,$20.65,$20.676,$20.35
09/16/2021,$20.63,95895,$20.59,$20.66,$20.495
09/15/2021,$20.69,98291,$20.71,$20.76,$20.5825
09/14/2021,$20.55,221751,$20.72,$20.72,$20.55
09/13/2021,$20.75,102088,$20.76,$20.79,$20.66
09/10/2021,$20.52,93177,$20.58,$20.62,$20.475
09/09/2021,$21.03,294404,$21.07,$21.15,$20.97
09/08/2021,$21.29,154039,$21.25,$21.34,$21.22
09/07/2021,$21.29,121947,$21.26,$21.35,$21.19
09/03/2021,$21.205,72405,$21.15,$21.24,$21.01
09/02/2021,$21.34,88552,$21.373,$21.40,$21.30
09/01/2021,$21.43,38574,$21.41,$21.4855,$21.39
08/31/2021,$21.28,86504,$21.34,$21.35,$21.26
08/30/2021,$21.73,64135,$21.66,$21.79,$21.64
08/27/2021,$21.85,44527,$21.73,$21.89,$21.71
08/26/2021,$21.71,51525,$21.74,$21.80,$21.70
08/25/2021,$21.93,42979,$21.94,$21.94,$21.87
08/24/2021,$21.93,80964,$21.85,$21.985,$21.82
08/23/2021,$22.17,51696,$22.06,$22.18,$22.025
08/20/2021,$22.07,55877,$21.93,$22.0799,$21.92
08/19/2021,$21.79,71562,$21.69,$21.85,$21.67
08/18/2021,$22.112,76584,$22.10,$22.23,$22.10
08/17/2021,$21.99,82258,$21.93,$22.025,$21.90
08/16/2021,$22.04,134480,$22.06,$22.09,$21.86
08/13/2021,$21.925,702063,$21.84,$21.94,$21.82
08/12/2021,$21.75,209497,$21.66,$21.78,$21.60
08/11/2021,$21.061,41225,$21.075,$21.09,$21.01
08/10/2021,$21.02,82611,$20.95,$21.02,$20.95
08/09/2021,$20.985,71437,$21.15,$21.15,$20.89
08/06/2021,$20.84,255317,$20.87,$20.87,$20.78
08/05/2021,$20.81,62336,$20.808,$20.89,$20.80
08/04/2021,$20.78,70437,$20.955,$21.00,$20.76
08/03/2021,$20.975,77797,$20.85,$20.99,$20.7503
08/02/2021,$20.70,77420,$20.69,$20.75,$20.66
07/30/2021,$20.81,98599,$20.87,$20.87,$20.76
07/29/2021,$21.05,54194,$21.03,$21.11,$20.99
07/28/2021,$21.13,49802,$21.01,$21.141,$20.965
07/27/2021,$21.16,84073,$21.08,$21.17,$21.0395
07/26/2021,$21.11,104950,$21.00,$21.12,$20.97
07/23/2021,$21.06,110611,$20.99,$21.16,$20.94
07/22/2021,$20.83,833860,$21.24,$21.24,$20.79
07/21/2021,$21.24,551027,$21.134,$21.24,$21.01
07/20/2021,$20.775,117005,$20.85,$20.85,$20.61
07/19/2021,$20.76,209894,$21.20,$21.20,$20.68
07/16/2021,$21.63,51273,$21.805,$21.815,$21.595
07/15/2021,$21.63,60679,$21.76,$21.76,$21.50
07/14/2021,$21.75,95156,$21.67,$21.775,$21.611
07/13/2021,$21.70,69507,$21.785,$21.90,$21.70
07/12/2021,$21.77,69059,$21.605,$21.77,$21.605
07/09/2021,$21.47,120500,$21.39,$21.48,$21.2801
07/08/2021,$21.19,122073,$21.11,$21.25,$21.08
07/07/2021,$21.29,94227,$21.19,$21.36,$21.19
07/06/2021,$21.16,63938,$21.14,$21.35,$21.07
07/02/2021,$21.35,67842,$21.27,$21.43,$21.252
07/01/2021,$21.23,206831,$21.17,$21.30,$21.17
06/30/2021,$21.26,181853,$21.22,$21.27,$21.15
06/29/2021,$21.45,231168,$21.39,$21.50,$21.39
06/28/2021,$21.39,97791,$21.34,$21.40,$21.32
06/25/2021,$21.30,375056,$21.31,$21.35,$21.25
06/24/2021,$21.385,138236,$21.30,$21.41,$21.30
06/23/2021,$21.23,117108,$21.47,$21.51,$21.19
06/22/2021,$21.56,1019345,$21.29,$21.58,$21.28
06/21/2021,$21.28,1160722,$21.1745,$21.28,$21.0825
06/18/2021,$20.92,117716,$20.86,$20.96,$20.80
06/17/2021,$21.12,97956,$21.20,$21.2499,$21.02
06/16/2021,$21.43,85426,$21.70,$21.73,$21.3606
06/15/2021,$21.69,149660,$21.69,$21.74,$21.64
06/14/2021,$21.68,135964,$21.655,$21.72,$21.60
06/11/2021,$21.60,145557,$21.60,$21.63,$21.51
06/10/2021,$21.63,95907,$21.51,$21.64,$21.45
06/09/2021,$21.28,78877,$21.28,$21.29,$21.205
06/08/2021,$21.30,83985,$21.25,$21.30,$21.21
06/07/2021,$21.32,67749,$21.25,$21.36,$21.215
06/04/2021,$21.115,168041,$21.08,$21.14,$21.0303
06/03/2021,$21.03,155026,$20.98,$21.05,$20.89
06/02/2021,$21.14,178677,$21.00,$21.14,$21.00
06/01/2021,$21.1445,295562,$21.026,$21.15,$21.00
05/28/2021,$20.88,189714,$20.78,$20.93,$20.76
05/27/2021,$20.90,174114,$20.90,$20.96,$20.78
05/26/2021,$20.935,63850,$21.017,$21.03,$20.88
05/25/2021,$21.13,140246,$21.20,$21.29,$21.044
05/24/2021,$21.20,233754,$21.8499,$21.8499,$21.07
05/21/2021,$21.04,171982,$20.94,$21.04,$20.875
05/20/2021,$20.7925,229768,$20.66,$20.87,$20.645
05/19/2021,$20.23,69824,$20.39,$20.49,$20.19
05/18/2021,$20.92,74435,$21.09,$21.104,$20.83
05/17/2021,$21.05,271951,$21.09,$21.12,$21.02
05/14/2021,$20.49,182178,$20.315,$20.50,$20.31
05/13/2021,$20.128,227883,$19.88,$20.20,$19.82
05/12/2021,$20.17,302461,$20.23,$20.33,$20.0325
05/11/2021,$19.94,131237,$19.91,$20.00,$19.79
05/10/2021,$20.15,80235,$20.24,$20.35,$20.15
05/07/2021,$20.13,90595,$20.03,$20.19,$20.03
05/06/2021,$20.04,83968,$19.87,$20.04,$19.798
05/05/2021,$19.77,304654,$19.66,$19.79,$19.66
05/04/2021,$19.43,71722,$19.45,$19.48,$19.33
05/03/2021,$19.46,210938,$19.42,$19.53,$19.415
04/30/2021,$19.28,108276,$19.35,$19.45,$19.25
04/29/2021,$19.415,204302,$19.33,$19.44,$19.33
04/28/2021,$19.45,101665,$19.38,$19.47,$19.28
04/27/2021,$19.402,140085,$19.46,$19.48,$19.32
04/26/2021,$19.45,100889,$19.49,$19.51,$19.405
04/23/2021,$19.50,151350,$19.34,$19.51,$19.30
04/22/2021,$19.41,156304,$19.36,$19.492,$19.33
04/21/2021,$19.48,200764,$19.22,$19.48,$19.22
04/20/2021,$19.44,209948,$19.41,$19.479,$19.33
04/19/2021,$19.60,206344,$19.42,$19.60,$19.42
04/16/2021,$19.40,157559,$19.20,$19.40,$19.20
04/15/2021,$19.19,175897,$19.09,$19.27,$19.09
04/14/2021,$19.28,127286,$19.185,$19.30,$19.17
04/13/2021,$19.26,247179,$19.11,$19.286,$19.11
04/12/2021,$19.45,187824,$19.46,$19.57,$19.35
04/09/2021,$19.66,133064,$19.60,$19.66,$19.545
04/08/2021,$19.825,112987,$19.92,$19.92,$19.74
04/07/2021,$19.74,569957,$19.86,$19.86,$19.70
04/06/2021,$19.72,195541,$19.745,$19.77,$19.65
04/05/2021,$20.99,143900,$20.75,$21.00,$20.48
04/01/2021,$20.425,134190,$20.34,$20.43,$20.18
03/31/2021,$20.24,84137,$19.93,$20.33,$19.93
03/30/2021,$20.04,285258,$20.115,$20.20,$20.04
03/29/2021,$20.29,307597,$20.13,$20.33,$20.10
03/26/2021,$19.95,55620,$19.91,$19.95,$19.84
03/25/2021,$19.85,88132,$19.75,$19.87,$19.67
03/24/2021,$19.74,124895,$19.695,$19.87,$19.68
03/23/2021,$19.85,58448,$19.83,$19.95,$19.79
03/22/2021,$19.65,54034,$19.598,$19.706,$19.56
03/19/2021,$19.60,108553,$19.81,$19.81,$19.59
03/18/2021,$19.93,62697,$19.955,$20.09,$19.86
03/17/2021,$20.00,108117,$19.77,$20.00,$19.73
03/16/2021,$19.65,92216,$19.63,$19.67,$19.56
03/15/2021,$19.85,85363,$19.86,$19.94,$19.76
03/12/2021,$19.80,108297,$19.616,$19.80,$19.61
03/11/2021,$19.42,74631,$19.39,$19.45,$19.33
03/10/2021,$19.27,186462,$19.26,$19.30,$19.16
03/09/2021,$18.32,70716,$18.395,$18.405,$18.26
03/08/2021,$18.14,73963,$17.952,$18.19,$17.94
03/05/2021,$17.9935,68325,$17.82,$18.05,$17.81
03/04/2021,$17.86,1543897,$17.94,$18.11,$17.762
03/03/2021,$17.98,97827,$17.916,$18.04,$17.875
03/02/2021,$18.14,103982,$18.02,$18.17,$18.01
03/01/2021,$18.05,92012,$18.08,$18.12,$18.00
02/26/2021,$18.148,277623,$18.11,$18.23,$18.04
02/25/2021,$18.09,221300,$18.44,$18.45,$18.06
02/24/2021,$17.97,71553,$17.88,$18.01,$17.8005
02/23/2021,$17.89,84286,$17.785,$17.92,$17.70
02/22/2021,$17.9425,68122,$17.92,$18.0599,$17.92
02/19/2021,$17.93,134279,$18.05,$18.05,$17.90
02/18/2021,$17.825,1203689,$17.83,$17.90,$17.70
02/17/2021,$17.91,182410,$17.77,$17.91,$17.755
02/16/2021,$17.94,112819,$18.04,$18.0625,$17.91
02/12/2021,$18.03,63674,$17.898,$18.09,$17.89
02/11/2021,$18.0005,149363,$18.08,$18.10,$17.92
02/10/2021,$18.03,82922,$18.20,$18.20,$18.00
02/09/2021,$18.14,80066,$18.07,$18.15,$18.0335
02/08/2021,$18.17,117733,$18.22,$18.24,$18.13
02/05/2021,$18.20,88320,$18.19,$18.24,$18.14
02/04/2021,$18.395,229673,$18.27,$18.44,$18.25
02/03/2021,$18.423,109847,$18.35,$18.46,$18.27
02/02/2021,$18.10,58499,$17.953,$18.10,$17.94
02/01/2021,$17.95,93403,$17.97,$18.02,$17.87
01/29/2021,$17.88,193770,$18.00,$18.06,$17.825
01/28/2021,$18.23,118291,$18.12,$18.32,$18.111
01/27/2021,$18.24,143426,$18.39,$18.39,$18.145
01/26/2021,$18.285,172636,$18.27,$18.36,$18.235
01/25/2021,$18.22,623331,$18.07,$18.22,$18.02
01/22/2021,$18.41,134793,$18.38,$18.44,$18.32
01/21/2021,$18.48,133932,$18.46,$18.49,$18.321
01/20/2021,$18.47,155242,$18.34,$18.47,$18.23
01/19/2021,$18.32,78762,$18.30,$18.35,$18.22
01/15/2021,$18.19,94905,$18.16,$18.28,$18.08
01/14/2021,$18.45,100197,$18.31,$18.50,$18.31
01/13/2021,$18.46,109478,$18.487,$18.55,$18.374
01/12/2021,$18.43,143083,$18.345,$18.44,$18.29
01/11/2021,$18.44,119510,$18.385,$18.53,$18.368
01/08/2021,$18.69,113090,$18.614,$18.69,$18.50
01/07/2021,$18.85,75725,$18.87,$18.895,$18.806
01/06/2021,$18.64,102378,$18.64,$18.71,$18.55
01/05/2021,$18.49,103519,$18.40,$18.51,$18.37
01/04/2021,$18.5325,107337,$18.73,$18.778,$18.48
12/31/2020,$18.27,71322,$18.35,$18.42,$18.18
12/30/2020,$18.44,665717,$18.475,$18.475,$18.36
12/29/2020,$18.50,1308726,$18.502,$18.55,$18.42
12/28/2020,$18.405,163920,$18.385,$18.47,$18.36
12/24/2020,$18.07,49611,$17.974,$18.10,$17.79
12/23/2020,$18.0585,41529,$17.99,$18.09,$17.99
12/22/2020,$17.797,157642,$17.89,$17.89,$17.77
12/21/2020,$18.012,208913,$18.00,$18.09,$17.82
12/18/2020,$18.53,71942,$18.60,$18.63,$18.41
12/17/2020,$18.44,69018,$18.45,$18.49,$18.39
12/16/2020,$18.30,54421,$18.29,$18.36,$18.21
12/15/2020,$18.14,51191,$18.14,$18.14,$18.02
12/14/2020,$17.957,43176,$18.17,$18.19,$17.921
12/11/2020,$17.84,60276,$17.92,$17.96,$17.71
12/10/2020,$18.23,57894,$18.045,$18.23,$18.03
12/09/2020,$18.175,44792,$18.294,$18.294,$18.11
12/08/2020,$18.334,121935,$18.27,$18.36,$18.26
12/07/2020,$18.38,88396,$18.395,$18.47,$18.35
12/04/2020,$18.46,68228,$18.42,$18.50,$18.40
12/03/2020,$18.22,50614,$18.275,$18.295,$18.21
12/02/2020,$18.315,64979,$18.23,$18.34,$18.23
12/01/2020,$18.27,241665,$18.12,$18.30,$18.11
11/30/2020,$18.06,150326,$18.33,$18.40,$18.05
11/27/2020,$18.11,65458,$18.11,$18.165,$18.07
11/25/2020,$17.97,110953,$18.011,$18.03,$17.92
11/24/2020,$17.69,85092,$17.56,$17.69,$17.525
11/23/2020,$17.525,49078,$17.61,$17.63,$17.44
11/20/2020,$17.605,57012,$17.705,$17.72,$17.58
11/19/2020,$17.70,85924,$17.52,$17.72,$17.4915
11/18/2020,$17.63,108968,$17.61,$17.74,$17.60
11/17/2020,$17.76,117026,$17.638,$17.79,$17.63
11/16/2020,$17.545,105005,$17.67,$17.68,$17.4705
11/13/2020,$17.71,95975,$17.51,$17.73,$17.51
11/12/2020,$17.64,157354,$17.847,$17.855,$17.625
11/11/2020,$17.6375,70200,$17.65,$17.80,$17.60
11/10/2020,$17.50,71826,$17.432,$17.59,$17.35
11/09/2020,$17.28,92923,$17.615,$17.615,$17.24
11/06/2020,$16.85,188665,$17.09,$17.105,$16.8199
11/05/2020,$16.43,83894,$16.425,$16.49,$16.37
11/04/2020,$16.03,186783,$15.79,$16.10,$15.75
11/03/2020,$15.89,98350,$15.75,$15.91,$15.72
11/02/2020,$15.54,150965,$15.55,$15.59,$15.47
10/30/2020,$15.30,90464,$15.22,$15.30,$15.17
10/29/2020,$15.43,265093,$15.137,$15.50,$15.07
10/28/2020,$15.02,278372,$14.98,$15.11,$14.77
10/27/2020,$15.40,142283,$15.375,$15.51,$15.375
10/26/2020,$15.6775,72697,$15.76,$15.76,$15.561
10/23/2020,$15.962,80412,$16.08,$16.08,$15.88
10/22/2020,$15.86,127540,$15.85,$15.9599,$15.803
10/21/2020,$15.996,152517,$16.00,$16.06,$15.92
10/20/2020,$16.16,132333,$16.26,$16.31,$16.15
10/19/2020,$16.285,130579,$16.432,$16.47,$16.26
10/16/2020,$16.43,1410148,$16.39,$16.47,$16.36
10/15/2020,$16.49,281435,$16.49,$16.53,$16.41
10/14/2020,$16.97,135464,$17.12,$17.17,$16.9505
10/13/2020,$17.095,128914,$17.061,$17.12,$17.045
10/12/2020,$17.15,506423,$17.04,$17.19,$17.02
10/09/2020,$17.09,90393,$16.98,$17.1099,$16.92
10/08/2020,$17.05,80685,$17.03,$17.1199,$17.005
10/07/2020,$17.123,194354,$17.085,$17.13,$16.93
10/06/2020,$17.18,109137,$17.57,$17.57,$17.18
10/05/2020,$17.39,62506,$17.33,$17.44,$17.3072
10/02/2020,$17.10,93132,$17.10,$17.11,$16.94
10/01/2020,$17.03,76950,$17.05,$17.10,$16.961
09/30/2020,$16.85,102359,$17.01,$17.022,$16.73
09/29/2020,$16.7875,94218,$16.84,$16.84,$16.715
09/28/2020,$16.745,76553,$16.74,$16.82,$16.693
09/25/2020,$16.64,93961,$16.60,$16.68,$16.42
09/24/2020,$16.74,75836,$16.70,$16.8499,$16.635
09/23/2020,$16.67,101989,$17.11,$17.11,$16.62
09/22/2020,$17.05,131912,$17.09,$17.13,$16.9025
09/21/2020,$17.17,171654,$17.15,$17.18,$16.90
09/18/2020,$17.77,190121,$17.901,$17.91,$17.63
09/17/2020,$17.94,47229,$17.846,$17.9899,$17.84
09/16/2020,$17.88,124844,$18.00,$18.10,$17.82
09/15/2020,$18.03,53619,$18.165,$18.165,$17.99
09/14/2020,$18.06,64678,$18.09,$18.13,$18.00
09/11/2020,$18.055,76379,$18.11,$18.16,$17.99
09/10/2020,$17.995,69734,$18.175,$18.25,$17.95
09/09/2020,$18.18,81754,$18.14,$18.285,$18.13
09/08/2020,$17.60,54143,$17.635,$17.75,$17.56
09/04/2020,$17.92,84522,$17.95,$17.97,$17.615
09/03/2020,$18.025,49966,$18.27,$18.32,$17.95
09/02/2020,$18.2925,151242,$18.09,$18.30,$18.05
09/01/2020,$17.4001,61756,$17.65,$17.65,$17.36
08/31/2020,$17.62,92404,$17.77,$17.78,$17.585
08/28/2020,$17.7928,116796,$17.87,$17.87,$17.75
08/27/2020,$17.85,123115,$17.98,$17.98,$17.75
08/26/2020,$17.95,178553,$17.83,$17.96,$17.782
08/25/2020,$18.02,1537846,$18.11,$18.11,$17.83
08/24/2020,$17.835,927004,$17.84,$17.915,$17.80
08/21/2020,$17.535,847075,$17.37,$17.58,$17.37
08/20/2020,$17.83,144015,$17.586,$17.83,$17.56
08/19/2020,$17.95,75216,$18.02,$18.1599,$17.93
08/18/2020,$17.94,52093,$18.15,$18.15,$17.89
08/17/2020,$18.025,54827,$18.035,$18.06,$17.96
08/14/2020,$18.15,80178,$18.14,$18.27,$18.10
08/13/2020,$18.045,80084,$18.18,$18.27,$18.01
08/12/2020,$17.90,95633,$17.86,$17.955,$17.80
08/11/2020,$17.485,78479,$17.80,$17.80,$17.48
08/10/2020,$17.54,86222,$17.56,$17.60,$17.46
08/07/2020,$17.54,73498,$17.35,$17.595,$17.35
08/06/2020,$17.26,54653,$17.161,$17.26,$17.09
08/05/2020,$17.24,63074,$17.415,$17.46,$17.24
08/04/2020,$17.32,79099,$17.12,$17.32,$17.07
08/03/2020,$16.996,104270,$17.03,$17.075,$16.93
07/31/2020,$16.66,125246,$16.89,$16.97,$16.58
07/30/2020,$17.10,137153,$16.99,$17.1799,$16.76
07/29/2020,$17.35,60071,$17.17,$17.38,$17.17
07/28/2020,$17.25,100603,$17.25,$17.31,$17.20
07/27/2020,$17.38,85634,$17.295,$17.44,$17.244
07/24/2020,$17.36,57705,$17.40,$17.42,$17.25
07/23/2020,$17.55,137999,$17.67,$17.74,$17.54
07/22/2020,$17.67,123666,$17.81,$17.82,$17.67
07/21/2020,$17.78,64778,$17.66,$17.80,$17.66
07/20/2020,$17.68,110693,$17.57,$17.75,$17.57
07/17/2020,$17.57,69219,$17.455,$17.57,$17.42
07/16/2020,$17.468,119922,$17.30,$17.59,$17.30
07/15/2020,$17.35,312153,$17.26,$17.43,$17.26
07/14/2020,$17.35,74694,$17.34,$17.3599,$17.17
07/13/2020,$16.90,179722,$17.166,$17.24,$16.90
07/10/2020,$16.94,208992,$16.78,$16.99,$16.78
07/09/2020,$16.68,152919,$16.82,$16.89,$16.64
07/08/2020,$16.89,421834,$16.823,$16.95,$16.78
07/07/2020,$16.77,181856,$16.828,$16.92,$16.73
07/06/2020,$17.00,119422,$17.20,$17.20,$16.94
07/02/2020,$16.925,96481,$17.15,$17.15,$16.89
07/01/2020,$16.73,234495,$16.60,$16.82,$16.60
06/30/2020,$16.77,539263,$16.66,$16.8499,$16.64
06/29/2020,$16.59,97578,$16.43,$16.61,$16.38
06/26/2020,$16.25,100598,$16.54,$16.55,$16.22
06/25/2020,$16.63,64512,$16.40,$16.6799,$16.37
06/24/2020,$16.55,461629,$16.78,$16.80,$16.355
06/23/2020,$16.86,83623,$17.01,$17.088,$16.86
06/22/2020,$16.51,127664,$16.68,$16.68,$16.47
06/19/2020,$17.205,199291,$17.475,$17.475,$16.94
06/18/2020,$17.00,74345,$17.09,$17.18,$16.97
06/17/2020,$17.075,92068,$17.09,$17.154,$17.04
06/16/2020,$16.97,206589,$16.992,$17.14,$16.85
06/15/2020,$16.798,79885,$16.42,$16.8575,$16.41
06/12/2020,$16.46,62301,$16.54,$16.60,$16.22
06/11/2020,$16.38,146099,$16.75,$16.865,$16.25
06/10/2020,$17.23,315146,$17.21,$17.29,$17.13
06/09/2020,$17.17,114884,$16.99,$17.29,$16.98
06/08/2020,$17.275,301798,$17.30,$17.30,$17.09
06/05/2020,$17.01,139137,$17.11,$17.22,$16.99
06/04/2020,$16.99,99660,$16.87,$16.99,$16.85
06/03/2020,$16.89,232744,$16.71,$16.99,$16.71
06/02/2020,$16.3325,302168,$16.25,$16.40,$16.25
06/01/2020,$16.1225,238217,$15.85,$16.18,$15.85
05/29/2020,$15.82,419201,$15.81,$15.86,$15.6475
05/28/2020,$15.77,88094,$15.88,$15.95,$15.76
05/27/2020,$15.60,145241,$15.365,$15.6075,$15.285
05/26/2020,$15.10,330085,$15.15,$15.27,$15.07
05/22/2020,$14.89,154797,$14.80,$14.89,$14.765
05/21/2020,$14.87,211656,$14.97,$15.01,$14.87
05/20/2020,$15.025,1363907,$14.996,$15.13,$14.96
05/19/2020,$14.80,855885,$14.98,$15.01,$14.80
05/18/2020,$15.25,243758,$15.00,$15.33,$15.00
05/15/2020,$14.82,134082,$14.79,$14.83,$14.66
05/14/2020,$14.84,179682,$14.81,$14.92,$14.68
05/13/2020,$14.56,115422,$14.81,$14.87,$14.49
05/12/2020,$14.79,655359,$14.81,$15.05,$14.78
05/11/2020,$14.71,198704,$14.61,$14.73,$14.54
05/08/2020,$14.77,177369,$14.64,$14.89,$14.62
05/07/2020,$14.31,291976,$13.92,$14.374,$13.92
05/06/2020,$13.83,158690,$14.09,$14.09,$13.83
05/05/2020,$14.03,147871,$14.0325,$14.11,$13.9515
05/04/2020,$14.09,261895,$14.08,$14.17,$13.97
05/01/2020,$14.32,267022,$13.91,$14.60,$13.91
04/30/2020,$14.5201,263886,$14.47,$14.61,$14.33
04/29/2020,$14.50,126376,$14.335,$14.57,$14.27
04/28/2020,$13.85,123471,$14.02,$14.05,$13.821
04/27/2020,$14.055,230730,$13.91,$14.06,$13.85
04/24/2020,$13.64,185305,$13.74,$13.77,$13.55
04/23/2020,$13.37,229510,$13.54,$13.73,$13.35
04/22/2020,$13.57,177946,$13.478,$13.66,$13.45
04/21/2020,$13.23,202532,$13.32,$13.40,$13.16
04/20/2020,$13.61,233152,$13.513,$13.80,$13.50
04/17/2020,$13.59,133054,$13.66,$13.66,$13.49
04/16/2020,$13.18,365881,$13.32,$13.35,$13.08
04/15/2020,$13.19,327558,$13.18,$13.35,$13.11
04/14/2020,$13.66,625173,$13.64,$13.755,$13.60
04/13/2020,$13.41,191162,$13.40,$13.67,$13.31
04/09/2020,$13.56,198738,$13.45,$13.56,$13.40
04/08/2020,$13.34,216662,$13.355,$13.47,$13.20
04/07/2020,$13.386,387594,$13.74,$13.78,$13.32
04/06/2020,$13.18,678252,$13.11,$13.25,$13.04
04/03/2020,$12.50,236003,$12.52,$12.63,$12.3901
04/02/2020,$12.51,450240,$12.36,$12.638,$12.25
04/01/2020,$12.51,287674,$12.525,$12.57,$12.34
03/31/2020,$12.94,475491,$12.92,$13.05,$12.751
03/30/2020,$13.21,625312,$12.97,$13.26,$12.97
03/27/2020,$12.80,206489,$12.785,$13.08,$12.66
03/26/2020,$13.16,294345,$12.54,$13.26,$12.53
03/25/2020,$12.80,281747,$12.47,$13.10,$12.34
03/24/2020,$12.875,363852,$12.64,$12.9168,$12.54
03/23/2020,$12.31,504660,$12.51,$12.555,$12.14
03/20/2020,$12.515,297793,$12.61,$13.295,$12.3901
03/19/2020,$12.18,492090,$12.0625,$12.64,$11.9901
03/18/2020,$11.91,477321,$12.07,$12.327,$11.30
03/17/2020,$12.53,885260,$11.80,$12.776,$11.65
03/16/2020,$11.82,644984,$11.68,$12.43,$11.60
03/13/2020,$13.35,376134,$13.50,$13.50,$12.5625
03/12/2020,$12.88,812137,$13.47,$13.50,$12.87
03/11/2020,$14.59,1585748,$15.08,$15.08,$14.384
03/10/2020,$15.325,386303,$15.438,$15.4801,$14.827
03/09/2020,$15.38,225010,$15.89,$16.02,$15.38
03/06/2020,$16.69,162240,$16.68,$16.70,$16.43
03/05/2020,$16.643,144559,$16.71,$16.84,$16.60
03/04/2020,$16.97,194982,$16.585,$16.97,$16.47
03/03/2020,$16.365,368266,$16.55,$16.71,$16.23
03/02/2020,$16.61,259683,$16.30,$16.62,$16.21
02/28/2020,$16.28,246558,$16.095,$16.29,$15.93
02/27/2020,$16.67,160716,$16.88,$16.894,$16.67
02/26/2020,$16.924,117653,$17.05,$17.13,$16.88
02/25/2020,$16.905,177545,$17.21,$17.23,$16.89
02/24/2020,$17.3925,97051,$17.45,$17.525,$17.3925
02/21/2020,$17.83,90817,$17.79,$17.89,$17.75
02/20/2020,$17.93,130871,$18.01,$18.045,$17.88
02/19/2020,$17.79,155919,$17.83,$17.865,$17.771
02/18/2020,$17.045,155371,$17.05,$17.16,$16.98
02/14/2020,$16.905,95251,$16.94,$16.95,$16.87
02/13/2020,$16.85,119578,$16.715,$16.87,$16.715
02/12/2020,$16.98,199735,$16.96,$17.02,$16.892
02/11/2020,$16.87,183561,$16.89,$16.921,$16.772
02/10/2020,$16.18,114807,$16.18,$16.255,$16.1518
02/07/2020,$16.285,78978,$16.26,$16.31,$16.23
02/06/2020,$16.27,81244,$16.35,$16.35,$16.24
02/05/2020,$16.18,133189,$16.14,$16.19,$16.10
02/04/2020,$16.15,101370,$16.14,$16.20,$16.13
02/03/2020,$16.13,92794,$16.18,$16.19,$16.12
01/31/2020,$16.11,109193,$16.145,$16.19,$16.09
01/30/2020,$16.21,109126,$16.15,$16.22,$16.12
01/29/2020,$16.275,113353,$16.33,$16.34,$16.27
01/28/2020,$16.40,223607,$16.31,$16.40,$16.29
01/27/2020,$16.0001,191906,$16.07,$16.088,$16.00
01/24/2020,$16.235,144169,$16.26,$16.316,$16.21
01/23/2020,$16.24,136747,$16.295,$16.30,$16.1501
01/22/2020,$16.44,117262,$16.49,$16.50,$16.405
01/21/2020,$16.3901,792467,$16.43,$16.46,$16.3801
01/17/2020,$16.255,976753,$16.27,$16.29,$16.22
01/16/2020,$16.33,225558,$16.29,$16.369,$16.265
01/15/2020,$16.31,109652,$16.26,$16.345,$16.26
01/14/2020,$16.255,150219,$16.22,$16.299,$16.20
01/13/2020,$16.33,242876,$16.28,$16.34,$16.25
01/10/2020,$16.41,236294,$16.45,$16.48,$16.36
01/09/2020,$16.47,258425,$16.41,$16.53,$16.40
01/08/2020,$16.23,192429,$16.17,$16.25,$16.164
01/07/2020,$16.27,153100,$16.30,$16.31,$16.23
01/06/2020,$16.325,167143,$16.30,$16.34,$16.28
01/03/2020,$16.26,119829,$16.23,$16.34,$16.203
01/02/2020,$16.35,141308,$16.29,$16.39,$16.286
12/31/2019,$16.29,129115,$16.32,$16.324,$16.26
12/30/2019,$16.26,139164,$16.41,$16.41,$16.25
12/27/2019,$16.405,252975,$16.39,$16.43,$16.38
12/26/2019,$16.33,148049,$16.29,$16.34,$16.26
12/24/2019,$16.26,71299,$16.27,$16.31,$16.18
12/23/2019,$16.295,215093,$16.25,$16.30,$16.224
12/20/2019,$16.354,371941,$16.358,$16.43,$16.33
12/19/2019,$16.33,157876,$16.2175,$16.37,$16.2175
12/18/2019,$16.35,374364,$16.46,$16.46,$16.34
12/17/2019,$16.535,134491,$16.58,$16.59,$16.51
12/16/2019,$16.52,206746,$16.492,$16.56,$16.48
12/13/2019,$16.38,125233,$16.444,$16.482,$16.35
12/12/2019,$16.46,120239,$16.426,$16.50,$16.36
12/11/2019,$16.52,202676,$16.49,$16.555,$16.45
12/10/2019,$16.44,220544,$16.427,$16.50,$16.384
12/09/2019,$16.565,114179,$16.58,$16.625,$16.54
12/06/2019,$16.62,136252,$16.6625,$16.6625,$16.59
12/05/2019,$16.62,333830,$16.67,$16.69,$16.60
12/04/2019,$16.61,93458,$16.57,$16.66,$16.56
12/03/2019,$16.51,165483,$16.47,$16.55,$16.43
12/02/2019,$16.52,202538,$16.59,$16.61,$16.45
11/29/2019,$16.75,141128,$16.76,$16.78,$16.75
11/27/2019,$16.73,80888,$16.73,$16.781,$16.71
11/26/2019,$16.52,158439,$16.49,$16.53,$16.47
11/25/2019,$16.55,101104,$16.58,$16.60,$16.51
11/22/2019,$16.63,98764,$16.645,$16.68,$16.57
11/21/2019,$16.62,152595,$16.71,$16.71,$16.60
11/20/2019,$16.63,89711,$16.61,$16.70,$16.61
11/19/2019,$16.735,52228,$16.755,$16.78,$16.68
11/18/2019,$16.788,145331,$16.69,$16.806,$16.67
11/15/2019,$16.75,97672,$16.65,$16.80,$16.63
11/14/2019,$16.65,124938,$16.59,$16.65,$16.59
11/13/2019,$16.72,154007,$16.76,$16.80,$16.70
11/12/2019,$16.82,136201,$16.863,$16.916,$16.82
11/11/2019,$16.76,163618,$16.81,$16.89,$16.71
11/08/2019,$16.94,128344,$17.00,$17.032,$16.92
11/07/2019,$16.865,82453,$16.77,$16.94,$16.77
11/06/2019,$17.282,57645,$17.33,$17.37,$17.26
11/05/2019,$17.24,91718,$17.24,$17.28,$17.21
11/04/2019,$17.36,87748,$17.45,$17.46,$17.35
11/01/2019,$17.38,54762,$17.44,$17.44,$17.37
10/31/2019,$17.59,113885,$17.52,$17.62,$17.514
10/30/2019,$17.49,53639,$17.395,$17.50,$17.36
10/29/2019,$17.33,65769,$17.33,$17.38,$17.29
10/28/2019,$17.58,70707,$17.55,$17.62,$17.54
10/25/2019,$17.62,127335,$17.67,$17.71,$17.62
10/24/2019,$17.71,113319,$17.76,$17.77,$17.66
10/23/2019,$18.06,61425,$17.96,$18.06,$17.94
10/22/2019,$17.87,74561,$17.90,$17.9699,$17.86
10/21/2019,$17.75,91039,$17.81,$17.8626,$17.68
10/18/2019,$17.74,99700,$17.66,$17.75,$17.65
10/17/2019,$17.58,143732,$17.59,$17.66,$17.55
10/16/2019,$17.34,112845,$17.27,$17.3785,$17.26
10/15/2019,$17.34,126670,$17.21,$17.38,$17.21
10/14/2019,$17.04,64878,$17.03,$17.09,$17.02
10/11/2019,$17.03,138085,$17.03,$17.09,$16.985
10/10/2019,$16.83,117018,$16.87,$16.9201,$16.81
10/09/2019,$16.84,211320,$16.83,$16.88,$16.82
10/08/2019,$16.68,238059,$16.72,$16.75,$16.67
10/07/2019,$16.70,156303,$16.69,$16.7599,$16.67
10/04/2019,$16.6375,541961,$16.49,$16.64,$16.49
10/03/2019,$16.57,113806,$16.54,$16.58,$16.46
10/02/2019,$16.475,50110,$16.65,$16.675,$16.43
10/01/2019,$16.71,161304,$16.72,$16.7915,$16.64
09/30/2019,$16.71,98928,$16.69,$16.78,$16.69
09/27/2019,$16.73,111200,$16.78,$16.80,$16.71
09/26/2019,$16.78,76899,$16.815,$16.8499,$16.78
09/25/2019,$16.71,74473,$16.76,$16.76,$16.66
09/24/2019,$16.80,89370,$16.88,$16.88,$16.77
09/23/2019,$16.90,52231,$16.838,$16.92,$16.82
09/20/2019,$16.84,50943,$16.89,$16.91,$16.7901
09/19/2019,$16.77,50939,$16.85,$16.8599,$16.76
09/18/2019,$16.7625,69856,$16.68,$16.81,$16.68
09/17/2019,$16.75,40175,$16.64,$16.75,$16.64
09/16/2019,$16.68,83874,$16.615,$16.68,$16.5801
09/13/2019,$16.73,87870,$16.68,$16.75,$16.67
09/12/2019,$16.732,59115,$16.64,$16.75,$16.63
09/11/2019,$16.59,56922,$16.425,$16.602,$16.425
09/10/2019,$16.565,76017,$16.472,$16.62,$16.4601
09/09/2019,$16.565,47095,$16.6001,$16.6135,$16.54
09/06/2019,$16.58,42635,$16.63,$16.65,$16.58
09/05/2019,$16.58,49598,$16.71,$16.71,$16.5601
09/04/2019,$16.734,114639,$16.66,$16.75,$16.66
09/03/2019,$16.66,48787,$16.58,$16.66,$16.57
08/30/2019,$16.644,24654,$16.77,$16.78,$16.60
08/29/2019,$16.68,92765,$16.71,$16.75,$16.65
08/28/2019,$16.52,84077,$16.49,$16.52,$16.44
08/27/2019,$16.41,94967,$16.45,$16.4799,$16.40
08/26/2019,$16.428,96154,$16.42,$16.45,$16.36
08/23/2019,$16.32,58500,$16.395,$16.48,$16.32
08/22/2019,$16.38,79611,$16.475,$16.48,$16.345
08/21/2019,$16.415,719534,$16.53,$16.53,$16.40
08/20/2019,$16.4775,446252,$16.56,$16.608,$16.4775
08/19/2019,$16.58,60664,$16.565,$16.61,$16.52
08/16/2019,$16.49,523753,$16.40,$16.5381,$16.371
08/15/2019,$16.20,133964,$16.20,$16.245,$16.1401
08/14/2019,$16.075,85607,$16.15,$16.18,$16.06
08/13/2019,$16.30,142082,$16.23,$16.37,$16.23
08/12/2019,$16.13,95486,$16.195,$16.24,$16.11
08/09/2019,$16.14,1172154,$16.19,$16.21,$16.072
08/08/2019,$16.255,282041,$16.19,$16.31,$16.19
08/07/2019,$16.28,240164,$16.25,$16.40,$16.23
08/06/2019,$16.406,133170,$16.318,$16.41,$16.28
08/05/2019,$16.33,101927,$16.383,$16.39,$16.28
08/02/2019,$16.44,89853,$16.55,$16.568,$16.355
08/01/2019,$16.49,100671,$16.52,$16.62,$16.46
07/31/2019,$16.35,65491,$16.45,$16.55,$16.271
07/30/2019,$16.54,76477,$16.62,$16.64,$16.4901
07/29/2019,$16.83,172897,$17.02,$17.04,$16.773
07/26/2019,$16.685,243236,$16.433,$16.71,$16.405
07/25/2019,$16.28,97479,$16.47,$16.49,$16.24
07/24/2019,$16.51,108960,$16.47,$16.5699,$16.455
07/23/2019,$16.44,515405,$16.48,$16.5396,$16.40
07/22/2019,$16.405,133432,$16.39,$16.45,$16.33
07/19/2019,$16.40,78450,$16.36,$16.4799,$16.335
07/18/2019,$16.62,180091,$16.57,$16.638,$16.49
07/17/2019,$16.56,151245,$16.66,$16.72,$16.49
07/16/2019,$16.73,123736,$16.77,$16.82,$16.7025
07/15/2019,$16.86,160172,$16.989,$17.01,$16.85
07/12/2019,$17.09,129015,$17.12,$17.12,$17.03
07/11/2019,$17.16,148882,$17.27,$17.27,$17.12
07/10/2019,$17.27,133708,$17.36,$17.36,$17.25
07/09/2019,$17.30,235599,$17.32,$17.36,$17.25
07/08/2019,$17.27,78533,$17.33,$17.33,$17.21
07/05/2019,$17.30,136052,$17.31,$17.355,$17.23
07/03/2019,$17.28,66000,$17.298,$17.39,$17.28
07/02/2019,$17.20,118953,$17.15,$17.23,$17.12
07/01/2019,$17.19,165097,$17.28,$17.34,$17.14
06/28/2019,$17.34,129987,$17.22,$17.34,$17.22
06/27/2019,$17.23,78146,$17.19,$17.28,$17.16
06/26/2019,$17.33,60553,$17.33,$17.41,$17.30
06/25/2019,$17.40,63830,$17.468,$17.50,$17.40
06/24/2019,$17.48,74800,$17.463,$17.50,$17.43
06/21/2019,$17.41,55988,$17.375,$17.45,$17.36
06/20/2019,$17.45,48399,$17.44,$17.48,$17.38
06/19/2019,$17.414,44228,$17.35,$17.46,$17.28
06/18/2019,$17.38,142861,$17.43,$17.51,$17.38
06/17/2019,$17.26,214219,$17.23,$17.29,$17.23
06/14/2019,$17.25,94929,$17.245,$17.38,$17.20
06/13/2019,$17.39,63443,$17.425,$17.46,$17.36
06/12/2019,$17.47,156909,$17.49,$17.55,$17.43
06/11/2019,$17.34,270713,$17.43,$17.44,$17.31
06/10/2019,$17.37,165130,$17.31,$17.48,$17.31
06/07/2019,$17.45,86849,$17.38,$17.49,$17.35
06/06/2019,$17.337,60052,$17.23,$17.34,$17.23
06/05/2019,$17.17,249268,$17.175,$17.22,$17.1201
06/04/2019,$17.23,88847,$17.20,$17.25,$17.12
06/03/2019,$17.10,89417,$16.93,$17.10,$16.92
05/31/2019,$16.85,351099,$16.93,$16.96,$16.82
05/30/2019,$17.08,438503,$16.90,$17.08,$16.90
05/29/2019,$16.9101,281567,$16.96,$16.99,$16.88
05/28/2019,$16.965,222896,$16.97,$17.10,$16.94
05/24/2019,$17.02,407005,$16.94,$17.03,$16.89
05/23/2019,$16.81,4204868,$16.62,$16.84,$16.5531
05/22/2019,$16.85,599335,$16.74,$16.90,$16.74
05/21/2019,$16.93,1897283,$17.06,$17.06,$16.90
05/20/2019,$17.04,889158,$17.06,$17.17,$16.98
05/17/2019,$16.944,460649,$16.96,$17.06,$16.88
05/16/2019,$16.92,757433,$16.83,$17.06,$16.82
05/15/2019,$16.66,541308,$16.52,$16.684,$16.52
05/14/2019,$16.63,109223,$16.60,$16.66,$16.5325
05/13/2019,$16.41,108974,$16.45,$16.46,$16.38
05/10/2019,$16.8101,57580,$16.77,$16.86,$16.7375
05/09/2019,$16.70,117946,$16.69,$16.75,$16.64
05/08/2019,$16.74,94330,$16.80,$16.83,$16.67
05/07/2019,$16.60,58671,$16.76,$16.79,$16.56
05/06/2019,$16.7125,98898,$16.65,$16.74,$16.60
05/03/2019,$16.70,474330,$16.675,$16.77,$16.675
05/02/2019,$16.80,81231,$16.79,$16.84,$16.74
05/01/2019,$16.717,63221,$16.65,$16.88,$16.65
04/30/2019,$16.79,106827,$16.742,$16.82,$16.70
04/29/2019,$16.762,57331,$16.72,$16.78,$16.67
04/26/2019,$16.71,147911,$16.70,$16.76,$16.69
04/25/2019,$16.62,238144,$16.58,$16.68,$16.535
04/24/2019,$16.595,178536,$16.62,$16.64,$16.523
04/23/2019,$16.87,90387,$16.83,$16.87,$16.74
04/22/2019,$16.80,98920,$16.638,$16.81,$16.60
04/18/2019,$16.70,313283,$16.70,$16.77,$16.64
04/17/2019,$16.80,166066,$16.73,$16.80,$16.71
04/16/2019,$16.91,86225,$16.99,$17.00,$16.88
04/15/2019,$16.92,66466,$16.874,$16.95,$16.833
04/12/2019,$16.82,124232,$16.84,$16.88,$16.76
04/11/2019,$16.80,162181,$16.734,$16.80,$16.6486
04/10/2019,$16.89,119487,$16.84,$16.93,$16.83
04/09/2019,$16.91,99241,$16.84,$16.93,$16.84
04/08/2019,$16.88,67893,$16.99,$17.01,$16.84
04/05/2019,$16.81,53576,$16.79,$16.84,$16.75
04/04/2019,$16.895,163144,$16.74,$16.92,$16.74
04/03/2019,$16.80,203323,$16.695,$16.85,$16.665
04/02/2019,$16.69,120657,$16.57,$16.70,$16.55
04/01/2019,$16.65,301443,$16.58,$16.67,$16.50
03/29/2019,$16.585,181054,$16.50,$16.60,$16.47
03/28/2019,$17.375,129316,$17.53,$17.56,$17.354
03/27/2019,$17.58,566009,$17.60,$17.64,$17.42
03/26/2019,$17.595,639263,$17.622,$17.71,$17.57
03/25/2019,$17.56,194570,$17.71,$17.73,$17.52
03/22/2019,$17.61,268647,$17.71,$17.81,$17.57
03/21/2019,$17.94,121628,$17.89,$17.94,$17.85
03/20/2019,$17.89,92143,$17.70,$17.95,$17.70
03/19/2019,$17.735,121084,$17.86,$17.885,$17.71
03/18/2019,$17.725,68147,$17.745,$17.80,$17.653
03/15/2019,$17.455,284701,$17.33,$17.48,$17.25
03/14/2019,$17.12,55863,$17.13,$17.15,$17.10
03/13/2019,$17.06,82469,$17.005,$17.08,$16.97
03/12/2019,$16.85,83520,$16.80,$16.92,$16.77
03/11/2019,$16.815,107752,$16.71,$16.83,$16.68
03/08/2019,$16.67,188398,$16.715,$16.75,$16.65
03/07/2019,$16.585,76864,$16.76,$16.79,$16.55
03/06/2019,$16.57,102131,$16.677,$16.677,$16.52
03/05/2019,$16.56,110456,$16.614,$16.65,$16.53
03/04/2019,$16.49,219573,$16.56,$16.60,$16.45
03/01/2019,$16.515,187395,$16.53,$16.57,$16.47
02/28/2019,$16.465,62566,$16.47,$16.54,$16.45
02/27/2019,$16.43,315916,$16.475,$16.49,$16.42
02/26/2019,$16.46,635627,$16.43,$16.50,$16.39
02/25/2019,$16.52,123718,$16.599,$16.60,$16.47
02/22/2019,$16.605,192487,$16.62,$16.66,$16.57
02/21/2019,$16.55,263039,$16.48,$16.67,$16.44
02/20/2019,$16.51,1165527,$16.41,$16.61,$16.41
02/19/2019,$16.39,150361,$16.36,$16.407,$16.28
02/15/2019,$16.082,138785,$15.985,$16.10,$15.98
02/14/2019,$15.94,503748,$15.885,$15.99,$15.85
02/13/2019,$15.905,84296,$15.97,$16.008,$15.89
02/12/2019,$16.055,125955,$16.013,$16.09,$15.97
02/11/2019,$15.90,249399,$15.90,$15.98,$15.87
02/08/2019,$15.985,139626,$15.98,$16.03,$15.90
02/07/2019,$16.08,76078,$16.12,$16.13,$16.026
02/06/2019,$16.29,99131,$16.37,$16.37,$16.24
02/05/2019,$16.415,130891,$16.34,$16.52,$16.34
02/04/2019,$16.16,142090,$16.06,$16.18,$16.02
02/01/2019,$16.22,120532,$16.25,$16.33,$16.21
01/31/2019,$16.205,97395,$16.13,$16.24,$16.09
01/30/2019,$16.325,114533,$16.22,$16.38,$16.13
01/29/2019,$16.275,128670,$16.24,$16.34,$16.22
01/28/2019,$16.21,546691,$16.21,$16.31,$16.16
01/25/2019,$16.025,642384,$16.00,$16.1193,$15.95
01/24/2019,$16.07,516105,$16.28,$16.28,$15.87
01/23/2019,$16.465,883836,$16.431,$16.5384,$16.40
01/22/2019,$16.43,562887,$16.36,$16.48,$16.35
01/18/2019,$16.87,282957,$16.76,$16.96,$16.76
01/17/2019,$16.605,185800,$16.54,$16.63,$16.50
01/16/2019,$16.74,160099,$16.60,$16.75,$16.59
01/15/2019,$16.685,269640,$16.67,$16.74,$16.60
01/14/2019,$16.84,113263,$16.86,$16.89,$16.82
01/11/2019,$16.885,172310,$16.89,$16.9399,$16.85
01/10/2019,$16.96,168217,$16.845,$17.002,$16.82
01/09/2019,$17.005,128611,$16.825,$17.03,$16.82
01/08/2019,$16.98,131372,$16.93,$16.99,$16.81
01/07/2019,$17.26,172485,$17.105,$17.28,$17.10
01/04/2019,$17.195,113982,$16.99,$17.20,$16.99
01/03/2019,$16.92,117825,$16.93,$17.05,$16.91
01/02/2019,$16.87,149209,$16.77,$16.87,$16.76
12/31/2018,$16.98,137449,$16.92,$17.02,$16.85
12/28/2018,$16.95,140625,$17.02,$17.02,$16.85
12/27/2018,$16.715,203430,$16.61,$16.74,$16.36
12/26/2018,$16.94,233237,$17.05,$17.05,$16.67
12/24/2018,$16.775,81149,$16.72,$17.095,$16.71
12/21/2018,$16.84,208765,$17.00,$17.11,$16.76
12/20/2018,$17.24,189248,$17.25,$17.32,$17.17
12/19/2018,$17.36,130822,$17.435,$17.56,$17.25
12/18/2018,$17.145,143901,$17.22,$17.23,$17.07
12/17/2018,$17.115,188220,$17.26,$17.28,$17.08
12/14/2018,$16.92,140555,$16.98,$17.04,$16.92
12/13/2018,$17.055,133708,$17.03,$17.09,$16.99
12/12/2018,$17.21,118485,$17.20,$17.28,$17.17
12/11/2018,$17.025,254871,$17.18,$17.22,$16.96
12/10/2018,$17.04,211458,$17.00,$17.09,$16.89
12/07/2018,$17.13,157321,$17.20,$17.24,$17.08
12/06/2018,$17.155,202638,$17.20,$17.26,$17.00
12/04/2018,$17.28,297267,$17.65,$17.65,$17.25
12/03/2018,$17.50,168503,$17.39,$17.54,$17.372
11/30/2018,$17.52,133954,$17.52,$17.56,$17.444
11/29/2018,$17.53,163957,$17.49,$17.56,$17.43
11/28/2018,$17.52,187577,$17.375,$17.57,$17.27
11/27/2018,$17.50,210848,$17.44,$17.50,$17.36
11/26/2018,$17.38,234983,$17.17,$17.41,$17.14
11/23/2018,$17.15,231998,$17.201,$17.3209,$17.14
11/21/2018,$17.325,350297,$17.231,$17.43,$17.22
11/20/2018,$17.22,207002,$17.26,$17.29,$17.16
11/19/2018,$17.265,253970,$17.345,$17.37,$17.23
11/16/2018,$17.21,207274,$17.13,$17.30,$17.12
11/15/2018,$16.95,159061,$16.84,$16.97,$16.69
11/14/2018,$16.925,154286,$16.95,$16.99,$16.80
11/13/2018,$16.72,218276,$16.66,$16.79,$16.62
11/12/2018,$16.43,118962,$16.52,$16.55,$16.41
11/09/2018,$16.645,96577,$16.648,$16.68,$16.54
11/08/2018,$16.58,75984,$16.75,$16.76,$16.54
11/07/2018,$16.79,196946,$16.895,$16.90,$16.75
11/06/2018,$16.545,298745,$16.54,$16.56,$16.49
11/05/2018,$16.425,188996,$16.457,$16.50,$16.41
11/02/2018,$16.405,124910,$16.40,$16.44,$16.30
11/01/2018,$16.445,319641,$16.51,$16.515,$16.35
10/31/2018,$16.35,189175,$16.32,$16.44,$16.32
10/30/2018,$16.25,234924,$16.23,$16.32,$16.16
10/29/2018,$16.04,199461,$16.245,$16.27,$15.89
10/26/2018,$16.115,119079,$16.065,$16.19,$15.92
10/25/2018,$16.377,110230,$16.20,$16.44,$16.12
10/24/2018,$16.36,169858,$16.65,$16.65,$16.36
10/23/2018,$16.57,147782,$16.58,$16.65,$16.423
10/22/2018,$16.64,87235,$16.69,$16.69,$16.59
10/19/2018,$16.805,447853,$16.731,$16.855,$16.72
10/18/2018,$16.60,223552,$16.82,$16.85,$16.55
10/17/2018,$16.63,342280,$16.61,$16.67,$16.51
10/16/2018,$16.495,173563,$16.54,$16.56,$16.45
10/15/2018,$16.33,292643,$16.35,$16.44,$16.30
10/12/2018,$16.075,352651,$16.12,$16.13,$15.85
10/11/2018,$16.125,112060,$16.29,$16.30,$16.05
10/10/2018,$16.30,145876,$16.50,$16.545,$16.254
10/09/2018,$15.91,84720,$15.86,$15.98,$15.812
10/08/2018,$16.01,68983,$16.00,$16.04,$15.91
10/05/2018,$16.08,63012,$16.22,$16.24,$16.01
10/04/2018,$16.135,70651,$16.21,$16.23,$16.09
10/03/2018,$15.89,101706,$16.08,$16.08,$15.88
10/02/2018,$15.95,80646,$15.97,$16.01,$15.92
10/01/2018,$15.985,86108,$16.10,$16.13,$15.96
09/28/2018,$16.025,71918,$16.04,$16.13,$16.00
09/27/2018,$16.345,56895,$16.38,$16.44,$16.31
09/26/2018,$16.31,66988,$16.24,$16.43,$16.24
09/25/2018,$16.22,71913,$16.24,$16.27,$16.20
09/24/2018,$16.16,59203,$16.30,$16.31,$16.15
09/21/2018,$16.26,62503,$16.21,$16.3188,$16.19
09/20/2018,$16.27,96890,$16.15,$16.28,$16.10
09/19/2018,$15.995,103606,$15.988,$16.044,$15.95
09/18/2018,$16.19,442230,$16.10,$16.22,$16.10
09/17/2018,$15.965,73633,$16.04,$16.07,$15.95
09/14/2018,$15.90,80565,$16.018,$16.02,$15.90
09/13/2018,$16.01,86117,$16.02,$16.045,$15.92
09/12/2018,$15.82,104505,$15.69,$15.88,$15.69
09/11/2018,$15.835,102914,$15.68,$15.87,$15.67
09/10/2018,$15.80,100784,$15.83,$15.85,$15.75
09/07/2018,$15.59,115411,$15.64,$15.69,$15.58
09/06/2018,$15.62,149124,$15.56,$15.68,$15.52
09/05/2018,$15.62,131315,$15.59,$15.64,$15.51
09/04/2018,$15.86,206709,$15.80,$15.89,$15.74
08/31/2018,$16.05,108237,$16.20,$16.268,$16.02
08/30/2018,$16.245,95280,$16.23,$16.31,$16.18
08/29/2018,$16.44,73844,$16.42,$16.49,$16.38
08/28/2018,$16.38,216788,$16.46,$16.48,$16.36
08/27/2018,$16.55,106310,$16.38,$16.55,$16.37
08/24/2018,$16.36,55602,$16.30,$16.405,$16.298
08/23/2018,$16.32,81487,$16.30,$16.39,$16.28
08/22/2018,$16.36,117348,$16.40,$16.45,$16.30
08/21/2018,$16.15,68391,$16.134,$16.22,$16.07
08/20/2018,$16.01,72715,$15.975,$16.03,$15.93
08/17/2018,$15.945,57939,$15.81,$15.98,$15.81
08/16/2018,$15.89,142739,$15.85,$15.96,$15.85
08/15/2018,$15.77,147108,$15.78,$15.80,$15.66
08/14/2018,$15.975,103787,$16.04,$16.05,$15.92
08/13/2018,$15.955,78765,$16.03,$16.07,$15.91
08/10/2018,$15.875,105783,$15.91,$15.95,$15.82
08/09/2018,$16.405,80295,$16.55,$16.57,$16.40
08/08/2018,$16.545,67508,$16.49,$16.60,$16.42
08/07/2018,$16.52,355669,$16.56,$16.56,$16.48
08/06/2018,$16.46,534145,$16.35,$16.49,$16.35
08/03/2018,$16.44,44352,$16.42,$16.50,$16.39
08/02/2018,$16.295,130302,$16.25,$16.32,$16.21
08/01/2018,$16.49,255040,$16.52,$16.6168,$16.43
07/31/2018,$16.495,84538,$16.485,$16.555,$16.47
07/30/2018,$16.525,100378,$16.45,$16.615,$16.45
07/27/2018,$16.41,100102,$16.50,$16.53,$16.37
07/26/2018,$16.08,63622,$16.14,$16.19,$16.075
07/25/2018,$16.07,119786,$15.97,$16.07,$15.80
07/24/2018,$15.855,81616,$15.96,$15.96,$15.81
07/23/2018,$15.96,67163,$16.02,$16.02,$15.95
07/20/2018,$16.04,80324,$16.01,$16.075,$15.99
07/19/2018,$15.95,90934,$15.945,$16.0196,$15.91
07/18/2018,$15.99,98068,$16.055,$16.055,$15.97
07/17/2018,$15.95,101310,$15.87,$16.005,$15.85
07/16/2018,$16.045,100055,$16.00,$16.08,$15.99
07/13/2018,$16.00,102155,$16.00,$16.027,$15.96
07/12/2018,$16.12,531675,$16.14,$16.16,$16.05
07/11/2018,$16.06,472420,$16.25,$16.275,$16.05
07/10/2018,$16.26,104004,$16.22,$16.28,$16.215
07/09/2018,$16.235,75116,$16.23,$16.24,$16.185
07/06/2018,$16.215,78816,$16.22,$16.26,$16.18
07/05/2018,$16.08,84766,$16.06,$16.12,$15.80
07/03/2018,$15.67,103148,$15.73,$15.76,$15.66
07/02/2018,$15.43,128108,$15.33,$15.46,$15.31
06/29/2018,$15.435,87274,$15.415,$15.50,$15.39
06/28/2018,$15.32,129266,$15.36,$15.38,$15.26
06/27/2018,$15.25,216428,$15.41,$15.52,$15.24
06/26/2018,$15.435,171062,$15.47,$15.47,$15.30
06/25/2018,$15.58,129309,$15.61,$15.66,$15.50
06/22/2018,$15.77,116357,$15.671,$15.77,$15.60
06/21/2018,$15.46,83576,$15.49,$15.53,$15.44
06/20/2018,$15.575,118674,$15.63,$15.64,$15.547
06/19/2018,$15.66,124546,$15.55,$15.66,$15.53
06/18/2018,$15.78,130747,$15.76,$15.80,$15.67
06/15/2018,$16.065,75306,$16.02,$16.07,$15.95
06/14/2018,$16.04,147425,$16.06,$16.14,$16.02
06/13/2018,$15.98,72202,$15.99,$16.04,$15.9302
06/12/2018,$16.155,114805,$16.257,$16.28,$16.135
06/11/2018,$16.04,163190,$16.015,$16.115,$15.96
06/08/2018,$15.695,155511,$15.66,$15.72,$15.61
06/07/2018,$15.80,94852,$15.885,$15.93,$15.76
06/06/2018,$15.885,156638,$15.79,$15.90,$15.74
06/05/2018,$15.65,99148,$15.65,$15.71,$15.56
06/04/2018,$15.535,118689,$15.57,$15.60,$15.50
06/01/2018,$15.36,129601,$15.461,$15.47,$15.36
05/31/2018,$15.48,221402,$15.50,$15.55,$15.34
05/30/2018,$15.48,239163,$15.495,$15.57,$15.343
05/29/2018,$15.12,249279,$15.21,$15.31,$15.03
05/25/2018,$15.57,103687,$15.50,$15.58,$15.42
05/24/2018,$15.62,214091,$15.65,$15.655,$15.48
05/23/2018,$15.83,373062,$15.87,$15.87,$15.72
05/22/2018,$15.92,178946,$15.89,$16.01,$15.89
05/21/2018,$15.905,70289,$15.87,$15.96,$15.8188
05/18/2018,$15.80,101482,$15.86,$15.864,$15.77
05/17/2018,$16.64,114247,$16.69,$16.73,$16.58
05/16/2018,$16.67,133509,$16.66,$16.71,$16.59
05/15/2018,$16.715,308272,$16.695,$16.79,$16.64
05/14/2018,$16.98,108645,$17.00,$17.02,$16.90
05/11/2018,$17.02,831192,$16.995,$17.04,$16.945
05/10/2018,$17.09,1337808,$17.07,$17.12,$16.9455
05/09/2018,$17.06,134683,$16.93,$17.12,$16.88
05/08/2018,$17.23,372546,$17.18,$17.33,$17.18
05/07/2018,$17.41,170688,$17.41,$17.4471,$17.33
05/04/2018,$17.43,72021,$17.19,$17.45,$17.19
05/03/2018,$17.33,139206,$17.25,$17.37,$17.13
05/02/2018,$17.31,215181,$17.54,$17.545,$17.24
05/01/2018,$17.48,221309,$17.296,$17.56,$17.25
04/30/2018,$17.54,241040,$17.485,$17.56,$17.35
04/27/2018,$17.68,177353,$17.58,$17.70,$17.58
04/26/2018,$17.42,123457,$17.40,$17.44,$17.33
04/25/2018,$17.20,102944,$17.14,$17.24,$17.08
04/24/2018,$17.21,106070,$17.24,$17.34,$17.13
04/23/2018,$17.36,81831,$17.385,$17.43,$17.315
04/20/2018,$17.30,86499,$17.325,$17.34,$17.24
04/19/2018,$17.30,210544,$17.28,$17.315,$17.20
04/18/2018,$17.34,139174,$17.355,$17.41,$17.28
04/17/2018,$17.40,667462,$17.30,$17.44,$17.29
04/16/2018,$17.23,185234,$17.12,$17.26,$17.05
04/13/2018,$17.21,112587,$17.207,$17.27,$17.12
04/12/2018,$17.07,108743,$17.05,$17.15,$17.02
04/11/2018,$17.08,200773,$17.34,$17.37,$17.05
04/10/2018,$17.235,320745,$16.735,$17.235,$16.66
04/09/2018,$16.59,166546,$16.69,$16.74,$16.59
04/06/2018,$16.48,224815,$16.521,$16.63,$16.40
04/05/2018,$16.49,165967,$16.49,$16.54,$16.42
04/04/2018,$16.28,129160,$16.03,$16.28,$16.03
04/03/2018,$16.19,112319,$16.14,$16.22,$16.04
04/02/2018,$16.09,111464,$16.30,$16.385,$16.01
03/29/2018,$16.39,105757,$16.38,$16.45,$16.29
03/28/2018,$16.13,214393,$16.125,$16.25,$16.07
03/27/2018,$15.96,315619,$16.11,$16.21,$15.85
03/26/2018,$16.155,150032,$16.137,$16.17,$15.855
03/23/2018,$15.91,198711,$16.07,$16.145,$15.87
03/22/2018,$15.795,323744,$15.78,$15.92,$15.69
03/21/2018,$16.12,164712,$16.05,$16.19,$16.04
03/20/2018,$16.19,149966,$16.155,$16.22,$16.09
03/19/2018,$16.375,82594,$16.26,$16.40,$16.21
03/16/2018,$16.45,109719,$16.24,$16.48,$16.24
03/15/2018,$16.195,245061,$16.21,$16.23,$16.14
03/14/2018,$16.225,87690,$16.23,$16.28,$16.15
03/13/2018,$16.17,182579,$16.37,$16.3855,$16.12
03/12/2018,$16.315,103829,$16.30,$16.34,$16.205
03/09/2018,$16.25,191391,$16.25,$16.30,$16.20
03/08/2018,$16.29,335893,$16.29,$16.40,$16.26
03/07/2018,$16.35,1504999,$16.26,$16.39,$16.21
03/06/2018,$16.37,220258,$16.40,$16.45,$16.30
03/05/2018,$16.22,73184,$15.90,$16.22,$15.87
03/02/2018,$15.98,112508,$15.845,$15.99,$15.79
03/01/2018,$15.905,196803,$15.92,$16.05,$15.75
02/28/2018,$16.09,86796,$16.23,$16.25,$16.05
02/27/2018,$16.17,156826,$16.35,$16.36,$16.14
02/26/2018,$16.58,194368,$16.51,$16.65,$16.435
02/23/2018,$16.495,194200,$16.51,$16.515,$16.38
02/22/2018,$15.91,296332,$15.81,$15.986,$15.74
02/21/2018,$16.20,193518,$16.45,$16.46,$16.16
02/20/2018,$16.27,285333,$16.26,$16.40,$16.24
02/16/2018,$16.33,1314229,$16.26,$16.42,$16.21
02/15/2018,$16.36,395596,$16.22,$16.37,$16.10
02/14/2018,$16.355,146556,$16.07,$16.39,$16.07
02/13/2018,$16.065,341657,$16.045,$16.13,$16.01
02/12/2018,$16.20,523700,$16.23,$16.30,$16.15
02/09/2018,$16.01,245566,$16.02,$16.10,$15.54
02/08/2018,$15.99,238143,$16.30,$16.30,$15.91
02/07/2018,$16.47,292903,$16.49,$16.62,$16.41
02/06/2018,$16.69,586511,$16.30,$16.69,$16.28
02/05/2018,$16.465,237303,$17.00,$17.04,$16.407
02/02/2018,$17.13,156902,$17.098,$17.24,$17.00
02/01/2018,$17.45,152522,$17.44,$17.45,$17.33
01/31/2018,$17.54,204653,$17.62,$17.62,$17.50
01/30/2018,$17.62,145333,$17.79,$17.79,$17.58
01/29/2018,$17.94,133159,$17.85,$17.95,$17.80
01/26/2018,$18.13,81041,$18.11,$18.18,$18.05
01/25/2018,$18.09,103068,$18.19,$18.23,$18.02
01/24/2018,$18.225,122442,$18.25,$18.34,$18.093
01/23/2018,$18.25,276815,$18.09,$18.28,$18.08
01/22/2018,$18.13,192469,$18.05,$18.14,$17.99
01/19/2018,$17.69,101262,$17.70,$17.75,$17.61
01/18/2018,$17.635,186103,$17.655,$17.90,$17.58
01/17/2018,$17.68,131751,$17.69,$17.75,$17.61
01/16/2018,$17.76,222546,$17.90,$17.90,$17.74
01/12/2018,$17.605,206117,$17.58,$17.62,$17.50
01/11/2018,$17.42,292869,$17.44,$17.46,$17.36
01/10/2018,$17.64,123046,$17.69,$17.69,$17.60
01/09/2018,$17.89,235363,$17.864,$17.93,$17.84
01/08/2018,$18.00,155797,$17.99,$18.05,$17.97
01/05/2018,$18.036,81825,$18.00,$18.05,$17.94
01/04/2018,$17.96,124823,$17.92,$17.99,$17.89
01/03/2018,$17.83,187019,$17.77,$17.85,$17.75
01/02/2018,$17.87,96145,$17.795,$17.92,$17.77
12/29/2017,$17.661,90655,$17.75,$17.76,$17.66
12/28/2017,$17.76,121950,$17.85,$17.85,$17.71
12/27/2017,$17.815,1109566,$17.85,$17.875,$17.80
12/26/2017,$17.73,118357,$17.75,$17.90,$17.72
12/22/2017,$17.775,84352,$17.76,$17.79,$17.65
12/21/2017,$17.84,87991,$17.74,$17.88,$17.67
12/20/2017,$17.78,128017,$17.72,$17.82,$17.71
12/19/2017,$17.835,135121,$17.90,$17.91,$17.73
12/18/2017,$17.96,111160,$18.04,$18.05,$17.95
12/15/2017,$17.715,84826,$17.71,$17.74,$17.65
12/14/2017,$17.84,84415,$17.86,$17.91,$17.81
12/13/2017,$17.855,570551,$17.83,$17.91,$17.79
12/12/2017,$17.86,76343,$17.83,$17.88,$17.765
12/11/2017,$18.035,78729,$18.02,$18.13,$17.94
12/08/2017,$18.23,82402,$18.34,$18.34,$18.20
12/07/2017,$18.36,132544,$18.35,$18.45,$18.34
12/06/2017,$18.045,82970,$18.05,$18.15,$18.01
12/05/2017,$17.97,140690,$18.08,$18.11,$17.94
12/04/2017,$17.985,124829,$18.07,$18.13,$17.96
12/01/2017,$17.875,64126,$17.85,$17.91,$17.82
11/30/2017,$17.80,235628,$17.92,$17.97,$17.755
11/29/2017,$17.51,136011,$17.55,$17.62,$17.50
11/28/2017,$17.525,169775,$17.568,$17.653,$17.50
11/27/2017,$17.615,80444,$17.62,$17.66,$17.52
11/24/2017,$17.604,39988,$17.61,$17.69,$17.59
11/22/2017,$17.43,109126,$17.43,$17.49,$17.37
11/21/2017,$17.505,105275,$17.49,$17.55,$17.49
11/20/2017,$17.58,85651,$17.62,$17.63,$17.54
11/17/2017,$17.66,50718,$17.646,$17.70,$17.601
11/16/2017,$17.805,81878,$17.75,$17.86,$17.69
11/15/2017,$17.755,71984,$17.685,$17.83,$17.678
11/14/2017,$17.67,286966,$17.67,$17.69,$17.59
11/13/2017,$17.60,90900,$17.478,$17.60,$17.45
11/10/2017,$17.64,322280,$17.55,$17.68,$17.55
11/09/2017,$17.58,75667,$17.51,$17.60,$17.47
11/08/2017,$17.48,95269,$17.45,$17.49,$17.41
11/07/2017,$17.55,200579,$17.58,$17.64,$17.48
11/06/2017,$17.64,291994,$17.45,$17.64,$17.42
11/03/2017,$18.18,105833,$18.24,$18.28,$18.06
11/02/2017,$18.00,160992,$17.96,$18.05,$17.95
11/01/2017,$17.795,420807,$17.91,$17.94,$17.72
10/31/2017,$17.934,117610,$18.09,$18.09,$17.82
10/30/2017,$17.855,893055,$18.14,$18.19,$17.72
10/27/2017,$18.12,104747,$18.03,$18.12,$17.99
10/26/2017,$18.05,72734,$18.08,$18.16,$18.00
10/25/2017,$18.12,107023,$18.20,$18.21,$18.08
10/24/2017,$18.27,83251,$18.25,$18.34,$18.21
10/23/2017,$18.10,68635,$18.13,$18.13,$18.02
10/20/2017,$18.06,66572,$18.15,$18.15,$18.06
10/19/2017,$18.15,69183,$18.24,$18.24,$18.15
10/18/2017,$18.32,59682,$18.37,$18.39,$18.23
10/17/2017,$18.13,127223,$18.18,$18.19,$18.05
10/16/2017,$18.27,140355,$18.38,$18.39,$18.25
10/13/2017,$18.27,153117,$18.345,$18.38,$18.23
10/12/2017,$18.20,130515,$18.34,$18.34,$18.19
10/11/2017,$18.52,123105,$18.53,$18.56,$18.40
10/10/2017,$18.46,40595,$18.50,$18.53,$18.45
10/09/2017,$18.35,68356,$18.40,$18.43,$18.35
10/06/2017,$18.42,89019,$18.34,$18.42,$18.34
10/05/2017,$18.36,112024,$18.329,$18.38,$18.31
10/04/2017,$18.35,201075,$18.34,$18.44,$18.29
10/03/2017,$18.48,182335,$18.487,$18.53,$18.46
10/02/2017,$18.47,251822,$18.55,$18.58,$18.40
09/29/2017,$18.66,56289,$18.56,$18.66,$18.51
09/28/2017,$18.53,173180,$18.45,$18.53,$18.45
09/27/2017,$18.48,87341,$18.445,$18.50,$18.42
09/26/2017,$18.57,174838,$18.45,$18.60,$18.44
09/25/2017,$18.52,169818,$18.60,$18.68,$18.47
09/22/2017,$18.55,112152,$18.63,$18.64,$18.47
09/21/2017,$18.36,360325,$18.27,$18.39,$18.27
09/20/2017,$18.75,846424,$18.89,$18.96,$18.61
09/19/2017,$18.75,222105,$18.05,$18.85,$18.05
09/18/2017,$18.07,145491,$18.025,$18.08,$17.96
09/15/2017,$17.92,149676,$17.93,$17.98,$17.88
09/14/2017,$17.82,222318,$17.74,$17.84,$17.73
09/13/2017,$17.77,897900,$18.00,$18.00,$17.73
09/12/2017,$18.08,665024,$18.04,$18.11,$18.01
09/11/2017,$18.155,148958,$18.04,$18.16,$18.04
09/08/2017,$18.02,65775,$18.15,$18.15,$17.99
09/07/2017,$18.09,94009,$18.12,$18.16,$18.06
09/06/2017,$17.93,142323,$17.94,$17.98,$17.88
09/05/2017,$17.802,77845,$17.823,$17.90,$17.745
09/01/2017,$17.90,71571,$17.993,$18.00,$17.89
08/31/2017,$18.09,50132,$17.96,$18.09,$17.96
08/30/2017,$18.005,55414,$18.06,$18.07,$17.99
08/29/2017,$18.0975,68054,$18.008,$18.16,$18.008
08/28/2017,$18.23,62460,$18.267,$18.27,$18.21
08/25/2017,$18.19,58841,$18.10,$18.23,$18.08
08/24/2017,$18.15,76260,$18.316,$18.32,$18.12
08/23/2017,$18.23,46508,$18.236,$18.275,$18.19
08/22/2017,$18.32,47585,$18.29,$18.34,$18.25
08/21/2017,$18.21,41332,$18.25,$18.264,$18.14
08/18/2017,$18.22,48496,$18.27,$18.285,$18.18
08/17/2017,$18.10,95684,$18.26,$18.32,$18.10
08/16/2017,$18.319,123237,$18.27,$18.35,$18.27
08/15/2017,$18.48,245634,$18.486,$18.49,$18.36
08/14/2017,$18.57,361427,$18.523,$18.63,$18.52
08/11/2017,$18.33,51908,$18.31,$18.36,$18.2301
08/10/2017,$18.31,156524,$18.39,$18.43,$18.27
08/09/2017,$18.70,89103,$18.51,$18.70,$18.50
08/08/2017,$18.685,80709,$18.74,$18.79,$18.67
08/07/2017,$18.78,71678,$18.774,$18.80,$18.71
08/04/2017,$18.55,158565,$18.528,$18.55,$18.437
08/03/2017,$18.65,373505,$18.46,$18.68,$18.40
08/02/2017,$18.445,103779,$18.456,$18.48,$18.24
08/01/2017,$18.405,85021,$18.31,$18.47,$18.31
07/31/2017,$18.25,69046,$18.20,$18.25,$18.07
07/28/2017,$18.33,67218,$18.25,$18.33,$18.22
07/27/2017,$18.18,87222,$18.33,$18.335,$18.12
07/26/2017,$18.15,146708,$18.08,$18.19,$18.00
07/25/2017,$17.99,73018,$18.155,$18.155,$17.97
07/24/2017,$18.115,67224,$18.02,$18.13,$18.02
07/21/2017,$18.30,89562,$18.108,$18.30,$18.002
07/20/2017,$18.22,129887,$18.245,$18.33,$18.20
07/19/2017,$18.01,84298,$18.035,$18.05,$17.95
07/18/2017,$17.96,83091,$17.96,$18.01,$17.89
07/17/2017,$18.01,103361,$18.06,$18.11,$17.98
07/14/2017,$18.105,115629,$18.112,$18.17,$18.03
07/13/2017,$18.17,151495,$18.19,$18.22,$18.09
07/12/2017,$18.12,115135,$18.04,$18.17,$18.04
07/11/2017,$18.00,65194,$17.825,$18.00,$17.82
07/10/2017,$17.89,82273,$17.823,$17.94,$17.823
07/07/2017,$17.78,203536,$17.667,$17.81,$17.63
07/06/2017,$17.78,210214,$17.76,$17.83,$17.68
07/05/2017,$17.67,84699,$17.645,$17.67,$17.60
07/03/2017,$17.90,61269,$17.88,$17.98,$17.84
06/30/2017,$18.015,47093,$18.13,$18.147,$17.898
06/29/2017,$18.14,266298,$18.2708,$18.2708,$18.05
06/28/2017,$18.55,57040,$18.425,$18.55,$18.37
06/27/2017,$18.29,119395,$18.245,$18.42,$18.23
06/26/2017,$18.59,48783,$18.74,$18.755,$18.53
06/23/2017,$18.64,169248,$18.59,$18.68,$18.57
06/22/2017,$18.56,58675,$18.65,$18.65,$18.54
06/21/2017,$18.705,105377,$18.69,$18.75,$18.63
06/20/2017,$18.80,125737,$18.75,$18.83,$18.62
06/19/2017,$18.78,111027,$18.82,$18.88,$18.74
06/16/2017,$18.67,172084,$18.60,$18.69,$18.58
06/15/2017,$18.35,122501,$18.296,$18.36,$18.20
06/14/2017,$18.815,90977,$19.105,$19.13,$18.76
06/13/2017,$18.89,448739,$18.95,$18.965,$18.84
06/12/2017,$18.89,627881,$18.92,$18.96,$18.86
06/09/2017,$19.03,247596,$19.10,$19.15,$18.93
06/08/2017,$19.15,122726,$19.255,$19.27,$19.12
06/07/2017,$19.46,129677,$19.39,$19.49,$19.38
06/06/2017,$19.29,192320,$19.43,$19.45,$19.28
06/05/2017,$19.445,132984,$19.59,$19.59,$19.43
06/02/2017,$19.677,117968,$19.44,$19.68,$19.44
06/01/2017,$19.3808,142838,$19.38,$19.46,$19.33
05/31/2017,$19.24,327452,$19.565,$19.565,$19.15
05/30/2017,$19.82,100146,$19.79,$19.88,$19.76
05/26/2017,$19.94,87855,$19.894,$19.975,$19.89
05/25/2017,$19.95,75162,$19.955,$20.03,$19.91
05/24/2017,$19.975,200888,$20.071,$20.071,$19.86
05/23/2017,$20.09,119717,$20.259,$20.26,$20.05
05/22/2017,$20.22,338555,$20.076,$20.26,$20.076
05/19/2017,$19.87,171827,$19.63,$19.91,$19.63
05/18/2017,$19.33,211288,$19.16,$19.33,$19.16
05/17/2017,$19.214,313232,$19.43,$19.52,$19.214
05/16/2017,$19.53,227145,$19.473,$19.54,$19.42
05/15/2017,$19.15,114360,$19.04,$19.16,$18.99
05/12/2017,$19.085,245731,$19.004,$19.10,$18.92
05/11/2017,$18.17,987312,$18.24,$18.24,$18.10
05/10/2017,$18.26,156488,$18.21,$18.3053,$18.18
05/09/2017,$18.25,136679,$18.31,$18.35,$18.23
05/08/2017,$18.32,192625,$18.35,$18.4118,$18.26
05/05/2017,$18.30,736250,$18.07,$18.30,$18.05
05/04/2017,$18.05,778655,$17.97,$18.06,$17.93
05/03/2017,$17.79,161138,$17.91,$17.93,$17.76
05/02/2017,$17.78,66268,$17.662,$17.78,$17.66
05/01/2017,$17.59,90801,$17.46,$17.70,$17.46
04/28/2017,$17.548,70373,$17.47,$17.56,$17.44
04/27/2017,$17.60,134857,$17.61,$17.62,$17.52
04/26/2017,$17.848,85820,$17.848,$17.87,$17.80
04/25/2017,$17.997,168984,$17.78,$18.00,$17.773
04/24/2017,$17.73,136172,$17.66,$17.74,$17.65
04/21/2017,$17.005,79672,$16.98,$17.05,$16.94
04/20/2017,$17.046,149555,$17.05,$17.11,$17.01
04/19/2017,$16.99,116132,$17.01,$17.10,$16.99
04/18/2017,$17.156,177204,$17.08,$17.16,$17.01
04/17/2017,$17.13,81887,$17.05,$17.35,$17.05
04/13/2017,$16.97,170083,$17.01,$17.037,$16.96
04/12/2017,$17.15,198323,$17.01,$17.15,$17.01
04/11/2017,$17.13,123145,$17.17,$17.22,$17.03
04/10/2017,$17.10,509433,$17.15,$17.20,$17.09
04/07/2017,$17.09,95671,$17.10,$17.20,$17.07
04/06/2017,$17.26,76346,$17.23,$17.31,$17.22
04/05/2017,$17.30,322918,$17.347,$17.41,$17.27
04/04/2017,$17.52,60964,$17.475,$17.53,$17.41
04/03/2017,$17.57,50867,$17.57,$17.62,$17.43
03/31/2017,$17.55,69541,$17.535,$17.62,$17.52
03/30/2017,$17.42,150900,$17.365,$17.46,$17.33
03/29/2017,$17.625,115178,$17.635,$17.64,$17.52
03/28/2017,$17.67,74837,$17.59,$17.77,$17.59
03/27/2017,$17.63,111728,$17.61,$17.68,$17.59
03/24/2017,$17.42,184579,$17.40,$17.53,$17.40
03/23/2017,$17.40,1077504,$17.15,$17.43,$17.15
03/22/2017,$17.29,190868,$17.18,$17.32,$17.15
03/21/2017,$17.16,118560,$17.3701,$17.39,$17.12
03/20/2017,$17.1775,148290,$17.31,$17.31,$17.12
03/17/2017,$17.295,71712,$17.32,$17.33,$17.21
03/16/2017,$17.30,54624,$17.18,$17.33,$17.17
03/15/2017,$17.23,160532,$16.94,$17.23,$16.94
03/14/2017,$17.01,260294,$17.00,$17.03,$16.96
03/13/2017,$17.02,146211,$16.999,$17.05,$16.95
03/10/2017,$17.175,225874,$17.13,$17.19,$17.04
03/09/2017,$17.00,141732,$17.02,$17.05,$16.93
03/08/2017,$16.691,116008,$16.85,$16.85,$16.68
03/07/2017,$16.905,632118,$16.87,$16.96,$16.8279
03/06/2017,$16.99,158035,$17.00,$17.00,$16.91
03/03/2017,$17.17,318931,$17.04,$17.20,$16.97
03/02/2017,$17.04,97920,$16.955,$17.10,$16.94
03/01/2017,$17.35,204189,$17.207,$17.40,$17.18
02/28/2017,$17.265,259465,$17.335,$17.37,$17.25
02/27/2017,$17.33,183227,$17.275,$17.37,$17.25
02/24/2017,$17.36,385876,$17.31,$17.38,$17.30
02/23/2017,$17.44,127062,$17.424,$17.52,$17.42
02/22/2017,$17.42,142583,$17.335,$17.45,$17.30
02/21/2017,$17.26,152919,$17.17,$17.28,$17.16
02/17/2017,$17.21,232575,$16.95,$17.23,$16.86
02/16/2017,$17.00,102946,$17.00,$17.07,$16.99
02/15/2017,$16.83,325900,$16.73,$16.90,$16.73
02/14/2017,$16.795,134423,$16.83,$16.87,$16.72
02/13/2017,$16.87,413908,$16.985,$16.985,$16.82
02/10/2017,$17.01,87955,$16.965,$17.03,$16.96
02/09/2017,$17.02,128909,$17.09,$17.12,$16.95
02/08/2017,$16.89,88684,$16.835,$16.95,$16.823
02/07/2017,$16.84,102555,$16.815,$16.86,$16.78
02/06/2017,$17.05,272305,$16.97,$17.07,$16.97
02/03/2017,$17.26,127166,$17.21,$17.30,$17.17
02/02/2017,$17.16,125008,$17.28,$17.31,$17.11
02/01/2017,$17.28,281890,$17.31,$17.31,$17.18
01/31/2017,$17.42,1935837,$17.54,$17.57,$17.40
01/30/2017,$17.43,115028,$17.32,$17.44,$17.268
01/27/2017,$17.48,103521,$17.52,$17.54,$17.45
01/26/2017,$17.59,186708,$17.56,$17.62,$17.52
01/25/2017,$17.61,105609,$17.502,$17.61,$17.43
01/24/2017,$17.43,124563,$17.355,$17.45,$17.32
01/23/2017,$17.60,106925,$17.55,$17.61,$17.50
01/20/2017,$17.56,63532,$17.52,$17.56,$17.48
01/19/2017,$17.305,239410,$17.18,$17.32,$17.18
01/18/2017,$17.39,137193,$17.38,$17.43,$17.316
01/17/2017,$17.42,213681,$17.30,$17.45,$17.298
01/13/2017,$17.36,240432,$17.33,$17.41,$17.29
01/12/2017,$17.24,173751,$17.127,$17.32,$17.12
01/11/2017,$17.285,126277,$17.21,$17.30,$17.11
01/10/2017,$17.16,215564,$17.16,$17.18,$17.11
01/09/2017,$17.315,303070,$17.235,$17.34,$17.20
01/06/2017,$17.46,205574,$17.36,$17.49,$17.31
01/05/2017,$17.729,655963,$17.40,$17.75,$17.38
01/04/2017,$17.33,141601,$17.282,$17.35,$17.25
01/03/2017,$17.015,251126,$16.976,$17.04,$16.90
12/30/2016,$17.10,102074,$17.09,$17.23,$17.07
12/29/2016,$17.04,151724,$16.96,$17.05,$16.96
12/28/2016,$16.705,181040,$16.73,$16.77,$16.67
12/27/2016,$16.88,158264,$16.87,$16.91,$16.85
12/23/2016,$16.79,95014,$16.78,$16.84,$16.77
12/22/2016,$16.73,144046,$16.76,$16.78,$16.69
12/21/2016,$16.67,361230,$16.77,$16.79,$16.65
12/20/2016,$16.7255,225389,$16.64,$16.75,$16.64
12/19/2016,$16.65,195052,$16.74,$16.78,$16.61
12/16/2016,$16.655,152817,$16.575,$16.72,$16.55
12/15/2016,$16.56,314989,$16.63,$16.64,$16.52
12/14/2016,$16.61,177341,$16.865,$16.96,$16.60
12/13/2016,$16.815,228655,$16.80,$16.90,$16.79
12/12/2016,$16.60,633468,$16.50,$16.60,$16.48
12/09/2016,$16.585,250309,$16.60,$16.63,$16.51
12/08/2016,$16.57,284368,$16.695,$16.71,$16.50
12/07/2016,$16.49,299753,$16.37,$16.56,$16.30
12/06/2016,$16.24,377642,$16.115,$16.27,$16.08
12/05/2016,$16.058,508396,$15.84,$16.08,$15.812
12/02/2016,$15.65,110824,$15.62,$15.74,$15.54
12/01/2016,$15.51,166725,$15.55,$15.56,$15.42
11/30/2016,$15.64,162373,$15.76,$15.76,$15.60
11/29/2016,$15.645,374483,$15.55,$15.68,$15.55
11/28/2016,$15.46,168232,$15.48,$15.51,$15.415
11/25/2016,$15.595,109912,$15.64,$15.66,$15.57
11/23/2016,$15.44,212245,$15.47,$15.47,$15.39
11/22/2016,$15.57,241039,$15.53,$15.58,$15.47
11/21/2016,$15.26,302527,$15.23,$15.32,$15.222
11/18/2016,$15.22,184253,$15.32,$15.34,$15.19
11/17/2016,$15.447,190496,$15.48,$15.5455,$15.38
11/16/2016,$15.335,432808,$15.332,$15.41,$15.31
11/15/2016,$15.40,479958,$15.40,$15.459,$15.36
11/14/2016,$15.325,95092,$15.47,$15.48,$15.26
11/11/2016,$15.60,98361,$15.73,$15.74,$15.53
11/10/2016,$15.565,1734260,$15.65,$15.68,$15.39
11/09/2016,$15.895,267627,$15.675,$15.96,$15.65
11/08/2016,$16.075,66162,$15.98,$16.10,$15.97
11/07/2016,$16.01,60361,$15.93,$16.04,$15.86
11/04/2016,$15.91,106179,$15.975,$16.02,$15.87
11/03/2016,$16.06,88281,$16.06,$16.15,$16.00
11/02/2016,$16.05,78968,$16.24,$16.28,$16.04
11/01/2016,$16.14,106093,$16.25,$16.25,$16.11
10/31/2016,$16.32,127405,$16.28,$16.32,$16.19
10/28/2016,$16.28,116446,$16.27,$16.325,$16.21
10/27/2016,$16.315,57619,$16.31,$16.39,$16.252
10/26/2016,$16.395,121469,$16.34,$16.4599,$16.32
10/25/2016,$16.46,188324,$16.50,$16.55,$16.42
10/24/2016,$16.035,274982,$16.00,$16.12,$15.95
10/21/2016,$15.76,159000,$15.76,$15.83,$15.73
10/20/2016,$15.82,125441,$15.835,$15.93,$15.80
10/19/2016,$15.82,124625,$15.77,$15.85,$15.76
10/18/2016,$15.97,166591,$16.0001,$16.0001,$15.92
10/17/2016,$15.76,288361,$15.75,$15.79,$15.69
10/14/2016,$15.75,473714,$15.847,$15.92,$15.71
10/13/2016,$15.70,115636,$15.57,$15.755,$15.53
10/12/2016,$15.805,175367,$15.85,$15.87,$15.74
10/11/2016,$16.02,67087,$16.20,$16.22,$16.01
10/10/2016,$16.19,63659,$16.20,$16.24,$16.15
10/07/2016,$16.105,93533,$16.14,$16.15,$16.00
10/06/2016,$16.17,75093,$16.12,$16.17,$16.08
10/05/2016,$16.5369,74456,$16.57,$16.59,$16.49
10/04/2016,$16.73,116255,$16.75,$16.82,$16.68
10/03/2016,$16.76,108681,$16.80,$16.80,$16.60
09/30/2016,$16.79,112678,$16.65,$16.83,$16.58
09/29/2016,$16.63,751870,$16.88,$16.89,$16.54
09/28/2016,$16.78,126854,$16.75,$16.79,$16.64
09/27/2016,$16.795,96922,$16.635,$16.82,$16.63
09/26/2016,$16.83,116928,$16.87,$16.91,$16.80
09/23/2016,$17.13,101835,$17.10,$17.17,$17.09
09/22/2016,$17.14,187105,$17.08,$17.22,$17.08
09/21/2016,$16.60,209464,$16.46,$16.66,$16.42
09/20/2016,$16.19,180287,$16.325,$16.325,$16.14
09/19/2016,$16.18,262131,$16.19,$16.23,$16.12
09/16/2016,$16.115,160403,$16.04,$16.178,$16.04
09/15/2016,$16.18,210604,$16.07,$16.20,$16.02
09/14/2016,$16.135,84050,$16.04,$16.23,$16.03
09/13/2016,$16.17,170556,$16.30,$16.35,$16.13
09/12/2016,$16.515,113625,$16.296,$16.53,$16.24
09/09/2016,$16.51,66078,$16.684,$16.684,$16.475
09/08/2016,$16.90,59628,$16.934,$17.00,$16.85
09/07/2016,$16.89,47923,$16.94,$16.97,$16.82
09/06/2016,$16.94,94404,$16.895,$16.96,$16.86
09/02/2016,$16.88,59796,$16.88,$16.89,$16.79
09/01/2016,$16.685,64841,$16.542,$16.73,$16.54
08/31/2016,$16.71,121544,$16.745,$16.79,$16.65
08/30/2016,$16.84,85919,$16.86,$16.92,$16.7869
08/29/2016,$16.87,118716,$16.857,$16.90,$16.80
08/26/2016,$16.79,89294,$16.94,$17.11,$16.75
08/25/2016,$16.91,55900,$16.98,$17.00,$16.88
08/24/2016,$16.96,101750,$16.99,$17.03,$16.92
08/23/2016,$17.12,94406,$17.115,$17.17,$17.10
08/22/2016,$17.23,102816,$17.176,$17.25,$17.15
08/19/2016,$17.29,78719,$17.245,$17.30,$17.17
08/18/2016,$17.52,115242,$17.312,$17.52,$17.31
08/17/2016,$17.40,1690428,$17.38,$17.4907,$17.24
08/16/2016,$17.47,231170,$17.37,$17.50,$17.37
08/15/2016,$17.48,349136,$17.455,$17.51,$17.43
08/12/2016,$17.38,46827,$17.36,$17.44,$17.35
08/11/2016,$17.475,85240,$17.385,$17.57,$17.385
08/10/2016,$17.44,65262,$17.47,$17.51,$17.41
08/09/2016,$17.442,71017,$17.316,$17.492,$17.306
08/08/2016,$17.16,59142,$17.13,$17.16,$17.09
08/05/2016,$17.185,134430,$17.11,$17.20,$17.09
08/04/2016,$16.94,55349,$16.87,$16.96,$16.81
08/03/2016,$16.97,181174,$16.88,$17.03,$16.87
08/02/2016,$17.02,72208,$16.95,$17.02,$16.93
08/01/2016,$16.95,122013,$16.90,$17.07,$16.88
07/29/2016,$16.935,361331,$16.84,$16.97,$16.81
07/28/2016,$16.86,93691,$16.83,$16.87,$16.79
07/27/2016,$16.70,73754,$16.665,$16.715,$16.50
07/26/2016,$16.58,250471,$16.633,$16.695,$16.55
07/25/2016,$16.77,93486,$16.76,$16.79,$16.69
07/22/2016,$16.79,148045,$16.854,$16.88,$16.72
07/21/2016,$16.665,74107,$16.63,$16.72,$16.56
07/20/2016,$16.75,76975,$16.82,$16.86,$16.70
07/19/2016,$16.76,160096,$16.82,$16.84,$16.69
07/18/2016,$16.96,126652,$16.96,$17.004,$16.87
07/15/2016,$17.08,229243,$17.14,$17.16,$17.02
07/14/2016,$17.075,340139,$17.00,$17.13,$16.96
07/13/2016,$16.78,369493,$16.65,$16.80,$16.63
07/12/2016,$16.71,226859,$16.67,$16.74,$16.60
07/11/2016,$16.48,69585,$16.46,$16.51,$16.39
07/08/2016,$16.31,77897,$16.375,$16.375,$16.27
07/07/2016,$16.17,74776,$16.15,$16.25,$16.06
07/06/2016,$16.18,123898,$16.10,$16.18,$15.91
07/05/2016,$16.38,174939,$16.67,$16.67,$16.33
07/01/2016,$16.87,69708,$17.01,$17.05,$16.87
06/30/2016,$16.98,164166,$16.59,$17.03,$16.59
06/29/2016,$16.59,272937,$16.625,$16.68,$16.54
06/28/2016,$16.02,166269,$16.01,$16.08,$15.84
06/27/2016,$15.43,533709,$15.46,$15.49,$15.22
06/24/2016,$15.485,252796,$15.50,$15.79,$15.45
06/23/2016,$16.96,108330,$16.783,$16.96,$16.69
06/22/2016,$16.28,104075,$16.34,$16.39,$16.25
06/21/2016,$16.25,101610,$16.27,$16.40,$16.21
06/20/2016,$16.38,127831,$16.47,$16.51,$16.31
06/17/2016,$16.16,91928,$16.09,$16.17,$15.96
06/16/2016,$16.27,307766,$15.88,$16.27,$15.74
06/15/2016,$16.15,161154,$16.215,$16.33,$16.15
06/14/2016,$16.115,135481,$16.13,$16.22,$16.00
06/13/2016,$16.355,143567,$16.48,$16.59,$16.34
06/10/2016,$16.55,78841,$16.60,$16.66,$16.45
06/09/2016,$16.96,476951,$17.00,$17.03,$16.89
06/08/2016,$17.63,117351,$17.721,$18.00,$17.62
06/07/2016,$17.715,145021,$17.67,$17.805,$17.67
06/06/2016,$17.615,60460,$17.61,$17.68,$17.56
06/03/2016,$17.73,103507,$17.691,$17.75,$17.613
06/02/2016,$17.62,108548,$17.625,$17.67,$17.55
06/01/2016,$17.65,45624,$17.57,$17.67,$17.54
05/31/2016,$17.675,71103,$17.84,$17.84,$17.62
05/27/2016,$17.61,780377,$17.72,$17.76,$17.55
05/26/2016,$17.79,1006020,$17.80,$17.85,$17.76
05/25/2016,$17.67,114226,$17.62,$17.76,$17.62
05/24/2016,$17.38,143660,$17.40,$17.59,$17.30
05/23/2016,$17.15,214778,$17.13,$17.33,$17.09
05/20/2016,$17.85,139385,$17.73,$17.88,$17.68
05/19/2016,$17.71,114726,$17.674,$17.73,$17.61
05/18/2016,$17.85,70571,$17.865,$18.03,$17.77
05/17/2016,$17.95,179516,$18.13,$18.18,$17.92
05/16/2016,$17.97,75794,$17.87,$17.979,$17.87
05/13/2016,$17.85,78647,$17.858,$17.98,$17.80
05/12/2016,$17.88,187816,$18.016,$18.04,$17.74
05/11/2016,$17.76,469662,$17.84,$17.99,$17.73
05/10/2016,$17.78,76390,$17.67,$17.812,$17.66
05/09/2016,$17.55,111385,$17.60,$17.66,$17.52
05/06/2016,$17.09,119983,$17.07,$17.18,$17.03
05/05/2016,$17.01,81742,$17.13,$17.13,$16.99
05/04/2016,$17.07,92221,$17.092,$17.18,$17.00
05/03/2016,$17.49,70183,$17.59,$17.59,$17.44
05/02/2016,$17.80,65311,$17.73,$17.80,$17.65
04/29/2016,$17.54,63003,$17.59,$17.60,$17.45
04/28/2016,$17.73,65964,$17.77,$17.86,$17.65
04/27/2016,$17.87,83442,$17.78,$17.87,$17.74
04/26/2016,$17.73,76744,$17.82,$17.89,$17.68
04/25/2016,$17.71,72045,$17.68,$17.74,$17.63
04/22/2016,$17.752,99377,$17.782,$17.81,$17.63
04/21/2016,$17.82,86488,$17.95,$17.99,$17.81
04/20/2016,$18.10,76614,$18.12,$18.23,$18.08
04/19/2016,$18.28,172142,$18.31,$18.38,$18.20
04/18/2016,$17.76,123746,$17.62,$17.82,$17.61
04/15/2016,$17.61,65339,$17.64,$17.75,$17.59
04/14/2016,$17.50,183375,$17.576,$17.60,$17.48
