Date,Close/Last,Volume,Open,High,Low
04/13/2026,$45.42,32920880,$46.09,$46.09,$45.04
04/10/2026,$46.04,25248610,$47.09,$47.10,$45.945
04/09/2026,$47.78,29376860,$47.81,$48.17,$47.255
04/08/2026,$48.04,34143160,$47.88,$48.16,$47.12
04/07/2026,$48.62,21945900,$49.10,$49.23,$48.53
04/06/2026,$49.15,17542710,$49.40,$49.73,$49.03
04/02/2026,$49.40,22737820,$49.81,$49.90,$49.28
04/01/2026,$49.39,28398950,$50.07,$50.17,$49.17
03/31/2026,$50.20,30514920,$50.545,$50.545,$49.74
03/30/2026,$50.30,23797570,$50.87,$50.92,$50.15
03/27/2026,$50.31,26273380,$51.00,$51.45,$50.28
03/26/2026,$50.74,24423280,$50.57,$51.245,$50.425
03/25/2026,$50.37,21920210,$50.65,$50.83,$50.285
03/24/2026,$50.91,20264600,$50.55,$51.68,$50.48
03/23/2026,$50.58,26390330,$50.035,$50.75,$49.62
03/20/2026,$49.98,67321760,$49.74,$50.455,$49.49
03/19/2026,$49.48,31234720,$49.59,$50.29,$48.91
03/18/2026,$49.59,32972510,$50.365,$50.48,$49.375
03/17/2026,$50.52,23765210,$51.30,$51.30,$50.3645
03/16/2026,$50.97,20017550,$51.36,$51.46,$50.75
03/13/2026,$51.38,21780860,$50.95,$51.665,$50.95
03/12/2026,$50.63,26296080,$50.45,$50.95,$49.805
03/11/2026,$50.68,21560010,$50.88,$50.88,$50.06
03/10/2026,$50.71,20031280,$50.31,$50.82,$50.02
03/09/2026,$50.45,29057380,$51.00,$51.0988,$50.36
03/06/2026,$51.12,23562630,$51.09,$51.25,$50.405
03/05/2026,$51.18,27534310,$50.97,$51.3157,$50.34
03/04/2026,$51.20,22816000,$50.41,$51.41,$50.15
03/03/2026,$50.87,31586880,$49.73,$51.0951,$49.37
03/02/2026,$49.98,23725650,$49.98,$50.26,$49.625
02/27/2026,$50.14,34693550,$49.36,$50.15,$49.23
02/26/2026,$48.89,23662580,$49.26,$49.49,$48.87
02/25/2026,$49.23,21692950,$49.65,$49.845,$49.165
02/24/2026,$49.86,23816680,$49.78,$50.08,$49.39
02/23/2026,$49.68,30112950,$49.35,$50.475,$49.25
02/20/2026,$49.25,25456730,$49.03,$49.335,$48.525
02/19/2026,$48.64,26530560,$48.89,$49.15,$48.49
02/18/2026,$48.05,29318150,$48.64,$48.95,$47.83
02/17/2026,$48.93,24327480,$49.30,$49.50,$48.78
02/13/2026,$49.01,31998470,$49.16,$49.43,$48.6255
02/12/2026,$49.46,56131120,$48.90,$50.24,$48.90
02/11/2026,$48.97,48933100,$47.18,$49.135,$47.17
02/10/2026,$47.39,32146950,$47.02,$47.79,$46.77
02/09/2026,$47.02,26954790,$46.16,$47.07,$45.822
02/06/2026,$46.31,36094610,$46.97,$47.25,$46.06
02/05/2026,$47.10,42866480,$47.21,$47.575,$46.6506
02/04/2026,$47.01,46213110,$46.775,$47.55,$46.173
02/03/2026,$46.25,60299140,$44.64,$46.76,$44.50
02/02/2026,$44.61,64539380,$44.575,$45.48,$43.875
01/30/2026,$44.52,123584700,$42.005,$44.63,$41.38
01/29/2026,$39.81,44347550,$39.58,$40.30,$39.48
01/28/2026,$39.41,24412510,$39.41,$39.86,$39.36
01/27/2026,$39.32,26108760,$39.66,$39.68,$39.19
01/26/2026,$39.62,21081840,$39.68,$39.80,$39.525
01/23/2026,$39.52,21849370,$39.445,$39.56,$39.055
01/22/2026,$39.48,18880540,$39.32,$39.69,$39.25
01/21/2026,$39.24,21158850,$39.10,$39.32,$38.96
01/20/2026,$39.08,30650860,$38.89,$39.22,$38.68
01/16/2026,$38.91,38980230,$39.10,$39.345,$38.90
01/15/2026,$39.36,26483050,$39.83,$39.86,$39.24
01/14/2026,$39.83,25714680,$39.12,$39.85,$39.10
01/13/2026,$39.01,37255490,$39.84,$39.915,$38.80
01/12/2026,$39.84,31259310,$39.82,$40.06,$39.51
01/09/2026,$40.46,32108610,$40.57,$40.76,$40.29
01/08/2026,$40.57,28103000,$40.17,$40.73,$10.5999
01/07/2026,$40.13,26834100,$40.55,$40.80,$39.99
01/06/2026,$40.30,32758410,$40.34,$40.46,$39.99
01/05/2026,$40.23,43091710,$40.43,$40.515,$39.83
01/02/2026,$40.52,30856810,$40.77,$40.90,$40.30
12/31/2025,$40.73,17454800,$40.71,$40.96,$40.67
12/30/2025,$40.70,15581260,$40.48,$40.77,$40.42
12/29/2025,$40.48,16846720,$40.51,$40.70,$40.38
12/26/2025,$40.48,11875430,$40.27,$40.535,$40.27
12/24/2025,$40.32,7949481,$39.925,$40.335,$39.89
12/23/2025,$39.92,19761770,$39.995,$40.20,$39.865
12/22/2025,$39.98,21111550,$39.72,$40.06,$39.66
12/19/2025,$39.82,53345070,$40.14,$40.235,$39.81
12/18/2025,$40.41,18822580,$40.78,$40.91,$40.39
12/17/2025,$40.88,22316140,$40.78,$40.90,$40.47
12/16/2025,$40.75,22709810,$40.895,$41.00,$40.65
12/15/2025,$40.80,34725790,$40.90,$41.31,$40.80
12/12/2025,$40.89,20600040,$40.22,$40.98,$40.10
12/11/2025,$40.22,21895000,$40.00,$40.55,$39.97
12/10/2025,$39.92,40053430,$40.20,$40.26,$39.68
12/09/2025,$40.14,31770610,$41.23,$41.48,$40.11
12/08/2025,$41.30,22931980,$41.75,$41.75,$40.92
12/05/2025,$41.69,27802680,$41.26,$42.055,$41.24
12/04/2025,$41.26,28382290,$40.86,$41.35,$40.67
12/03/2025,$40.67,19910720,$40.74,$41.32,$40.655
12/02/2025,$40.61,23194050,$40.75,$40.76,$40.36
12/01/2025,$40.74,19655930,$40.96,$41.09,$40.68
11/28/2025,$41.11,9926252,$40.82,$41.13,$40.71
11/26/2025,$40.88,15186120,$40.59,$40.97,$40.56
11/25/2025,$40.59,24375260,$40.59,$40.80,$40.41
11/24/2025,$40.21,44805080,$41.35,$41.455,$40.145
11/21/2025,$41.23,32037560,$40.67,$41.61,$40.42
11/20/2025,$40.76,32173640,$41.15,$41.44,$40.65
11/19/2025,$41.19,21895040,$41.50,$41.61,$40.935
11/18/2025,$41.48,24067530,$41.03,$41.50,$40.99
11/17/2025,$41.01,21620790,$41.06,$41.28,$40.875
11/14/2025,$41.06,29368510,$41.32,$41.42,$40.6508
11/13/2025,$41.11,30487410,$40.84,$41.73,$40.74
11/12/2025,$40.80,17834020,$40.78,$40.96,$40.74
11/11/2025,$40.70,25360940,$40.05,$40.78,$40.04
11/10/2025,$39.85,22414390,$39.90,$40.15,$39.57
11/07/2025,$40.03,28389490,$39.94,$40.32,$39.66
11/06/2025,$39.82,30949710,$39.515,$39.89,$39.38
11/05/2025,$39.69,22947110,$39.33,$39.77,$39.26
11/04/2025,$39.32,33632760,$39.565,$39.67,$39.1745
11/03/2025,$39.47,39851080,$39.51,$39.61,$38.835
10/31/2025,$39.74,52181780,$38.98,$39.96,$38.7802
10/30/2025,$38.96,47371040,$40.02,$40.1932,$38.77
10/29/2025,$40.21,53730190,$40.93,$41.32,$39.67
10/28/2025,$39.32,30719190,$39.15,$39.52,$38.95
10/27/2025,$39.23,27487200,$38.805,$39.285,$38.765
10/24/2025,$38.82,27485690,$38.595,$38.92,$38.54
10/23/2025,$38.40,52663610,$39.785,$39.86,$38.39
10/22/2025,$39.80,31009460,$39.57,$40.21,$38.92
10/21/2025,$40.30,29881680,$40.63,$40.78,$40.13
10/20/2025,$40.80,28079200,$40.70,$40.87,$40.35
10/17/2025,$40.55,20523460,$40.50,$40.655,$40.21
10/16/2025,$40.36,16751220,$40.415,$40.57,$40.18
10/15/2025,$40.38,18233200,$40.42,$40.555,$40.24
10/14/2025,$40.55,22346070,$39.80,$40.58,$39.76
10/13/2025,$39.75,26453700,$39.75,$40.155,$39.405
10/10/2025,$39.85,38107730,$40.25,$40.6056,$39.815
10/09/2025,$40.83,34868200,$41.35,$41.36,$40.73
10/08/2025,$41.32,35601010,$41.54,$41.54,$41.06
10/07/2025,$41.40,34001260,$41.61,$41.86,$41.34
10/06/2025,$41.44,75944200,$43.25,$43.38,$41.35
10/03/2025,$43.67,18016020,$43.44,$43.9251,$43.40
10/02/2025,$43.40,21550100,$43.58,$43.72,$43.22
10/01/2025,$43.83,19921920,$43.915,$44.09,$43.45
09/30/2025,$43.95,24399130,$43.24,$43.97,$43.19
09/29/2025,$43.25,15854460,$43.60,$43.6527,$43.09
09/26/2025,$43.61,12456190,$43.65,$43.71,$43.45
09/25/2025,$43.35,19012230,$43.24,$43.765,$43.24
09/24/2025,$43.18,21162380,$43.20,$43.3851,$42.96
09/23/2025,$43.35,16796400,$43.16,$43.38,$42.96
09/22/2025,$43.16,18507720,$43.38,$43.52,$42.98
09/19/2025,$43.48,29164230,$43.785,$43.785,$43.46
09/18/2025,$43.67,16507270,$43.88,$43.9525,$43.58
09/17/2025,$44.21,14413990,$43.87,$44.41,$43.855
09/16/2025,$43.74,16173590,$43.87,$43.945,$43.30
09/15/2025,$43.87,15034710,$44.05,$44.25,$43.77
09/12/2025,$43.97,13723470,$44.005,$44.085,$43.765
09/11/2025,$44.14,15510570,$43.61,$44.15,$43.51
09/10/2025,$43.49,14807830,$43.49,$43.67,$43.01
09/09/2025,$43.57,15595520,$43.36,$43.74,$43.35
09/08/2025,$43.32,30273880,$42.975,$43.6172,$42.94
09/05/2025,$44.38,13406700,$44.10,$44.47,$44.0242
09/04/2025,$44.18,14480480,$44.07,$44.42,$43.93
09/03/2025,$43.74,21828540,$43.50,$43.74,$42.88
09/02/2025,$43.80,21123690,$44.16,$44.48,$43.5135
08/29/2025,$44.23,14792710,$43.97,$44.29,$43.925
08/28/2025,$43.93,15842820,$44.10,$44.19,$43.69
08/27/2025,$44.27,12046590,$44.02,$44.28,$43.88
08/26/2025,$43.96,17328230,$44.11,$44.42,$43.75
08/25/2025,$44.23,16021220,$44.44,$44.48,$43.96
08/22/2025,$44.44,19123750,$45.15,$45.43,$44.245
08/21/2025,$45.03,11866790,$44.98,$45.2051,$44.865
08/20/2025,$45.06,20982070,$45.08,$45.75,$44.95
08/19/2025,$44.94,17944200,$44.51,$45.065,$44.47
08/18/2025,$44.39,12692130,$44.35,$44.60,$44.22
08/15/2025,$44.24,21239230,$43.57,$44.44,$43.425
08/14/2025,$43.50,10582830,$43.76,$43.785,$43.33
08/13/2025,$43.71,14327750,$43.20,$43.835,$43.00
08/12/2025,$43.25,12483570,$43.34,$43.65,$43.205
08/11/2025,$43.18,12914940,$43.23,$43.53,$42.99
08/08/2025,$43.15,13057030,$43.10,$43.355,$43.03
08/07/2025,$42.95,15543440,$42.50,$43.03,$42.17
08/06/2025,$42.35,17812000,$42.80,$42.80,$42.31
08/05/2025,$42.67,14863700,$42.95,$43.10,$42.67
08/04/2025,$42.95,13629860,$42.80,$43.03,$42.53
08/01/2025,$42.88,20841310,$43.29,$43.47,$42.62
07/31/2025,$42.76,25538740,$42.285,$43.11,$42.15
07/30/2025,$42.60,13313290,$42.67,$42.8862,$42.45
07/29/2025,$42.71,13118450,$42.42,$42.98,$42.40
07/28/2025,$42.36,18243710,$43.02,$43.02,$42.235
07/25/2025,$43.08,16571530,$43.02,$43.21,$42.7547
07/24/2025,$43.08,20410990,$42.90,$43.35,$42.755
07/23/2025,$42.84,23357210,$42.40,$42.87,$42.05
07/22/2025,$42.96,23521020,$42.745,$43.49,$42.55
07/21/2025,$42.49,47574040,$41.95,$43.08,$41.68
07/18/2025,$40.84,21079680,$40.98,$41.115,$40.69
07/17/2025,$40.95,18411170,$41.29,$41.345,$40.83
07/16/2025,$41.25,17971280,$41.27,$41.45,$41.16
07/15/2025,$41.26,15653150,$41.44,$41.625,$41.10
07/14/2025,$41.58,15757350,$41.59,$41.84,$41.48
07/11/2025,$41.62,20174340,$41.975,$42.03,$41.49
07/10/2025,$42.03,19359270,$41.865,$42.18,$41.60
07/09/2025,$42.61,23519840,$42.985,$43.06,$42.4699
07/08/2025,$43.06,16736160,$42.80,$43.235,$42.54
07/07/2025,$42.80,22039300,$43.70,$43.70,$42.6701
07/03/2025,$43.55,10301320,$43.74,$43.77,$43.415
07/02/2025,$43.59,18313930,$43.82,$44.03,$43.43
07/01/2025,$43.68,19233190,$43.42,$43.875,$43.21
06/30/2025,$43.27,22795950,$42.31,$43.32,$42.28
06/27/2025,$42.31,21439570,$42.15,$42.45,$41.98
06/26/2025,$42.10,15869970,$42.17,$42.27,$41.8838
06/25/2025,$42.12,15599690,$42.40,$42.47,$41.94
06/24/2025,$42.63,16716290,$42.375,$42.73,$42.265
06/23/2025,$42.36,16014350,$41.81,$42.39,$41.72
06/20/2025,$41.70,37068080,$41.81,$42.095,$41.65
06/18/2025,$41.67,18654180,$41.945,$41.96,$41.60
06/17/2025,$41.85,23028210,$42.80,$42.82,$41.81
06/16/2025,$42.50,20449260,$42.96,$43.105,$42.33
06/13/2025,$43.01,13544050,$42.99,$43.275,$42.92
06/12/2025,$43.16,22370490,$43.88,$43.8899,$42.91
06/11/2025,$43.74,14602140,$44.19,$44.3999,$43.69
06/10/2025,$44.13,13724150,$43.65,$44.345,$43.565
06/09/2025,$43.65,13399440,$43.65,$43.945,$43.51
06/06/2025,$43.80,10135210,$43.40,$43.9208,$43.375
06/05/2025,$43.30,12101570,$43.35,$43.409,$43.03
06/04/2025,$43.24,14360100,$43.91,$43.93,$43.24
06/03/2025,$43.83,13140920,$43.93,$44.045,$43.61
06/02/2025,$44.10,11873260,$43.80,$44.12,$43.35
05/30/2025,$43.96,26569540,$43.37,$44.06,$43.29
05/29/2025,$43.33,9961322,$43.15,$43.39,$42.975
05/28/2025,$43.13,12782970,$43.445,$43.525,$43.06
05/27/2025,$43.50,12873660,$43.28,$43.70,$43.24
05/23/2025,$43.32,12393440,$43.47,$43.48,$42.86
05/22/2025,$43.13,14947740,$43.75,$43.84,$43.07
05/21/2025,$43.75,16038550,$44.04,$44.23,$43.57
05/20/2025,$44.22,12189950,$44.26,$44.55,$44.20
05/19/2025,$44.31,14778610,$44.08,$44.3654,$43.865
05/16/2025,$43.99,13407650,$43.49,$43.99,$43.36
05/15/2025,$43.48,14607970,$42.60,$43.525,$42.60
05/14/2025,$42.35,20447500,$42.775,$42.94,$42.25
05/13/2025,$42.65,20069630,$43.205,$43.21,$42.485
05/12/2025,$43.00,20160020,$43.045,$43.205,$42.30
05/09/2025,$43.61,10878430,$43.52,$43.88,$43.32
05/08/2025,$43.61,14967410,$43.80,$44.06,$43.51
05/07/2025,$43.89,12828660,$44.01,$44.36,$43.79
05/06/2025,$44.15,12131510,$43.57,$44.31,$43.43
05/05/2025,$43.54,9210049,$43.81,$44.00,$43.22
05/02/2025,$43.74,15366540,$43.46,$43.895,$43.32
05/01/2025,$43.30,18921890,$43.77,$43.83,$43.26
04/30/2025,$44.06,29563030,$43.55,$44.21,$43.37
04/29/2025,$42.95,14712790,$42.31,$43.01,$42.23
04/28/2025,$42.39,16188470,$42.00,$42.48,$41.86
04/25/2025,$41.91,23361870,$42.53,$42.65,$41.34
04/24/2025,$42.81,16597270,$42.71,$43.13,$42.475
04/23/2025,$42.70,29402090,$42.55,$42.9864,$42.11
04/22/2025,$43.19,37633810,$41.99,$43.6736,$41.54
04/21/2025,$42.93,23802540,$44.20,$44.29,$42.68
04/17/2025,$44.04,16504840,$43.76,$44.48,$43.58
04/16/2025,$43.61,17271620,$44.74,$44.89,$43.52
04/15/2025,$44.48,21795310,$44.50,$44.685,$44.215
04/14/2025,$44.30,24322950,$43.90,$44.65,$43.61
04/11/2025,$43.73,30144340,$43.85,$43.90,$43.10
04/10/2025,$42.92,36501740,$42.49,$43.24,$41.85
04/09/2025,$42.89,49426020,$41.675,$43.52,$40.88
04/08/2025,$42.17,29790180,$43.00,$43.215,$41.68
04/07/2025,$42.58,38811990,$41.53,$43.3348,$41.25
04/04/2025,$43.03,42663380,$44.76,$45.80,$42.802
04/03/2025,$45.62,30474830,$45.49,$46.19,$45.20
04/02/2025,$44.74,21924090,$45.37,$45.535,$44.595
04/01/2025,$45.38,15710800,$45.49,$45.60,$45.12
03/31/2025,$45.36,27786950,$45.30,$45.80,$45.1301
03/28/2025,$44.93,19530560,$45.125,$45.34,$44.88
03/27/2025,$44.96,21905160,$44.48,$45.25,$44.315
03/26/2025,$44.18,21698410,$43.71,$44.325,$43.57
03/25/2025,$43.49,21483240,$43.50,$43.83,$43.15
03/24/2025,$43.56,18050020,$43.63,$44.14,$43.53
03/21/2025,$43.99,68445520,$43.79,$44.24,$43.52
03/20/2025,$43.75,18109270,$43.96,$43.96,$43.375
03/19/2025,$43.94,14373280,$44.30,$44.32,$43.72
03/18/2025,$44.23,16254400,$43.72,$44.43,$43.52
03/17/2025,$43.65,15560920,$43.59,$43.82,$43.085
03/14/2025,$43.57,17432090,$43.16,$43.765,$43.01
03/13/2025,$43.71,30708580,$42.765,$43.815,$42.765
03/12/2025,$42.59,49650800,$42.10,$42.89,$41.1744
03/11/2025,$43.43,64142310,$43.24,$43.91,$42.64
03/10/2025,$46.49,39836990,$46.06,$47.355,$46.06
03/07/2025,$46.06,44992100,$44.30,$46.20,$44.30
03/06/2025,$44.23,22845900,$43.00,$44.32,$42.855
03/05/2025,$42.84,18038370,$42.78,$43.345,$42.38
03/04/2025,$42.87,32627500,$44.00,$44.48,$42.82
03/03/2025,$43.87,22333980,$42.96,$43.87,$42.93
02/28/2025,$43.10,25197530,$43.43,$43.76,$42.61
02/27/2025,$43.27,19212250,$43.08,$43.42,$42.89
02/26/2025,$43.18,18651410,$43.54,$43.65,$42.765
02/25/2025,$43.71,24356920,$43.58,$43.97,$43.495
02/24/2025,$43.32,27560550,$42.75,$43.625,$42.57
02/21/2025,$42.76,25465140,$42.43,$43.23,$42.17
02/20/2025,$42.49,19771750,$42.00,$42.53,$41.8849
02/19/2025,$42.01,21039590,$41.35,$42.05,$41.2819
02/18/2025,$41.20,16357710,$40.92,$41.22,$40.61
02/14/2025,$40.99,12438160,$41.14,$41.29,$40.935
02/13/2025,$41.04,17056680,$40.61,$41.11,$40.42
02/12/2025,$40.53,14440250,$40.49,$40.60,$40.15
02/11/2025,$40.49,15182650,$39.98,$40.52,$39.82
02/10/2025,$39.95,16737460,$40.02,$40.144,$39.82
02/07/2025,$39.88,15754820,$39.96,$40.11,$39.57
02/06/2025,$39.94,15370560,$40.23,$40.29,$39.6742
02/05/2025,$40.13,16830460,$40.13,$40.31,$39.81
02/04/2025,$39.81,19190180,$39.78,$39.875,$39.60
02/03/2025,$39.98,27967120,$39.31,$40.12,$39.146
01/31/2025,$39.39,45185370,$39.57,$39.935,$39.285
01/30/2025,$39.47,27913470,$40.35,$40.35,$39.16
01/29/2025,$40.28,24238080,$40.82,$40.88,$40.05
01/28/2025,$40.40,21031890,$40.60,$40.805,$40.355
01/27/2025,$40.64,35520270,$40.15,$40.805,$40.05
01/24/2025,$39.54,37123880,$40.11,$40.68,$39.37
01/23/2025,$39.18,25153550,$39.24,$39.40,$39.08
01/22/2025,$38.95,31488930,$38.885,$39.34,$38.59
01/21/2025,$39.02,25717600,$38.87,$39.58,$38.79
01/17/2025,$38.78,24082100,$38.42,$38.969,$38.35
01/16/2025,$38.34,24678310,$38.13,$38.34,$37.935
01/15/2025,$38.18,27817070,$38.30,$38.59,$38.07
01/14/2025,$38.28,15740090,$38.33,$38.345,$37.825
01/13/2025,$38.12,19734040,$37.94,$38.15,$37.7412
01/10/2025,$37.81,27338370,$38.18,$38.23,$37.585
01/08/2025,$38.94,22901600,$38.91,$38.99,$38.435
01/07/2025,$38.92,31517080,$39.71,$39.98,$38.83
01/06/2025,$39.61,27115030,$40.29,$40.33,$39.58
01/03/2025,$40.26,15229860,$40.32,$40.625,$40.11
01/02/2025,$40.21,22470160,$40.03,$40.56,$39.98
12/31/2024,$39.99,13549930,$39.64,$40.03,$39.55
12/30/2024,$39.60,15671980,$39.80,$39.84,$39.395
12/27/2024,$39.92,15168120,$39.86,$40.16,$39.65
12/26/2024,$39.96,12953130,$39.83,$40.17,$39.74
12/24/2024,$39.80,11712160,$39.90,$39.96,$39.47
12/23/2024,$39.94,21292340,$39.93,$40.13,$39.83
12/20/2024,$39.93,47590860,$39.93,$40.39,$39.92
12/19/2024,$39.97,17859080,$40.05,$40.46,$39.93
12/18/2024,$40.24,19199570,$40.70,$41.05,$40.21
12/17/2024,$40.78,15374040,$40.66,$41.1191,$40.51
12/16/2024,$40.88,30228310,$42.16,$42.25,$40.81
12/13/2024,$42.28,13360400,$42.00,$42.40,$41.81
12/12/2024,$42.08,11232270,$42.06,$42.16,$41.81
12/11/2024,$41.99,13986060,$42.19,$42.46,$41.89
12/10/2024,$42.30,16337170,$42.37,$42.645,$42.07
12/09/2024,$42.36,15570300,$42.465,$43.10,$42.16
12/06/2024,$42.37,15685870,$42.53,$42.67,$42.015
12/05/2024,$42.55,16176870,$42.59,$42.87,$42.52
12/04/2024,$42.52,21431620,$43.73,$43.78,$42.405
12/03/2024,$43.83,15415900,$43.91,$44.42,$43.70
12/02/2024,$43.85,12783890,$44.27,$44.32,$43.52
11/29/2024,$44.34,9023148,$44.38,$44.52,$44.05
11/27/2024,$44.38,12372350,$44.48,$44.73,$44.37
11/26/2024,$44.37,17247030,$43.98,$44.50,$43.7527
11/25/2024,$43.98,28365880,$43.34,$44.045,$43.31
11/22/2024,$43.15,17017420,$42.60,$43.335,$42.335
11/21/2024,$42.50,12534060,$42.22,$42.745,$42.005
11/20/2024,$42.22,14706510,$42.00,$42.28,$41.75
11/19/2024,$41.93,10520610,$42.21,$42.23,$41.80
11/18/2024,$42.25,17409010,$41.67,$42.575,$41.67
11/15/2024,$41.65,21482450,$40.80,$41.77,$40.80
11/14/2024,$40.87,13636570,$41.14,$41.255,$40.86
11/13/2024,$41.14,19953510,$40.40,$41.40,$40.31
11/12/2024,$40.40,16984580,$40.50,$40.60,$40.0742
11/11/2024,$40.44,17116410,$40.47,$40.88,$40.41
11/08/2024,$40.48,21305880,$40.74,$40.85,$40.42
11/07/2024,$40.57,24225530,$41.08,$41.19,$40.51
11/06/2024,$41.16,21957070,$41.44,$41.67,$40.93
11/05/2024,$41.26,12322780,$41.01,$41.27,$40.83
11/04/2024,$41.06,14760870,$41.65,$41.77,$40.90
11/01/2024,$41.36,16682360,$42.12,$42.35,$41.30
10/31/2024,$42.13,31077940,$41.26,$42.65,$41.245
10/30/2024,$41.28,16372590,$41.33,$41.51,$41.12
10/29/2024,$41.33,15072320,$41.315,$41.68,$41.29
10/28/2024,$41.62,13574980,$41.45,$41.78,$41.39
10/25/2024,$41.38,19717360,$41.90,$42.18,$41.37
10/24/2024,$41.86,23506360,$42.38,$42.45,$41.64
10/23/2024,$42.86,27174730,$41.86,$42.90,$41.76
10/22/2024,$41.50,42576290,$41.90,$42.64,$40.75
10/21/2024,$43.70,18760020,$44.045,$44.20,$43.60
10/18/2024,$43.99,13058370,$43.83,$44.165,$43.67
10/17/2024,$43.85,10539460,$43.88,$44.00,$43.525
10/16/2024,$43.91,9458993,$43.74,$44.10,$43.66
10/15/2024,$43.74,15444460,$43.47,$43.97,$43.165
10/14/2024,$43.19,9923489,$43.00,$43.29,$42.89
10/11/2024,$43.00,10658660,$43.15,$43.24,$42.80
10/10/2024,$42.95,12352800,$43.44,$43.67,$42.81
10/09/2024,$44.11,12614170,$44.06,$44.25,$43.805
10/08/2024,$44.01,10855110,$44.00,$44.15,$43.69
10/07/2024,$43.84,12884970,$44.08,$44.135,$43.77
10/04/2024,$44.18,14537280,$43.77,$44.25,$43.55
10/03/2024,$44.52,12258420,$44.93,$44.9601,$44.39
10/02/2024,$45.05,12040790,$45.13,$45.28,$44.87
10/01/2024,$45.21,17536350,$44.96,$45.24,$44.66
09/30/2024,$44.91,13516990,$45.13,$45.36,$44.79
09/27/2024,$44.89,15659280,$44.715,$45.05,$44.485
09/26/2024,$44.62,15779600,$44.60,$44.88,$44.36
09/25/2024,$44.55,21990150,$44.80,$44.88,$44.4244
09/24/2024,$44.66,15153970,$44.21,$44.79,$44.13
09/23/2024,$44.26,18083220,$44.35,$44.53,$43.95
09/20/2024,$44.33,52671860,$43.78,$44.47,$43.645
09/19/2024,$43.94,23097160,$43.96,$43.97,$43.325
09/18/2024,$43.88,16897930,$44.10,$44.50,$43.78
09/17/2024,$44.08,18769600,$44.75,$44.75,$43.92
09/16/2024,$45.00,24714540,$44.61,$45.05,$44.46
09/13/2024,$44.43,20029690,$43.925,$44.47,$43.62
09/12/2024,$43.86,18399830,$43.50,$43.88,$43.43
09/11/2024,$43.80,22395460,$43.51,$43.82,$42.94
09/10/2024,$43.65,36980410,$42.79,$43.6899,$42.38
09/09/2024,$42.73,27850290,$41.26,$42.78,$41.26
09/06/2024,$41.15,18100350,$41.36,$41.791,$41.13
09/05/2024,$41.31,28199760,$41.305,$41.81,$40.90
09/04/2024,$41.48,31272700,$43.00,$43.27,$41.20
09/03/2024,$42.93,23319940,$41.96,$42.93,$41.92
08/30/2024,$41.78,20009890,$41.30,$41.89,$41.17
08/29/2024,$41.25,17338130,$41.54,$41.565,$41.14
08/28/2024,$41.49,12732720,$41.49,$41.7079,$41.36
08/27/2024,$41.45,9778154,$41.55,$41.64,$41.175
08/26/2024,$41.49,10309480,$41.37,$41.74,$41.24
08/23/2024,$41.21,11757330,$40.99,$41.23,$40.915
08/22/2024,$40.87,13529600,$41.10,$41.16,$40.61
08/21/2024,$41.05,13683360,$40.91,$41.07,$40.73
08/20/2024,$40.85,8784009,$40.66,$40.955,$40.625
08/19/2024,$40.74,9401416,$40.625,$40.86,$40.56
08/16/2024,$40.61,13377520,$40.10,$40.62,$40.06
08/15/2024,$40.04,17489610,$40.84,$40.92,$40.00
08/14/2024,$40.90,10931100,$40.60,$41.10,$40.49
08/13/2024,$40.78,15349360,$40.65,$40.80,$40.355
08/12/2024,$40.53,11098960,$40.945,$41.00,$40.31
08/09/2024,$40.75,11818720,$40.49,$40.80,$40.03
08/08/2024,$40.52,13237150,$40.28,$40.79,$40.25
08/07/2024,$40.28,12176300,$40.36,$40.72,$40.20
08/06/2024,$40.26,18104250,$39.97,$40.48,$39.76
08/05/2024,$39.80,26855040,$40.00,$40.27,$39.64
08/02/2024,$40.97,26124910,$41.20,$41.94,$40.405
08/01/2024,$40.85,18166750,$40.665,$41.18,$40.2828
07/31/2024,$40.52,23605390,$40.03,$40.79,$39.98
07/30/2024,$40.04,16089220,$40.01,$40.26,$39.83
07/29/2024,$40.03,12937170,$40.08,$40.12,$39.67
07/26/2024,$40.09,15911470,$39.90,$40.17,$39.65
07/25/2024,$39.95,19740300,$39.86,$40.965,$39.79
07/24/2024,$39.67,22888990,$39.24,$39.83,$39.045
07/23/2024,$38.89,25257750,$38.74,$39.265,$38.72
07/22/2024,$39.09,54985800,$39.95,$40.00,$38.70
07/19/2024,$41.62,17608030,$42.30,$42.30,$41.43
07/18/2024,$42.07,15752840,$41.90,$42.52,$41.72
07/17/2024,$42.03,20401660,$41.55,$42.19,$41.52
07/16/2024,$41.45,16016950,$40.85,$41.55,$40.82
07/15/2024,$40.79,15874930,$41.43,$41.4599,$40.70
07/12/2024,$41.43,11129070,$41.31,$41.57,$41.20
07/11/2024,$41.30,12492710,$41.08,$41.36,$40.75
07/10/2024,$41.08,13826760,$40.88,$41.13,$40.685
07/09/2024,$41.30,20489840,$41.47,$41.78,$41.21
07/08/2024,$41.53,15380390,$41.30,$41.585,$41.08
07/05/2024,$41.27,17552240,$41.17,$41.375,$40.9501
07/03/2024,$41.12,6653911,$41.13,$41.385,$40.95
07/02/2024,$41.10,21659370,$41.63,$41.70,$40.715
07/01/2024,$41.74,16412110,$41.42,$41.98,$41.35
06/28/2024,$41.24,27639190,$40.86,$41.58,$40.69
06/27/2024,$40.82,15560800,$41.00,$41.04,$40.56
06/26/2024,$41.02,19709930,$41.00,$41.17,$40.71
06/25/2024,$41.08,18933020,$41.21,$41.625,$40.83
06/24/2024,$41.17,20773850,$40.39,$41.22,$40.32
06/21/2024,$40.24,30390210,$40.37,$40.38,$39.90
06/20/2024,$40.24,17704690,$39.84,$40.465,$39.81
06/18/2024,$40.08,17125700,$39.71,$40.18,$39.70
06/17/2024,$39.46,22286570,$39.60,$39.60,$38.95
06/14/2024,$39.67,10480590,$39.475,$39.8381,$39.45
06/13/2024,$39.78,12297450,$39.75,$39.80,$39.30
06/12/2024,$39.77,15065290,$40.77,$40.80,$39.575
06/11/2024,$40.42,12083340,$40.29,$40.585,$40.22
06/10/2024,$40.41,15214010,$40.91,$40.93,$40.33
06/07/2024,$40.94,10410160,$41.16,$41.29,$40.813
06/06/2024,$41.33,10259100,$41.31,$41.72,$41.135
06/05/2024,$41.35,11964020,$41.60,$41.72,$41.13
06/04/2024,$41.56,16040150,$40.88,$41.56,$40.72
06/03/2024,$40.98,20688120,$41.18,$41.51,$40.90
05/31/2024,$41.15,38917430,$40.14,$41.28,$40.10
05/30/2024,$40.33,19636500,$39.22,$40.36,$39.18
05/29/2024,$39.10,17652020,$39.26,$39.465,$39.00
05/28/2024,$39.36,15071270,$39.72,$39.79,$39.17
05/24/2024,$39.74,10419990,$39.51,$39.74,$39.50
05/23/2024,$39.43,14104960,$39.60,$39.80,$39.11
05/22/2024,$39.79,12374070,$39.70,$40.18,$39.62
05/21/2024,$39.62,18326960,$40.10,$40.12,$39.28
05/20/2024,$40.12,8665020,$40.05,$40.31,$40.01
05/17/2024,$40.06,14670370,$40.39,$40.41,$39.83
05/16/2024,$40.25,12913200,$40.29,$40.435,$40.14
05/15/2024,$40.49,14926000,$40.75,$40.9101,$40.44
05/14/2024,$40.49,17664420,$40.59,$40.69,$40.42
05/13/2024,$40.54,21365660,$40.34,$40.65,$40.0903
05/10/2024,$40.40,16888470,$39.81,$40.425,$39.71
05/09/2024,$39.79,12881040,$39.51,$39.83,$39.3801
05/08/2024,$39.48,10437950,$39.24,$39.57,$39.10
05/07/2024,$39.31,11935170,$39.53,$39.58,$39.09
05/06/2024,$39.33,13348830,$39.12,$39.35,$39.06
05/03/2024,$38.89,13195560,$39.05,$39.195,$38.75
05/02/2024,$38.93,17394940,$39.32,$39.48,$38.75
05/01/2024,$39.20,17760290,$39.33,$39.655,$39.13
04/30/2024,$39.49,20222170,$39.91,$39.92,$39.44
04/29/2024,$40.09,19840960,$39.90,$40.82,$39.87
04/26/2024,$39.68,18246240,$39.06,$39.955,$38.895
04/25/2024,$39.22,16837680,$39.29,$39.82,$38.96
04/24/2024,$39.49,15946640,$39.50,$39.66,$38.935
04/23/2024,$39.70,25972820,$38.91,$39.995,$38.68
04/22/2024,$38.60,51243220,$41.40,$41.64,$38.56
04/19/2024,$40.49,24706520,$40.00,$40.675,$39.98
04/18/2024,$40.13,20173750,$39.85,$40.17,$39.71
04/17/2024,$39.78,21009240,$39.85,$39.975,$39.4615
04/16/2024,$39.77,14016780,$40.11,$40.14,$39.57
04/15/2024,$40.11,16442810,$40.11,$40.35,$39.85
04/12/2024,$39.72,21554990,$40.18,$40.26,$39.68
04/11/2024,$40.16,14782160,$40.45,$40.47,$40.09
04/10/2024,$40.52,17900360,$40.61,$40.66,$39.96
04/09/2024,$40.84,17226950,$41.06,$41.18,$40.54
04/08/2024,$41.73,14457770,$42.12,$42.15,$41.71
04/05/2024,$42.12,14338680,$42.25,$42.435,$41.61
04/04/2024,$42.45,16461400,$42.99,$43.42,$42.44
04/03/2024,$42.84,18211840,$42.58,$42.90,$42.53
04/02/2024,$42.54,17260820,$42.30,$42.675,$42.26
04/01/2024,$42.28,15031570,$41.99,$42.34,$41.525
03/28/2024,$41.96,19771400,$41.64,$42.15,$41.63
03/27/2024,$41.54,19260120,$41.10,$41.78,$41.10
03/26/2024,$40.85,17854060,$40.83,$40.9975,$40.71
03/25/2024,$40.87,14587170,$40.53,$40.88,$40.48
03/22/2024,$40.37,17816450,$40.74,$40.81,$40.01
03/21/2024,$40.54,21868340,$40.12,$40.59,$39.98
03/20/2024,$40.12,15198780,$39.96,$40.27,$39.80
03/19/2024,$39.97,15226880,$39.88,$40.045,$39.805
03/18/2024,$39.93,16200780,$39.48,$39.96,$39.26
03/15/2024,$39.49,54893850,$39.60,$39.93,$39.14
03/14/2024,$39.77,17475440,$40.00,$40.06,$39.44
03/13/2024,$40.26,13751850,$40.29,$40.50,$40.06
03/12/2024,$40.13,12452660,$40.03,$40.26,$39.90
03/11/2024,$40.13,12344610,$39.57,$40.23,$39.56
03/08/2024,$39.51,17807880,$39.61,$39.88,$39.39
03/07/2024,$39.53,17100630,$40.10,$40.285,$39.38
03/06/2024,$39.93,16331050,$40.35,$40.365,$39.77
03/05/2024,$40.35,20640050,$40.35,$40.96,$39.92
03/04/2024,$40.31,18753950,$39.92,$40.33,$39.51
03/01/2024,$40.20,12130860,$39.99,$40.29,$39.77
02/29/2024,$40.02,20486470,$40.10,$40.225,$39.85
02/28/2024,$40.10,12436960,$39.96,$40.21,$39.86
02/27/2024,$39.93,17074090,$39.68,$39.98,$39.43
02/26/2024,$39.69,25108420,$40.60,$40.63,$39.43
02/23/2024,$40.66,15228550,$40.63,$41.145,$40.455
02/22/2024,$40.73,22068910,$40.75,$40.93,$40.11
02/21/2024,$41.10,16279650,$40.49,$41.12,$40.37
02/20/2024,$40.50,12069520,$40.41,$40.91,$40.27
02/16/2024,$40.49,12645530,$40.29,$40.67,$39.74
02/15/2024,$40.59,12081360,$40.21,$40.62,$40.18
02/14/2024,$40.15,12443210,$40.38,$40.54,$39.97
02/13/2024,$40.13,14483640,$40.20,$40.455,$39.68
02/12/2024,$40.10,15060530,$39.73,$40.17,$39.535
02/09/2024,$39.72,18479410,$39.90,$40.09,$39.262
02/08/2024,$39.91,19523530,$40.30,$40.37,$39.44
02/07/2024,$40.42,21815620,$41.10,$41.14,$40.36
02/06/2024,$41.10,17524060,$41.39,$41.57,$40.95
02/05/2024,$41.38,20466160,$42.00,$42.18,$41.275
02/02/2024,$42.13,21548640,$42.20,$42.465,$41.825
02/01/2024,$42.49,19586540,$42.68,$42.72,$41.97
01/31/2024,$42.35,23392270,$42.19,$43.21,$42.04
01/30/2024,$42.47,20044560,$42.00,$42.60,$41.81
01/29/2024,$42.05,23905650,$42.12,$42.39,$41.66
01/26/2024,$42.40,20367180,$42.29,$42.49,$42.10
01/25/2024,$42.29,24613160,$41.45,$42.30,$41.33
01/24/2024,$41.28,27910400,$42.23,$42.34,$41.19
01/23/2024,$42.23,49713730,$41.07,$42.2459,$40.59
01/22/2024,$39.58,26039190,$39.40,$39.72,$39.31
01/19/2024,$39.33,20561720,$39.07,$39.43,$38.69
01/18/2024,$38.94,17112790,$38.53,$39.01,$38.455
01/17/2024,$38.87,21377140,$38.72,$39.43,$38.67
01/16/2024,$39.29,31039450,$38.58,$39.35,$38.35
01/12/2024,$38.56,18774830,$38.19,$38.77,$38.17
01/11/2024,$37.90,31289770,$39.03,$39.035,$37.56
01/10/2024,$39.08,16354680,$39.08,$39.105,$38.66
01/09/2024,$39.04,17880130,$39.25,$39.25,$38.77
01/08/2024,$40.10,28483030,$40.15,$40.26,$39.48
01/05/2024,$40.20,30276670,$39.47,$40.37,$39.295
01/04/2024,$39.37,24214640,$39.68,$39.85,$39.36
01/03/2024,$39.16,26263890,$39.53,$39.72,$39.13
01/02/2024,$38.88,23810940,$37.73,$38.97,$37.68
12/29/2023,$37.70,16222670,$37.38,$37.76,$37.32
12/28/2023,$37.49,14931660,$37.18,$37.72,$37.15
12/27/2023,$37.31,15267630,$37.33,$37.4554,$37.2001
12/26/2023,$37.48,11856570,$37.44,$37.64,$37.31
12/22/2023,$37.49,13171600,$37.42,$37.785,$37.40
12/21/2023,$37.43,15421050,$37.35,$37.55,$37.21
12/20/2023,$37.30,18134650,$37.50,$37.73,$37.28
12/19/2023,$37.57,17642540,$37.60,$37.74,$37.49
12/18/2023,$37.67,22057190,$37.72,$37.80,$37.27
12/15/2023,$37.37,51721570,$37.55,$37.83,$37.14
12/14/2023,$37.87,28551570,$37.25,$37.98,$37.18
12/13/2023,$36.99,32473170,$37.08,$37.15,$36.46
12/12/2023,$37.30,17096700,$37.57,$37.64,$37.17
12/11/2023,$37.67,21914520,$38.29,$38.39,$37.48
12/08/2023,$38.25,21850380,$38.66,$38.68,$38.01
12/07/2023,$38.65,15223190,$38.55,$38.73,$38.3029
12/06/2023,$38.50,20218550,$38.25,$38.88,$38.075
12/05/2023,$38.42,23003310,$38.35,$38.55,$38.0911
12/04/2023,$38.04,22109240,$38.40,$38.57,$38.03
12/01/2023,$38.58,20762480,$38.40,$38.61,$38.27
11/30/2023,$38.33,36623540,$37.83,$38.4399,$37.82
11/29/2023,$37.76,16387390,$37.53,$37.89,$37.53
11/28/2023,$37.47,14521680,$37.35,$37.51,$37.20
11/27/2023,$37.35,15245310,$37.45,$37.54,$37.29
11/24/2023,$37.41,6766657,$37.45,$37.57,$37.30
11/22/2023,$37.35,14613960,$37.33,$37.52,$37.22
11/21/2023,$37.25,22946420,$36.86,$37.45,$36.845
11/20/2023,$36.73,18660150,$36.28,$36.865,$36.20
11/17/2023,$36.23,19361160,$36.38,$36.38,$36.08
11/16/2023,$36.18,19110760,$36.08,$36.38,$35.93
11/15/2023,$36.00,22855520,$35.88,$36.11,$35.84
11/14/2023,$35.88,17667060,$36.01,$36.10,$35.805
11/13/2023,$35.82,17236730,$35.64,$36.18,$35.41
11/10/2023,$35.71,12792890,$35.91,$35.92,$35.395
11/09/2023,$35.62,15685810,$35.87,$36.05,$35.46
11/08/2023,$35.77,16971510,$35.94,$35.98,$35.60
11/07/2023,$35.94,17654570,$35.70,$36.10,$35.65
11/06/2023,$35.64,15544030,$35.98,$36.03,$35.615
11/03/2023,$36.02,23323170,$35.99,$36.37,$35.94
11/02/2023,$35.90,24946040,$35.31,$35.94,$35.31
11/01/2023,$35.40,26071210,$35.405,$35.555,$35.15
10/31/2023,$35.13,28903420,$34.71,$35.21,$34.67
10/30/2023,$34.62,31497690,$33.84,$34.80,$33.84
10/27/2023,$33.44,23924830,$34.38,$34.5899,$33.34
10/26/2023,$34.47,34366970,$33.66,$34.70,$33.64
10/25/2023,$33.69,30832750,$34.50,$34.61,$33.605
10/24/2023,$34.30,61617910,$33.15,$34.46,$32.97
10/23/2023,$31.39,31725790,$31.48,$31.66,$31.26
10/20/2023,$31.57,27271170,$31.57,$32.14,$31.55
10/19/2023,$31.58,28806640,$31.42,$31.97,$31.395
10/18/2023,$31.05,22024310,$31.42,$31.48,$30.99
10/17/2023,$31.51,21186020,$31.11,$31.54,$31.10
10/16/2023,$31.25,21087890,$30.84,$31.32,$30.62
10/13/2023,$30.67,24541450,$31.08,$31.39,$30.64
10/12/2023,$30.91,21718320,$31.33,$31.37,$30.65
10/11/2023,$31.46,15694160,$31.83,$31.97,$31.4101
10/10/2023,$31.76,19151880,$31.48,$31.80,$31.32
10/09/2023,$31.45,20344280,$30.74,$31.50,$30.74
10/06/2023,$30.85,31291750,$30.94,$31.00,$30.135
10/05/2023,$31.82,22774380,$31.56,$31.92,$31.38
10/04/2023,$31.54,23694070,$31.79,$31.965,$31.40
10/03/2023,$31.98,21389370,$31.70,$32.01,$31.6126
10/02/2023,$31.76,24722600,$32.44,$32.47,$31.7316
09/29/2023,$32.41,19787600,$32.62,$32.75,$32.365
09/28/2023,$32.55,18772110,$32.40,$32.615,$32.40
09/27/2023,$32.40,22083550,$32.95,$33.01,$32.31
09/26/2023,$32.99,18841580,$32.89,$33.17,$32.81
09/25/2023,$33.16,17616880,$33.17,$33.25,$32.87
09/22/2023,$33.28,22740040,$33.26,$33.51,$32.93
09/21/2023,$33.29,18001590,$33.52,$33.85,$33.26
09/20/2023,$33.60,23741980,$33.58,$33.94,$33.36
09/19/2023,$33.40,23383950,$33.58,$33.73,$33.25
09/18/2023,$33.53,16233700,$33.90,$33.97,$33.52
09/15/2023,$33.79,38205160,$33.96,$34.167,$33.66
09/14/2023,$34.04,26570120,$34.27,$34.38,$33.94
09/13/2023,$33.86,21027900,$34.30,$34.30,$33.51
09/12/2023,$34.04,15784440,$34.13,$34.18,$33.80
09/11/2023,$33.94,18883870,$33.70,$34.09,$33.58
09/08/2023,$33.45,24891080,$33.81,$33.83,$33.23
09/07/2023,$33.81,26605790,$34.18,$34.52,$33.75
09/06/2023,$34.18,19187070,$34.10,$34.44,$33.99
09/05/2023,$34.30,17486010,$34.85,$35.07,$34.30
09/01/2023,$34.86,14748680,$34.99,$35.145,$34.835
08/31/2023,$34.98,24333180,$34.85,$35.14,$34.76
08/30/2023,$34.64,15021400,$34.89,$34.95,$34.55
08/29/2023,$34.69,28782810,$33.99,$34.75,$33.95
08/28/2023,$33.55,16050360,$33.48,$33.62,$33.255
08/25/2023,$33.35,14912090,$33.33,$33.52,$33.02
08/24/2023,$33.38,18561370,$33.01,$33.58,$33.00
08/23/2023,$33.19,15766360,$33.20,$33.37,$33.01
08/22/2023,$33.20,21730330,$33.08,$33.32,$32.89
08/21/2023,$33.00,27074370,$33.15,$33.219,$32.77
08/18/2023,$33.18,21722670,$32.86,$33.42,$32.86
08/17/2023,$33.06,19127980,$33.36,$33.48,$32.85
08/16/2023,$33.27,17395150,$33.30,$33.64,$33.14
08/15/2023,$33.26,15528560,$33.35,$33.51,$33.21
08/14/2023,$33.56,17934000,$33.19,$33.59,$33.14
08/11/2023,$33.36,15271420,$32.96,$33.42,$32.945
08/10/2023,$33.02,19031590,$32.85,$33.32,$32.82
08/09/2023,$32.71,20798520,$32.51,$32.83,$32.34
08/08/2023,$32.57,22178900,$32.45,$32.81,$32.43
08/07/2023,$32.53,24314030,$32.65,$32.83,$32.18
08/04/2023,$32.62,24583960,$33.00,$33.03,$32.53
08/03/2023,$33.06,20469770,$33.05,$33.25,$32.73
08/02/2023,$33.32,20481590,$33.47,$33.70,$33.22
08/01/2023,$33.43,27302970,$34.29,$34.30,$33.315
07/31/2023,$34.08,24509890,$34.00,$34.12,$33.84
07/28/2023,$34.03,30651130,$33.67,$34.32,$33.66
07/27/2023,$33.55,28097530,$34.23,$34.61,$33.54
07/26/2023,$34.34,27916030,$33.855,$34.61,$33.765
07/25/2023,$34.24,35719480,$34.64,$34.95,$33.72
07/24/2023,$33.98,30784160,$33.88,$34.60,$33.71
07/21/2023,$33.88,25179370,$33.51,$33.94,$33.36
07/20/2023,$33.64,32839930,$33.90,$34.00,$33.51
07/19/2023,$33.97,61880970,$33.71,$34.16,$33.16
07/18/2023,$32.27,79722190,$32.015,$33.15,$31.965
07/17/2023,$31.46,97510640,$33.65,$33.65,$31.25
07/14/2023,$34.01,31576020,$34.43,$34.50,$33.945
07/13/2023,$34.64,25641880,$34.82,$34.86,$34.42
07/12/2023,$34.86,27299610,$35.105,$35.24,$34.71
07/11/2023,$34.99,28340300,$35.12,$35.22,$34.71
07/10/2023,$35.14,30326450,$35.92,$35.96,$35.00
07/07/2023,$35.90,20482680,$36.22,$36.35,$35.87
07/06/2023,$37.13,21566840,$37.40,$37.41,$37.06
07/05/2023,$37.48,19876790,$37.28,$37.68,$37.23
07/03/2023,$37.28,10367140,$37.17,$37.3789,$36.96
06/30/2023,$37.19,19098330,$37.00,$37.25,$36.845
06/29/2023,$36.99,16740830,$36.79,$37.02,$36.655
06/28/2023,$36.82,16756410,$36.50,$36.86,$36.24
06/27/2023,$36.55,17757840,$36.37,$36.68,$36.22
06/26/2023,$36.11,15839990,$35.66,$36.14,$35.50
06/23/2023,$35.51,18991490,$35.95,$36.075,$35.48
06/22/2023,$35.85,12431180,$35.82,$35.925,$35.57
06/21/2023,$35.83,17121230,$35.70,$35.97,$35.50
06/20/2023,$35.81,17695800,$36.08,$36.17,$35.78
06/16/2023,$36.46,36102140,$36.52,$36.685,$36.165
06/15/2023,$36.44,18890910,$35.76,$36.47,$35.68
06/14/2023,$35.73,16538710,$35.63,$35.98,$35.62
06/13/2023,$35.48,17706670,$35.50,$35.79,$35.42
06/12/2023,$35.61,14052160,$35.66,$35.78,$35.36
06/09/2023,$35.47,14956840,$35.46,$35.62,$35.26
06/08/2023,$35.43,17749670,$35.24,$35.435,$34.98
06/07/2023,$35.26,25494090,$34.72,$35.28,$34.63
06/06/2023,$34.70,18406650,$34.50,$34.74,$34.33
06/05/2023,$34.46,30125570,$34.78,$35.15,$34.45
06/02/2023,$34.58,61527920,$34.40,$34.90,$33.72
06/01/2023,$35.72,20565290,$35.60,$35.90,$35.415
05/31/2023,$35.63,53756680,$34.86,$35.975,$34.86
05/30/2023,$34.90,19353270,$34.97,$35.13,$34.78
05/26/2023,$35.00,18216700,$34.84,$35.055,$34.67
05/25/2023,$34.82,32465950,$35.54,$35.56,$34.74
05/24/2023,$35.87,16044200,$36.225,$36.25,$35.85
05/23/2023,$36.24,21539660,$35.94,$36.91,$35.80
05/22/2023,$35.96,16634310,$36.25,$36.33,$35.9138
05/19/2023,$36.05,16829230,$36.22,$36.52,$36.03
05/18/2023,$36.13,20365880,$36.01,$36.17,$35.72
05/17/2023,$36.18,16741080,$36.22,$36.34,$36.0425
05/16/2023,$36.05,20254130,$36.62,$36.78,$36.04
05/15/2023,$36.77,20408710,$37.63,$37.63,$36.715
05/12/2023,$37.59,10670710,$37.64,$37.745,$37.41
05/11/2023,$37.60,11068670,$37.41,$37.64,$37.32
05/10/2023,$37.63,14427500,$37.81,$37.83,$37.29
05/09/2023,$37.57,12226840,$37.82,$37.82,$37.43
05/08/2023,$37.83,10672390,$37.68,$37.905,$37.44
05/05/2023,$37.83,15817360,$37.52,$37.84,$37.155
05/04/2023,$37.35,16163100,$37.86,$37.96,$37.29
05/03/2023,$37.98,16703180,$37.96,$38.30,$37.61
05/02/2023,$37.67,17268750,$38.47,$38.51,$37.49
05/01/2023,$38.71,17043550,$39.17,$39.18,$38.68
04/28/2023,$38.83,19197490,$38.56,$39.00,$38.46
04/27/2023,$38.79,28840970,$37.20,$38.81,$37.13
04/26/2023,$36.92,21499270,$37.10,$37.44,$36.82
04/25/2023,$37.30,24959420,$36.71,$37.36,$36.57
04/24/2023,$37.10,20362500,$37.19,$37.49,$36.98
04/21/2023,$37.32,23823780,$37.43,$37.43,$37.05
04/20/2023,$37.19,31521280,$37.66,$37.80,$36.975
04/19/2023,$38.60,17701200,$38.92,$38.99,$38.52
04/18/2023,$38.94,16588500,$39.47,$39.49,$38.90
04/17/2023,$39.46,11572850,$39.22,$39.51,$39.1408
04/14/2023,$39.22,11008440,$39.37,$39.42,$38.89
04/13/2023,$39.32,13515820,$39.19,$39.32,$38.915
04/12/2023,$39.20,13095200,$39.365,$39.625,$39.10
04/11/2023,$39.45,12539690,$39.33,$39.70,$39.27
04/10/2023,$39.35,16114340,$39.21,$39.35,$38.99
04/06/2023,$39.48,21546620,$39.50,$39.78,$39.16
04/05/2023,$40.11,23561320,$39.725,$40.245,$39.565
04/04/2023,$39.65,18577090,$39.29,$39.65,$39.21
04/03/2023,$39.22,19354860,$39.05,$39.575,$39.015
03/31/2023,$38.89,22801450,$38.79,$39.0499,$38.55
03/30/2023,$38.66,13918670,$38.55,$38.75,$38.44
03/29/2023,$38.48,12308930,$38.31,$38.51,$38.16
03/28/2023,$38.00,13092600,$38.02,$38.31,$37.92
03/27/2023,$38.05,14472800,$37.99,$38.22,$37.70
03/24/2023,$37.66,14960050,$37.53,$37.70,$37.25
03/23/2023,$37.37,15799040,$37.30,$37.63,$37.16
03/22/2023,$37.31,15321810,$37.79,$37.95,$37.29
03/21/2023,$37.74,16648150,$37.72,$37.77,$37.36
03/20/2023,$37.43,19247810,$36.96,$37.71,$36.93
03/17/2023,$36.79,47352510,$36.55,$36.83,$36.16
03/16/2023,$36.58,29182220,$36.82,$36.88,$36.44
03/15/2023,$37.06,21722230,$36.69,$37.255,$36.515
03/14/2023,$36.88,22433210,$36.66,$36.94,$36.5038
03/13/2023,$36.54,21834460,$36.54,$37.33,$36.39
03/10/2023,$36.68,23940700,$36.64,$36.92,$36.414
03/09/2023,$36.55,26506920,$37.60,$37.645,$36.52
03/08/2023,$37.53,20295630,$37.80,$37.81,$37.35
03/07/2023,$37.91,23713460,$38.10,$38.15,$37.43
03/06/2023,$38.15,22925650,$38.37,$38.63,$38.05
03/03/2023,$38.26,23407510,$38.44,$38.51,$38.06
03/02/2023,$38.41,18821080,$38.10,$38.46,$37.94
03/01/2023,$38.30,18411710,$38.71,$38.71,$38.15
02/28/2023,$38.81,16685260,$38.70,$38.97,$38.55
02/27/2023,$38.88,14210850,$38.99,$39.145,$38.63
02/24/2023,$38.74,16431540,$38.23,$38.76,$38.09
02/23/2023,$38.53,16738180,$39.12,$39.32,$38.52
02/22/2023,$39.28,15086760,$39.38,$39.59,$39.025
02/21/2023,$39.20,17805490,$39.90,$39.98,$39.16
02/17/2023,$40.22,15029170,$39.84,$40.39,$39.66
02/16/2023,$39.84,16625880,$40.06,$40.21,$39.70
02/15/2023,$40.38,11270430,$40.23,$40.40,$40.095
02/14/2023,$40.33,12292360,$40.46,$40.58,$39.91
02/13/2023,$40.32,14486020,$40.01,$40.47,$39.88
02/10/2023,$40.01,15398540,$40.00,$40.065,$39.715
02/09/2023,$39.81,17485660,$40.62,$40.66,$39.75
02/08/2023,$40.52,14080250,$40.53,$40.70,$40.1234
02/07/2023,$40.55,21668550,$40.99,$41.21,$40.12
02/06/2023,$41.28,15530720,$41.51,$41.59,$40.895
02/03/2023,$41.51,18314420,$41.78,$41.97,$41.14
02/02/2023,$41.83,18443770,$41.74,$41.93,$41.20
02/01/2023,$41.69,19542040,$41.99,$42.00,$41.125
01/31/2023,$41.57,18665170,$41.08,$41.58,$41.01
01/30/2023,$41.05,22272550,$40.84,$41.26,$40.70
01/27/2023,$40.64,17254040,$40.22,$40.68,$39.77
01/26/2023,$40.27,19568140,$40.38,$40.57,$39.93
01/25/2023,$40.33,26526960,$40.54,$41.09,$39.91
01/24/2023,$40.42,32143920,$38.69,$44.73,$32.79
01/23/2023,$39.63,34249320,$39.99,$40.34,$39.42
01/20/2023,$40.00,23377870,$40.04,$40.12,$39.46
01/19/2023,$40.06,24812610,$39.71,$40.275,$39.4715
01/18/2023,$39.97,22976470,$40.86,$40.86,$39.8241
01/17/2023,$40.85,28696960,$41.85,$41.92,$40.79
01/13/2023,$41.86,17229810,$41.65,$41.915,$41.37
01/12/2023,$41.81,16980290,$41.38,$41.95,$41.123
01/11/2023,$41.18,20674840,$42.14,$42.18,$41.02
01/10/2023,$41.95,16695310,$41.36,$41.975,$41.17
01/09/2023,$41.37,23062220,$41.38,$41.67,$41.3123
01/06/2023,$42.19,26010390,$41.92,$42.578,$41.88
01/05/2023,$41.70,29987160,$41.20,$41.945,$40.82
01/04/2023,$41.13,28779470,$40.54,$41.42,$40.26
01/03/2023,$40.12,31330680,$39.77,$40.23,$39.38
12/30/2022,$39.40,44007200,$39.31,$39.69,$39.07
12/29/2022,$39.26,17347000,$38.90,$39.535,$38.81
12/28/2022,$38.81,21793180,$39.19,$39.66,$38.585
12/27/2022,$39.25,25315930,$38.49,$39.40,$38.32
12/23/2022,$38.41,16918340,$38.31,$38.5399,$37.925
12/22/2022,$38.31,26870190,$37.68,$38.32,$37.37
12/21/2022,$37.78,24504280,$37.27,$37.85,$37.24
12/20/2022,$36.99,24147310,$36.99,$37.21,$36.62
12/19/2022,$37.03,26127160,$37.33,$37.47,$36.575
12/16/2022,$37.12,62763820,$37.51,$37.57,$36.67
12/15/2022,$37.77,33012530,$37.75,$38.339,$37.66
12/14/2022,$37.45,23329800,$37.87,$38.09,$37.24
12/13/2022,$37.86,30176840,$38.39,$38.62,$37.84
12/12/2022,$37.95,19629620,$37.69,$37.96,$37.28
12/09/2022,$37.40,20671250,$37.21,$37.63,$36.9601
12/08/2022,$37.10,19549080,$37.11,$37.24,$36.8731
12/07/2022,$37.17,23065920,$36.74,$37.305,$36.665
12/06/2022,$36.89,26293700,$36.99,$37.07,$36.625
12/05/2022,$37.07,27561040,$37.98,$38.11,$36.90
12/02/2022,$38.18,21677140,$37.93,$38.30,$37.70
12/01/2022,$38.33,26276610,$39.18,$39.23,$37.81
11/30/2022,$38.98,31358760,$38.21,$39.14,$38.15
11/29/2022,$38.34,14008830,$38.02,$38.37,$37.945
11/28/2022,$38.24,21563590,$39.01,$39.09,$38.13
11/25/2022,$39.02,7725741,$39.10,$39.3585,$38.97
11/23/2022,$38.92,14170010,$39.03,$39.20,$38.61
11/22/2022,$39.20,19809520,$38.84,$39.32,$38.84
11/21/2022,$38.62,19184220,$38.60,$39.13,$38.52
11/18/2022,$38.55,17821690,$38.29,$38.77,$38.29
11/17/2022,$38.16,18788610,$37.55,$38.18,$37.29
11/16/2022,$37.88,18962150,$37.66,$38.07,$37.63
11/15/2022,$37.70,25074060,$38.49,$38.83,$37.46
11/14/2022,$38.31,22703200,$38.45,$38.99,$38.30
11/11/2022,$38.30,22980970,$38.55,$38.69,$37.81
11/10/2022,$38.52,23049020,$38.30,$38.55,$37.815
11/09/2022,$37.62,17574620,$37.92,$38.13,$37.59
11/08/2022,$37.87,17392700,$37.20,$37.99,$37.16
11/07/2022,$37.19,19697590,$37.32,$37.445,$36.98
11/04/2022,$37.24,17599450,$37.35,$37.37,$36.80
11/03/2022,$37.15,22329780,$37.36,$37.54,$37.12
11/02/2022,$37.71,30648860,$37.25,$38.345,$37.16
11/01/2022,$37.37,22968930,$37.98,$38.09,$37.30
10/31/2022,$37.37,26630590,$37.51,$37.54,$37.02
10/28/2022,$37.67,31824350,$36.80,$38.04,$36.57
10/27/2022,$36.18,20268030,$36.69,$36.72,$36.13
10/26/2022,$36.43,20336110,$36.38,$36.71,$36.20
10/25/2022,$36.43,25496450,$35.91,$36.475,$35.80
10/24/2022,$35.97,28844840,$35.66,$36.39,$35.57
10/21/2022,$35.35,51671130,$35.52,$35.70,$34.55
10/20/2022,$37.00,35523690,$36.57,$37.535,$36.55
10/19/2022,$36.57,29563610,$36.57,$37.37,$36.56
10/18/2022,$37.07,27488570,$37.67,$37.70,$36.83
10/17/2022,$37.18,21962930,$36.72,$37.295,$36.59
10/14/2022,$36.38,26026320,$36.80,$36.91,$36.34
10/13/2022,$36.40,33118130,$35.12,$36.59,$35.04
10/12/2022,$35.68,23336830,$35.90,$36.195,$35.60
10/11/2022,$35.94,27708920,$36.56,$36.69,$35.93
10/10/2022,$36.62,21622180,$37.13,$37.315,$36.37
10/07/2022,$36.85,31838660,$37.63,$37.70,$36.81
10/06/2022,$37.84,36663250,$39.47,$39.6556,$37.77
10/05/2022,$39.40,17797910,$39.34,$39.62,$38.8735
10/04/2022,$39.81,25922460,$39.50,$39.85,$39.25
10/03/2022,$39.16,21495260,$38.50,$39.37,$38.385
09/30/2022,$37.97,23523580,$38.54,$38.79,$37.95
09/29/2022,$38.64,17806890,$39.11,$39.20,$38.45
09/28/2022,$39.39,20567390,$39.06,$39.51,$39.01
09/27/2022,$38.89,20357670,$39.20,$39.70,$38.78
09/26/2022,$38.93,21345730,$39.23,$39.38,$38.63
09/23/2022,$39.52,19439740,$39.56,$39.87,$39.1101
09/22/2022,$39.93,19806380,$39.47,$40.395,$39.26
09/21/2022,$39.48,25612130,$40.69,$40.90,$39.47
09/20/2022,$40.59,15561210,$40.99,$40.99,$40.47
09/19/2022,$41.24,18960850,$41.06,$41.25,$40.69
09/16/2022,$41.25,45069320,$40.98,$41.54,$40.66
09/15/2022,$41.03,22763390,$41.03,$41.27,$40.705
09/14/2022,$41.28,23152190,$41.75,$41.93,$40.98
09/13/2022,$41.75,21284540,$42.40,$42.61,$41.57
09/12/2022,$42.76,18553230,$42.59,$42.85,$42.41
09/09/2022,$42.24,20264010,$41.68,$42.32,$41.47
09/08/2022,$41.32,28753210,$41.00,$41.72,$40.71
09/07/2022,$41.08,25548330,$41.14,$41.65,$41.00
09/06/2022,$41.10,23898620,$41.35,$41.69,$41.09
09/02/2022,$41.30,21155670,$42.00,$42.21,$41.15
09/01/2022,$41.81,21641700,$41.64,$42.0462,$41.64
08/31/2022,$41.81,28368160,$42.47,$42.585,$41.76
08/30/2022,$42.53,20705140,$43.38,$43.38,$42.50
08/29/2022,$43.33,15039490,$43.015,$43.565,$43.015
08/26/2022,$43.25,16795670,$43.59,$43.70,$43.24
08/25/2022,$43.74,14327640,$43.65,$43.822,$43.42
08/24/2022,$43.55,17384400,$43.55,$43.63,$43.22
08/23/2022,$43.47,19014210,$44.00,$44.13,$43.42
08/22/2022,$44.17,15031370,$44.40,$44.47,$44.09
08/19/2022,$44.42,19485360,$44.10,$44.49,$43.96
08/18/2022,$44.19,25957370,$44.42,$44.53,$43.91
08/17/2022,$45.34,11294440,$45.43,$45.715,$45.26
08/16/2022,$45.80,14112760,$45.50,$46.05,$45.375
08/15/2022,$45.56,15713640,$45.03,$45.64,$44.94
08/12/2022,$45.15,15090890,$44.95,$45.26,$44.81
08/11/2022,$44.78,15407260,$44.96,$45.26,$44.735
08/10/2022,$44.84,16402720,$45.01,$45.06,$44.65
08/09/2022,$44.68,14554020,$44.61,$44.85,$44.39
08/08/2022,$44.54,20601700,$44.95,$45.01,$44.35
08/05/2022,$44.95,17297480,$44.48,$44.98,$44.36
08/04/2022,$44.43,29704280,$45.22,$45.22,$44.36
08/03/2022,$45.33,17314110,$45.46,$45.605,$45.18
08/02/2022,$45.34,18710320,$46.25,$46.43,$45.31
08/01/2022,$46.26,18612100,$46.29,$46.50,$45.92
07/29/2022,$46.19,23129840,$45.71,$46.495,$45.58
07/28/2022,$45.55,22051870,$44.84,$45.72,$44.75
07/27/2022,$44.91,21560480,$44.81,$45.0891,$44.45
07/26/2022,$44.92,20571800,$44.50,$45.165,$44.27
07/25/2022,$44.76,27180710,$44.38,$44.80,$44.05
07/22/2022,$44.45,58265020,$45.95,$46.18,$43.765
07/21/2022,$47.66,32320980,$47.63,$47.88,$46.68
07/20/2022,$49.07,29611360,$50.47,$50.545,$49.01
07/19/2022,$50.45,14638480,$50.48,$50.56,$50.24
07/18/2022,$50.28,16173080,$51.06,$51.17,$50.17
07/15/2022,$51.02,13021340,$51.00,$51.04,$50.35
07/14/2022,$50.49,10271680,$49.92,$50.56,$49.73
07/13/2022,$50.51,13362450,$50.44,$51.09,$50.20
07/12/2022,$50.78,20528740,$50.65,$51.36,$50.28
07/11/2022,$50.50,12261840,$50.37,$50.735,$50.26
07/08/2022,$50.49,13959150,$50.52,$50.92,$50.41
07/07/2022,$50.71,13617050,$50.96,$51.055,$50.36
07/06/2022,$51.51,14938950,$51.42,$51.885,$51.13
07/05/2022,$51.42,19687280,$51.42,$51.46,$50.48
07/01/2022,$51.64,14189320,$50.96,$51.77,$50.58
06/30/2022,$50.75,18880500,$50.67,$51.215,$50.46
06/29/2022,$50.94,13901450,$50.48,$51.00,$50.32
06/28/2022,$50.46,16616610,$51.07,$51.30,$50.43
06/27/2022,$50.96,16974910,$51.29,$51.49,$50.6533
06/24/2022,$50.96,28490740,$52.03,$52.15,$50.57
06/23/2022,$52.09,21736430,$51.03,$52.18,$51.03
06/22/2022,$50.79,23651570,$50.26,$51.17,$50.21
06/21/2022,$50.65,34258510,$49.31,$50.91,$49.22
06/17/2022,$49.03,36469520,$48.61,$49.485,$48.53
06/16/2022,$48.84,22029330,$48.52,$48.97,$48.01
06/15/2022,$49.15,22005590,$49.23,$49.83,$48.595
06/14/2022,$49.16,20278710,$49.59,$49.835,$48.895
06/13/2022,$49.59,23762460,$50.62,$50.79,$49.40
06/10/2022,$50.82,19871440,$50.65,$51.40,$50.47
06/09/2022,$50.94,12079270,$51.62,$51.77,$50.92
06/08/2022,$51.55,13249740,$51.73,$51.96,$51.4407
06/07/2022,$51.65,15382980,$51.15,$51.70,$50.93
06/06/2022,$51.24,12898060,$50.93,$51.3499,$50.715
06/03/2022,$50.81,10819820,$50.94,$51.25,$50.69
06/02/2022,$51.29,13527850,$51.55,$51.59,$50.39
06/01/2022,$51.40,15358130,$51.44,$51.63,$51.045
05/31/2022,$51.29,25016560,$51.26,$51.56,$50.851
05/27/2022,$51.40,13347350,$50.75,$51.43,$50.53
05/26/2022,$50.99,15500360,$51.31,$51.605,$50.9099
05/25/2022,$51.24,19831480,$50.50,$51.27,$50.39
05/24/2022,$50.68,25414670,$49.69,$50.82,$48.86
05/23/2022,$49.67,16761780,$49.79,$50.27,$49.495
05/20/2022,$49.53,24181820,$49.04,$49.60,$48.92
05/19/2022,$49.10,23186390,$48.46,$49.18,$48.13
05/18/2022,$48.89,22365080,$48.95,$49.46,$48.63
05/17/2022,$48.94,22043060,$48.95,$49.205,$48.53
05/16/2022,$49.04,22754650,$47.98,$49.20,$47.76
05/13/2022,$48.18,21080480,$48.25,$48.45,$47.61
05/12/2022,$48.06,21623920,$47.81,$48.18,$47.41
05/11/2022,$47.88,20133180,$48.18,$48.52,$47.6209
05/10/2022,$48.13,23007260,$48.90,$49.44,$47.77
05/09/2022,$48.62,24391310,$48.13,$48.86,$47.75
05/06/2022,$48.27,19322030,$47.60,$48.44,$47.521
05/05/2022,$47.84,20664330,$48.03,$48.33,$47.41
05/04/2022,$48.37,29564580,$47.24,$48.415,$47.00
05/03/2022,$47.17,33263060,$46.39,$47.41,$46.06
05/02/2022,$46.23,33309410,$46.51,$47.055,$45.5489
04/29/2022,$46.30,41014200,$48.16,$48.20,$46.17
04/28/2022,$48.40,33011680,$48.69,$49.17,$48.30
04/27/2022,$48.46,30582040,$49.51,$49.51,$48.42
04/26/2022,$49.41,29507710,$50.26,$50.65,$49.37
04/25/2022,$50.28,46028360,$51.34,$51.44,$49.54
04/22/2022,$51.91,44958420,$53.44,$53.54,$51.46
04/21/2022,$55.01,32821140,$54.61,$55.51,$54.47
04/20/2022,$54.41,19563380,$53.76,$54.49,$53.70
04/19/2022,$53.75,12890020,$53.58,$53.905,$53.46
04/18/2022,$53.39,14394310,$53.76,$54.28,$53.22
04/14/2022,$53.83,16915090,$54.00,$54.19,$53.78
04/13/2022,$54.14,19797980,$53.59,$54.37,$53.59
04/12/2022,$53.67,21136410,$53.87,$54.05,$53.4222
04/11/2022,$53.90,33614950,$53.87,$54.70,$53.71
04/08/2022,$53.53,24852230,$52.73,$53.68,$52.50
04/07/2022,$52.67,22790550,$52.45,$52.98,$52.04
04/06/2022,$53.20,28661720,$52.81,$53.43,$52.565
04/05/2022,$52.78,23150620,$52.20,$52.90,$52.13
04/04/2022,$52.46,25800850,$52.02,$52.50,$51.635
04/01/2022,$52.12,30550320,$51.02,$52.185,$50.815
03/31/2022,$50.94,31027610,$51.66,$51.7492,$50.93
03/30/2022,$51.61,23821190,$51.22,$51.63,$51.08
03/29/2022,$51.25,28193430,$51.32,$51.34,$50.96
03/28/2022,$51.17,21688600,$51.36,$51.39,$50.95
03/25/2022,$51.28,18771990,$51.06,$51.4577,$50.97
03/24/2022,$51.00,21087320,$51.04,$51.19,$50.9254
03/23/2022,$50.97,25988810,$51.05,$51.4563,$50.96
03/22/2022,$51.00,28676580,$51.19,$51.4597,$50.95
03/21/2022,$51.10,39892830,$51.37,$51.81,$50.97
03/18/2022,$50.80,70390620,$52.12,$52.29,$50.80
03/17/2022,$52.36,22931520,$52.48,$52.54,$51.995
03/16/2022,$52.49,28500740,$52.87,$53.00,$51.95
03/15/2022,$52.76,20477590,$52.69,$53.00,$52.21
03/14/2022,$52.50,23124140,$53.43,$53.67,$52.4401
03/11/2022,$53.04,20838500,$53.36,$53.58,$53.01
03/10/2022,$53.23,17501820,$53.00,$53.34,$52.78
03/09/2022,$53.08,23049830,$53.72,$53.81,$53.01
03/08/2022,$53.25,36526710,$54.96,$55.3399,$53.19
03/07/2022,$54.68,24962850,$54.75,$55.24,$54.50
03/04/2022,$55.11,26917790,$54.43,$55.39,$54.255
03/03/2022,$54.66,27577670,$54.38,$55.145,$54.175
03/02/2022,$54.14,20712860,$53.67,$54.41,$53.53
03/01/2022,$53.61,24693080,$53.50,$54.19,$53.26
02/28/2022,$53.67,30593850,$53.80,$54.10,$53.40
02/25/2022,$54.12,31444250,$53.08,$54.54,$53.08
02/24/2022,$52.59,30079680,$52.97,$53.16,$51.71
02/23/2022,$53.41,17841860,$53.90,$53.93,$53.24
02/22/2022,$53.90,19858390,$54.00,$54.03,$53.59
02/18/2022,$53.83,20298510,$53.56,$53.96,$53.28
02/17/2022,$53.58,17462470,$53.10,$53.59,$52.78
02/16/2022,$53.40,17277880,$53.19,$53.7975,$53.09
02/15/2022,$53.36,12827960,$53.30,$53.59,$53.15
02/14/2022,$53.27,16081700,$53.25,$53.45,$52.50
02/11/2022,$53.32,18833150,$52.95,$53.46,$52.70
02/10/2022,$53.04,18644430,$53.34,$53.54,$52.90
02/09/2022,$53.50,16449310,$53.15,$53.66,$52.88
02/08/2022,$52.82,13911680,$53.01,$53.17,$52.575
02/07/2022,$53.00,15438920,$53.23,$53.36,$52.51
02/04/2022,$53.31,16199780,$53.52,$53.83,$53.225
02/03/2022,$53.79,21219830,$54.00,$54.57,$53.70
02/02/2022,$53.80,24160190,$53.56,$54.28,$53.30
02/01/2022,$53.20,33045580,$53.40,$53.60,$52.21
01/31/2022,$53.23,25182370,$52.52,$53.32,$52.21
01/28/2022,$52.90,29490770,$51.44,$52.93,$51.185
01/27/2022,$51.19,35346510,$50.91,$52.07,$50.81
01/26/2022,$51.02,41504690,$52.62,$52.86,$50.81
01/25/2022,$52.90,32075940,$53.13,$53.85,$52.2619
01/24/2022,$52.96,32535050,$53.11,$53.71,$52.20
01/21/2022,$53.16,25294820,$53.73,$53.90,$53.07
01/20/2022,$53.40,24297090,$53.49,$53.94,$53.08
01/19/2022,$53.50,18374190,$53.47,$53.68,$52.87
01/18/2022,$53.43,21572440,$53.10,$53.57,$52.58
01/14/2022,$53.28,18695780,$53.59,$53.70,$53.075
01/13/2022,$53.52,18178180,$53.515,$54.03,$53.175
01/12/2022,$53.45,12778490,$53.39,$53.66,$53.09
01/11/2022,$53.59,18598500,$53.92,$54.08,$53.16
01/10/2022,$53.87,24929410,$54.49,$54.83,$53.81
01/07/2022,$54.24,26512540,$53.26,$54.36,$53.26
01/06/2022,$53.76,21563760,$54.48,$54.55,$53.66
01/05/2022,$54.02,28697300,$53.84,$54.64,$53.51
01/04/2022,$53.47,26376760,$52.64,$53.71,$52.55
01/03/2022,$52.44,18243160,$52.07,$52.56,$51.98
12/31/2021,$51.96,15911390,$52.20,$52.31,$51.8801
12/30/2021,$52.25,15615510,$52.38,$52.57,$52.08
12/29/2021,$52.36,15109500,$52.77,$52.875,$52.34
12/28/2021,$52.72,12129050,$52.63,$53.0915,$52.61
12/27/2021,$52.68,19710750,$52.69,$52.821,$52.45
12/23/2021,$52.68,14921400,$52.85,$53.09,$52.67
12/22/2021,$52.77,16486470,$52.58,$52.90,$52.055
12/21/2021,$52.78,23905320,$53.26,$53.33,$52.65
12/20/2021,$53.09,23418010,$52.73,$53.34,$52.685
12/17/2021,$53.17,54604900,$53.05,$53.22,$52.3604
12/16/2021,$52.75,40091270,$50.66,$52.915,$50.55
12/15/2021,$50.55,24115730,$50.83,$51.04,$50.48
12/14/2021,$50.65,31555920,$50.37,$51.145,$50.18
12/13/2021,$50.28,27618840,$50.10,$50.539,$49.685
12/10/2021,$50.19,18498730,$50.33,$50.33,$49.99
12/09/2021,$50.16,23628310,$50.40,$50.40,$49.865
12/08/2021,$50.49,20452740,$50.72,$50.85,$50.15
12/07/2021,$50.79,27754710,$51.00,$51.01,$50.13
12/06/2021,$51.07,22433140,$51.64,$51.93,$50.96
12/03/2021,$51.42,24711730,$50.59,$51.486,$50.52
12/02/2021,$50.73,27364370,$49.83,$51.17,$49.78
12/01/2021,$49.77,26305110,$50.50,$50.9174,$49.74
11/30/2021,$50.27,47766180,$51.26,$51.36,$50.04
11/29/2021,$51.66,18652480,$51.61,$51.85,$51.325
11/26/2021,$51.80,17048140,$51.15,$52.20,$51.10
11/24/2021,$51.66,15474540,$51.63,$52.11,$51.59
11/23/2021,$51.75,21507620,$51.56,$52.145,$51.56
11/22/2021,$51.54,22756780,$50.85,$52.025,$50.65
11/19/2021,$50.86,21105210,$51.28,$51.315,$50.67
11/18/2021,$51.24,19490330,$51.50,$51.645,$51.125
11/17/2021,$51.73,17679160,$52.01,$52.06,$51.61
11/16/2021,$52.06,15876080,$52.51,$52.62,$52.04
11/15/2021,$52.40,14282660,$52.44,$52.54,$52.07
11/12/2021,$52.34,14378450,$52.51,$52.52,$52.29
11/11/2021,$52.45,10983690,$52.74,$52.74,$52.36
11/10/2021,$52.60,16261060,$52.42,$52.755,$52.21
11/09/2021,$52.24,16014150,$52.30,$52.37,$51.99
11/08/2021,$52.33,15985230,$52.30,$52.415,$51.91
11/05/2021,$52.24,17442840,$52.02,$52.80,$52.02
11/04/2021,$51.85,30807500,$52.91,$52.91,$51.20
11/03/2021,$52.94,12240050,$52.59,$53.07,$52.52
11/02/2021,$52.57,16913830,$53.05,$53.09,$52.505
11/01/2021,$52.95,14177720,$53.24,$53.37,$52.87
10/29/2021,$52.99,17763230,$52.50,$53.05,$52.41
10/28/2021,$52.80,18374710,$52.75,$53.15,$52.62
10/27/2021,$52.63,15007370,$53.17,$53.20,$52.47
10/26/2021,$53.08,15185170,$52.70,$53.17,$52.56
10/25/2021,$52.58,15987350,$52.97,$53.10,$52.46
10/22/2021,$52.93,16074020,$53.42,$53.42,$52.88
10/21/2021,$53.39,17771130,$53.77,$53.926,$53.07
10/20/2021,$53.61,30659510,$52.785,$53.74,$52.72
10/19/2021,$52.35,16094800,$52.00,$52.42,$51.92
10/18/2021,$51.91,20853520,$52.16,$52.32,$51.64
10/15/2021,$52.27,27005540,$52.08,$52.81,$52.015
10/14/2021,$51.92,27764850,$51.27,$51.985,$51.16
10/13/2021,$51.35,27246870,$51.21,$51.41,$50.86
10/12/2021,$51.33,42153950,$52.18,$52.18,$51.11
10/11/2021,$52.18,32088450,$53.26,$53.29,$51.98
10/08/2021,$53.24,21384640,$53.87,$53.97,$53.22
10/07/2021,$53.90,18069590,$54.04,$54.35,$53.825
10/06/2021,$54.53,21339790,$54.34,$54.59,$54.01
10/05/2021,$54.51,13218160,$54.64,$54.8066,$54.32
10/04/2021,$54.50,18159210,$54.45,$54.8463,$54.275
10/01/2021,$54.30,18618430,$54.02,$54.56,$53.92
09/30/2021,$54.01,18744170,$54.50,$54.51,$54.00
09/29/2021,$54.38,14822970,$54.09,$54.655,$54.09
09/28/2021,$54.16,19528250,$54.45,$54.69,$54.03
09/27/2021,$54.47,13118250,$54.45,$54.65,$54.38
09/24/2021,$54.37,12663950,$54.36,$54.57,$54.245
09/23/2021,$54.42,14714110,$54.20,$54.61,$54.01
09/22/2021,$54.06,15907950,$54.14,$54.39,$54.02
09/21/2021,$54.03,16906850,$54.29,$54.64,$54.01
09/20/2021,$54.26,20440540,$54.06,$54.58,$54.01
09/17/2021,$54.28,30800320,$54.14,$54.46,$54.06
09/16/2021,$54.43,14431370,$54.62,$54.79,$54.35
09/15/2021,$54.57,15330010,$54.31,$54.6557,$54.31
09/14/2021,$54.41,16937520,$54.65,$54.77,$54.28
09/13/2021,$54.62,20749010,$54.40,$54.9761,$54.40
09/10/2021,$54.23,15944100,$54.56,$54.665,$54.22
09/09/2021,$54.44,19403340,$54.83,$54.87,$54.43
09/08/2021,$54.91,11835910,$54.79,$55.0874,$54.79
09/07/2021,$54.82,15500870,$55.38,$55.50,$54.80
09/03/2021,$55.43,11008650,$55.24,$55.50,$55.17
09/02/2021,$55.29,12879820,$54.93,$55.31,$54.895
09/01/2021,$54.94,12647350,$55.00,$55.15,$54.80
08/31/2021,$55.00,18405560,$54.71,$55.14,$54.58
08/30/2021,$54.77,11621180,$54.74,$54.96,$54.68
08/27/2021,$54.77,13213770,$54.65,$54.83,$54.53
08/26/2021,$54.60,15256170,$54.91,$55.055,$54.57
08/25/2021,$54.93,14666270,$55.02,$55.08,$54.8117
08/24/2021,$55.01,15478360,$55.41,$55.42,$55.00
08/23/2021,$55.42,11963680,$55.55,$55.71,$55.41
08/20/2021,$55.52,10645070,$55.33,$55.7069,$55.20
08/19/2021,$55.37,12679930,$55.30,$55.66,$55.19
08/18/2021,$55.47,15093540,$56.05,$56.07,$55.45
08/17/2021,$56.18,11847560,$55.87,$56.20,$55.771
08/16/2021,$55.98,12977100,$55.92,$56.07,$55.58
08/13/2021,$55.87,8384635,$55.70,$55.98,$55.68
08/12/2021,$55.64,10748450,$55.62,$55.80,$55.53
08/11/2021,$55.57,11727290,$55.61,$55.845,$55.52
08/10/2021,$55.48,11756920,$55.10,$55.5255,$55.00
08/09/2021,$55.12,13452450,$55.28,$55.42,$55.11
08/06/2021,$55.22,12660270,$55.33,$55.59,$55.21
08/05/2021,$55.30,12776590,$55.41,$55.50,$55.25
08/04/2021,$55.37,16446090,$55.60,$55.71,$55.28
08/03/2021,$55.73,12573080,$55.76,$55.95,$55.57
08/02/2021,$55.76,13833360,$56.06,$56.255,$55.68
07/30/2021,$55.78,13856890,$56.03,$56.18,$55.76
07/29/2021,$55.98,12841870,$55.89,$56.18,$55.88
07/28/2021,$55.72,14595870,$56.24,$56.32,$55.69
07/27/2021,$56.20,15225790,$55.67,$56.335,$55.475
07/26/2021,$55.78,15330450,$55.88,$55.935,$55.545
07/23/2021,$55.88,14894330,$55.83,$56.03,$55.64
07/22/2021,$55.95,16231400,$56.15,$56.28,$55.62
07/21/2021,$55.95,25264050,$56.54,$56.85,$55.92
07/20/2021,$55.58,20258940,$55.95,$56.77,$55.535
07/19/2021,$55.84,21958550,$56.17,$56.44,$55.31
07/16/2021,$56.46,11637940,$56.68,$56.79,$56.41
07/15/2021,$56.55,12813950,$56.32,$56.595,$56.24
07/14/2021,$56.32,14821710,$56.09,$56.43,$56.03
07/13/2021,$56.09,12511850,$56.27,$56.48,$56.00
07/12/2021,$56.15,13451460,$55.99,$56.355,$55.8792
07/09/2021,$56.07,13756990,$55.70,$56.23,$55.6202
07/08/2021,$55.68,18384000,$55.75,$55.98,$55.55
07/07/2021,$56.53,14393310,$56.35,$56.575,$56.205
07/06/2021,$56.41,13815930,$56.48,$56.51,$56.00
07/02/2021,$56.44,11392800,$56.38,$56.57,$56.262
07/01/2021,$56.29,11672240,$56.18,$56.43,$56.02
06/30/2021,$56.03,14559690,$55.76,$56.14,$55.76
06/29/2021,$55.84,15313030,$56.20,$56.3665,$55.82
06/28/2021,$56.18,13754940,$56.38,$56.50,$56.17
06/25/2021,$56.38,14540330,$56.27,$56.52,$56.19
06/24/2021,$56.37,15386230,$56.16,$56.41,$56.06
06/23/2021,$56.07,16524470,$56.45,$56.75,$56.05
06/22/2021,$56.37,13866620,$56.69,$56.78,$56.28
06/21/2021,$56.39,13628220,$56.07,$56.49,$55.98
06/18/2021,$55.82,38210480,$56.31,$56.31,$55.57
06/17/2021,$56.53,14761100,$56.65,$56.9198,$56.50
06/16/2021,$56.64,15678400,$57.37,$57.39,$56.63
06/15/2021,$57.29,12602710,$57.18,$57.445,$57.16
06/14/2021,$57.18,11907640,$57.19,$57.27,$56.85
06/11/2021,$57.33,12928960,$57.49,$57.55,$57.01
06/10/2021,$57.34,12013570,$57.33,$57.61,$57.22
06/09/2021,$57.05,14705150,$57.15,$57.525,$57.01
06/08/2021,$57.15,15858380,$57.24,$57.25,$56.79
06/07/2021,$57.20,11144120,$57.23,$57.33,$57.07
06/04/2021,$57.30,11868080,$56.92,$57.37,$56.90
06/03/2021,$56.98,14212510,$56.70,$57.22,$56.58
06/02/2021,$56.65,13681110,$56.31,$56.84,$56.17
06/01/2021,$56.38,14922780,$56.75,$56.86,$56.24
05/28/2021,$56.49,14027800,$56.35,$56.64,$56.29
05/27/2021,$56.29,30754270,$56.32,$56.55,$56.02
05/26/2021,$56.36,14045240,$56.47,$56.56,$56.27
05/25/2021,$56.48,15935070,$57.00,$57.03,$56.29
05/24/2021,$56.98,12970740,$57.09,$57.30,$56.78
05/21/2021,$56.91,15474380,$57.06,$57.30,$56.74
05/20/2021,$56.79,20768860,$56.91,$57.25,$56.75
05/19/2021,$56.92,20213490,$56.52,$56.94,$56.35
05/18/2021,$57.18,26578950,$57.50,$57.50,$56.64
05/17/2021,$57.94,22336030,$58.89,$59.07,$57.87
05/14/2021,$58.69,13770300,$59.01,$59.2556,$58.67
05/13/2021,$58.81,13307890,$58.00,$59.19,$57.96
05/12/2021,$58.41,14718590,$58.25,$58.90,$58.15
05/11/2021,$58.54,17971890,$59.79,$59.79,$58.2945
05/10/2021,$59.52,22563000,$59.08,$59.85,$59.02
05/07/2021,$58.72,15678650,$58.80,$59.07,$58.60
05/06/2021,$59.29,14593090,$58.91,$59.37,$58.685
05/05/2021,$58.69,12182500,$58.63,$59.06,$58.55
05/04/2021,$58.60,22067720,$57.98,$58.65,$57.95
05/03/2021,$57.92,17559070,$58.23,$58.33,$57.87
04/30/2021,$57.79,16861520,$57.35,$57.86,$56.9615
04/29/2021,$57.32,18169160,$56.55,$57.515,$56.53
04/28/2021,$56.43,12862540,$56.37,$56.66,$56.34
04/27/2021,$56.32,21858610,$56.58,$56.72,$56.20
04/26/2021,$56.94,15073590,$57.36,$57.39,$56.85
04/23/2021,$57.30,18103500,$57.13,$57.47,$56.78
04/22/2021,$57.28,20921930,$57.94,$58.09,$57.135
04/21/2021,$58.14,18310060,$58.40,$58.84,$58.05
04/20/2021,$58.39,16673640,$58.12,$58.54,$57.97
04/19/2021,$58.39,11955360,$58.50,$58.71,$58.09
04/16/2021,$58.28,19866190,$58.07,$58.48,$57.80
04/15/2021,$57.70,13338440,$57.56,$57.91,$57.54
04/14/2021,$57.70,13890130,$57.50,$58.13,$57.293
04/13/2021,$57.62,15489080,$57.37,$57.76,$57.16
04/12/2021,$57.54,19564560,$57.66,$57.885,$57.425
04/09/2021,$57.49,13871990,$57.60,$57.80,$57.25
04/08/2021,$57.60,16472400,$58.04,$58.13,$57.5326
04/07/2021,$59.00,13218410,$59.13,$59.46,$58.785
04/06/2021,$59.11,12198320,$58.81,$59.11,$58.68
04/05/2021,$58.87,14326320,$58.53,$59.13,$58.46
04/01/2021,$58.30,12885080,$58.02,$58.39,$57.735
03/31/2021,$58.15,19531730,$58.40,$58.52,$58.06
03/30/2021,$58.59,13239750,$58.87,$58.97,$58.23
03/29/2021,$58.83,18577280,$58.09,$58.98,$57.95
03/26/2021,$58.18,19632700,$57.43,$58.25,$57.38
03/25/2021,$57.38,18047420,$57.05,$57.54,$56.70
03/24/2021,$57.01,14819760,$56.74,$57.4299,$56.63
03/23/2021,$56.91,20084120,$56.42,$57.42,$56.38
03/22/2021,$56.59,20656570,$55.87,$56.67,$55.77
03/19/2021,$56.24,39055020,$56.428,$56.52,$55.95
03/18/2021,$56.31,19970730,$55.75,$56.37,$55.66
03/17/2021,$55.75,17866950,$55.77,$56.12,$55.29
03/16/2021,$55.64,19044720,$55.70,$55.92,$55.4366
03/15/2021,$55.64,18983380,$55.81,$55.94,$55.10
03/12/2021,$55.63,22002420,$55.73,$56.17,$55.61
03/11/2021,$55.51,30312880,$57.01,$57.19,$55.47
03/10/2021,$57.08,18848590,$56.69,$57.2899,$55.85
03/09/2021,$56.20,20956420,$56.90,$57.10,$56.17
03/08/2021,$56.79,23648820,$55.95,$57.295,$55.82
03/05/2021,$56.00,23598090,$54.95,$56.197,$54.92
03/04/2021,$54.80,23691960,$55.55,$55.6199,$54.53
03/03/2021,$55.38,22838740,$54.56,$55.97,$54.4019
03/02/2021,$54.98,17184560,$55.31,$55.5198,$54.92
03/01/2021,$55.36,20550350,$55.49,$55.95,$55.28
02/26/2021,$55.30,23935170,$56.47,$56.605,$55.29
02/25/2021,$56.50,24165330,$56.12,$56.86,$55.74
02/24/2021,$57.12,17136950,$57.08,$57.42,$56.67
02/23/2021,$57.03,21061970,$56.81,$57.53,$56.285
02/22/2021,$56.45,17854900,$56.53,$56.8398,$56.15
02/19/2021,$56.45,18689450,$57.33,$57.40,$56.35
02/18/2021,$56.98,20759950,$56.94,$57.61,$56.53
02/17/2021,$56.99,40617210,$56.00,$57.25,$55.63
02/16/2021,$54.15,22095660,$54.11,$54.32,$53.83
02/12/2021,$54.20,18357320,$54.42,$54.68,$54.1819
02/11/2021,$54.60,17398760,$55.02,$55.06,$54.48
02/10/2021,$54.96,16232810,$55.22,$55.44,$54.92
02/09/2021,$55.00,19605590,$55.02,$55.30,$54.68
02/08/2021,$55.05,17887730,$55.37,$55.48,$54.79
02/05/2021,$55.32,12069510,$55.20,$55.675,$55.17
02/04/2021,$55.14,14761730,$54.76,$55.37,$54.59
02/03/2021,$54.79,13909320,$54.31,$54.90,$54.25
02/02/2021,$54.50,18974490,$54.43,$55.165,$54.17
02/01/2021,$54.28,20541080,$55.27,$55.27,$54.22
01/29/2021,$54.75,26231160,$55.00,$55.27,$54.475
01/28/2021,$55.37,24000760,$55.00,$56.33,$55.00
01/27/2021,$55.13,37238980,$56.64,$56.96,$55.06
01/26/2021,$56.57,37892720,$56.99,$57.275,$56.41
01/25/2021,$58.42,22444340,$57.47,$58.62,$57.18
01/22/2021,$57.47,16364510,$57.17,$57.69,$56.76
01/21/2021,$57.27,13604850,$57.19,$57.51,$57.05
01/20/2021,$57.26,19923100,$57.01,$57.39,$56.66
01/19/2021,$57.05,18821290,$57.44,$57.58,$56.98
01/15/2021,$57.38,15785270,$56.78,$57.50,$56.71
01/14/2021,$57.04,18341090,$56.89,$57.425,$56.66
01/13/2021,$57.06,16985370,$57.22,$57.25,$56.875
01/12/2021,$57.26,22699270,$57.27,$57.45,$56.69
01/11/2021,$57.46,15701550,$57.75,$58.05,$57.285
01/08/2021,$57.80,28411560,$58.23,$58.36,$57.37
01/07/2021,$58.53,19079880,$58.27,$58.76,$58.08
01/06/2021,$59.29,22678540,$58.81,$59.54,$58.54
01/05/2021,$58.58,16220030,$58.86,$59.09,$58.455
01/04/2021,$58.85,19129820,$58.96,$59.145,$58.44
12/31/2020,$58.75,12906330,$58.06,$58.80,$58.02
12/30/2020,$58.14,18259790,$58.83,$58.94,$58.06
12/29/2020,$58.81,15686130,$59.03,$59.24,$58.64
12/28/2020,$58.98,15355630,$59.16,$59.18,$58.65
12/24/2020,$58.84,7751101,$59.00,$59.07,$58.66
12/23/2020,$58.96,14012390,$59.20,$59.28,$58.885
12/22/2020,$58.99,12958660,$59.32,$59.415,$58.86
12/21/2020,$59.49,18567510,$60.06,$60.13,$59.2819
12/18/2020,$60.46,31909360,$60.00,$60.78,$59.79
12/17/2020,$60.01,12095490,$59.98,$60.15,$59.61
12/16/2020,$59.91,17165870,$60.20,$60.45,$59.665
12/15/2020,$60.55,15877170,$60.07,$60.74,$59.97
12/14/2020,$59.98,15706490,$60.61,$61.06,$59.77
12/11/2020,$60.35,13672970,$60.08,$60.53,$59.97
12/10/2020,$60.51,15464440,$61.26,$61.3534,$60.333
12/09/2020,$61.46,14949510,$61.45,$61.82,$61.09
12/08/2020,$61.45,13421080,$61.18,$61.70,$60.875
12/07/2020,$61.35,12537550,$61.52,$61.70,$61.175
12/04/2020,$61.55,10495840,$61.545,$61.80,$61.265
12/03/2020,$61.74,11937200,$61.11,$61.83,$61.04
12/02/2020,$61.36,14169950,$61.40,$61.95,$61.01
12/01/2020,$60.58,14283160,$60.43,$60.92,$60.2848
11/30/2020,$60.41,21839110,$60.32,$60.60,$60.185
11/27/2020,$60.58,5763683,$60.52,$60.74,$60.41
11/25/2020,$60.41,10604310,$60.67,$60.74,$60.33
11/24/2020,$60.64,15485020,$60.60,$60.80,$60.36
11/23/2020,$60.23,11602200,$60.01,$60.39,$60.00
11/20/2020,$60.04,14225740,$60.21,$60.33,$59.945
11/19/2020,$60.21,12662960,$60.40,$60.44,$59.90
11/18/2020,$60.32,11698770,$61.13,$61.15,$60.30
11/17/2020,$60.75,11698190,$60.56,$61.02,$60.36
11/16/2020,$60.89,14289350,$60.81,$61.46,$60.695
11/13/2020,$61.06,10655570,$60.63,$61.19,$60.38
11/12/2020,$60.79,13297930,$60.91,$61.01,$60.34
11/11/2020,$61.00,12196930,$61.29,$61.35,$60.4735
11/10/2020,$61.10,22051820,$60.28,$61.41,$60.20
11/09/2020,$59.84,24265940,$60.04,$60.58,$59.51
11/06/2020,$58.53,11986220,$58.08,$58.75,$58.01
11/05/2020,$58.15,20156430,$58.01,$58.97,$57.80
11/04/2020,$57.22,20785670,$57.19,$57.85,$56.58
11/03/2020,$57.75,10693450,$57.81,$58.375,$57.51
11/02/2020,$57.70,16086430,$57.67,$58.205,$57.00
10/30/2020,$56.99,17636910,$56.60,$57.07,$56.37
10/29/2020,$56.76,19146140,$56.16,$57.31,$56.02
10/28/2020,$56.31,18720210,$56.915,$57.35,$56.12
10/27/2020,$57.38,12253030,$57.70,$57.8514,$57.31
10/26/2020,$57.81,15196810,$57.52,$57.85,$56.971
10/23/2020,$57.96,12879560,$57.75,$57.97,$57.46
10/22/2020,$57.33,16638560,$56.93,$57.66,$56.51
10/21/2020,$56.75,21498300,$57.11,$57.71,$56.69
10/20/2020,$57.25,18696190,$57.54,$57.67,$56.76
10/19/2020,$57.30,16075110,$58.15,$58.29,$57.08
10/16/2020,$58.05,13366400,$58.08,$58.43,$58.01
10/15/2020,$58.16,13645770,$58.11,$58.28,$57.72
10/14/2020,$58.43,16596710,$59.46,$59.52,$58.39
10/13/2020,$59.36,22109560,$59.70,$59.72,$58.85
10/12/2020,$59.55,20211240,$59.33,$59.68,$59.15
10/09/2020,$59.33,9846192,$59.25,$59.54,$59.08
10/08/2020,$59.19,14266450,$59.12,$59.73,$58.97
10/07/2020,$59.61,13674660,$59.62,$59.78,$59.20
10/06/2020,$59.46,12524940,$59.76,$59.97,$59.33
10/05/2020,$59.66,10457440,$59.63,$59.84,$59.26
10/02/2020,$59.24,10741770,$59.29,$59.545,$59.11
10/01/2020,$59.45,14547080,$59.40,$59.60,$59.03
09/30/2020,$59.49,16348370,$59.46,$59.705,$59.045
09/29/2020,$59.24,10008190,$59.28,$59.49,$59.10
09/28/2020,$59.36,11910450,$59.56,$59.795,$59.183
09/25/2020,$59.39,10676510,$58.85,$59.45,$58.81
09/24/2020,$59.19,10875280,$59.00,$59.56,$58.65
09/23/2020,$58.91,15416210,$59.83,$60.14,$58.85
09/22/2020,$59.82,12198930,$59.73,$60.37,$59.515
09/21/2020,$59.61,15871370,$60.00,$60.08,$59.02
09/18/2020,$60.35,22584520,$60.18,$60.94,$60.1519
09/17/2020,$60.59,14996160,$60.60,$60.99,$60.10
09/16/2020,$60.37,12700860,$60.53,$60.93,$60.315
09/15/2020,$60.60,9444313,$60.11,$61.10,$60.10
09/14/2020,$60.32,11932530,$60.02,$60.78,$60.00
09/11/2020,$59.79,13924840,$59.58,$59.96,$59.3601
09/10/2020,$59.53,15811190,$60.23,$60.25,$59.41
09/09/2020,$60.04,15896200,$60.12,$60.7476,$59.97
09/08/2020,$59.96,18469720,$60.80,$60.80,$59.62
09/04/2020,$60.48,22250110,$60.48,$61.50,$60.06
09/03/2020,$60.61,23126840,$60.83,$61.28,$60.14
09/02/2020,$60.53,21711850,$59.15,$60.74,$59.00
09/01/2020,$59.16,13359390,$59.12,$59.295,$58.78
08/31/2020,$59.27,14555480,$59.04,$59.44,$59.02
08/28/2020,$59.26,11873880,$59.41,$59.41,$58.82
08/27/2020,$59.43,11405260,$59.60,$59.79,$59.41
08/26/2020,$59.46,15096370,$59.30,$59.50,$58.90
08/25/2020,$59.42,11316840,$59.70,$59.75,$59.18
08/24/2020,$59.57,10931470,$59.10,$59.61,$59.00
08/21/2020,$58.99,11059280,$59.00,$59.04,$58.535
08/20/2020,$58.96,8061476,$58.60,$59.09,$58.59
08/19/2020,$59.05,10816320,$59.36,$59.44,$58.93
08/18/2020,$59.18,10130830,$58.86,$59.47,$58.78
08/17/2020,$58.78,8371892,$58.73,$58.93,$58.545
08/14/2020,$58.79,8715886,$58.48,$58.94,$58.25
08/13/2020,$58.52,7428615,$58.30,$58.60,$58.19
08/12/2020,$58.60,10804020,$58.60,$58.97,$58.52
08/11/2020,$58.51,12833070,$59.30,$59.6083,$58.25
08/10/2020,$58.99,12114530,$58.65,$59.15,$58.465
08/07/2020,$58.53,12783920,$57.82,$58.55,$57.65
08/06/2020,$57.83,10369910,$57.50,$57.945,$57.45
08/05/2020,$57.54,9811687,$58.16,$58.19,$57.405
08/04/2020,$57.91,11600950,$57.20,$58.14,$57.18
08/03/2020,$57.24,13494540,$57.87,$57.87,$57.12
07/31/2020,$57.48,16195140,$56.85,$57.50,$56.65
07/30/2020,$57.30,12635810,$57.21,$57.46,$57.14
07/29/2020,$57.45,9341803,$57.37,$57.686,$57.16
07/28/2020,$57.48,13454720,$57.05,$57.70,$56.97
07/27/2020,$56.87,12306670,$57.00,$57.33,$56.51
07/24/2020,$56.85,17981680,$56.35,$57.57,$56.14
07/23/2020,$55.85,16718750,$55.81,$56.09,$55.40
07/22/2020,$55.75,11223550,$55.84,$55.945,$55.37
07/21/2020,$55.84,12620950,$55.84,$56.50,$55.795
07/20/2020,$55.87,10572870,$56.28,$56.28,$55.655
07/17/2020,$56.30,13509680,$56.00,$56.595,$55.89
07/16/2020,$55.78,13477440,$54.87,$55.83,$54.76
07/15/2020,$55.06,13903600,$55.61,$55.72,$55.02
07/14/2020,$55.44,15683600,$54.43,$55.65,$54.27
07/13/2020,$54.45,15285110,$54.75,$54.765,$54.14
07/10/2020,$54.49,15652220,$53.84,$54.58,$53.84
07/09/2020,$53.94,17618360,$54.65,$54.65,$53.75
07/08/2020,$55.38,15320850,$55.11,$55.44,$54.82
07/07/2020,$55.04,13319700,$54.92,$55.33,$54.80
07/06/2020,$55.24,11231080,$55.35,$55.4301,$54.91
07/02/2020,$54.79,15814540,$55.05,$55.405,$54.74
07/01/2020,$54.67,12831580,$55.09,$55.33,$54.58
06/30/2020,$55.13,17414760,$54.92,$55.285,$54.36
06/29/2020,$54.69,15930280,$53.31,$54.71,$53.31
06/26/2020,$53.16,30211860,$54.04,$54.06,$52.85
06/25/2020,$54.28,17122520,$53.91,$54.385,$53.34
06/24/2020,$53.93,24794570,$54.54,$54.56,$53.455
06/23/2020,$54.94,20716400,$55.75,$55.845,$54.91
06/22/2020,$55.66,12333880,$55.91,$56.26,$55.61
06/19/2020,$56.16,28843750,$57.35,$57.47,$56.00
06/18/2020,$56.89,9019542,$56.50,$56.96,$56.37
06/17/2020,$56.65,10652050,$57.14,$57.17,$56.51
06/16/2020,$56.92,15025950,$56.83,$57.32,$56.24
06/15/2020,$56.15,14828780,$55.73,$56.54,$55.28
06/12/2020,$56.53,17129160,$56.63,$56.81,$55.79
06/11/2020,$56.45,23412480,$57.48,$57.94,$56.40
06/10/2020,$58.05,13649070,$57.895,$58.225,$57.70
06/09/2020,$57.86,14530770,$57.75,$58.13,$57.37
06/08/2020,$58.09,14962960,$57.65,$58.20,$57.27
06/05/2020,$57.74,17105620,$57.75,$58.12,$57.08
06/04/2020,$57.22,16147300,$56.74,$57.37,$56.51
06/03/2020,$56.83,16086720,$56.52,$56.98,$56.30
06/02/2020,$56.40,17300360,$55.82,$56.46,$55.54
06/01/2020,$55.78,18160960,$56.70,$56.90,$55.75
05/29/2020,$57.38,34255790,$55.33,$57.79,$54.89
05/28/2020,$55.72,15435420,$55.58,$55.79,$55.155
05/27/2020,$55.14,17063780,$54.61,$55.22,$54.43
05/26/2020,$54.30,20830540,$54.90,$55.245,$54.18
05/22/2020,$54.10,19959960,$53.96,$54.29,$53.67
05/21/2020,$53.97,18201040,$54.43,$54.64,$53.86
05/20/2020,$54.26,21405380,$54.54,$54.895,$54.05
05/19/2020,$54.38,18467060,$55.43,$55.55,$54.315
05/18/2020,$55.72,15739190,$55.65,$56.20,$55.04
05/15/2020,$54.71,10173960,$54.63,$54.76,$54.21
05/14/2020,$54.91,15859230,$54.50,$54.93,$53.85
05/13/2020,$54.85,20604550,$55.16,$55.55,$54.56
05/12/2020,$55.46,13117720,$56.75,$56.75,$55.45
05/11/2020,$56.40,12636810,$56.87,$56.905,$56.235
05/08/2020,$57.00,11100310,$56.22,$57.03,$56.03
05/07/2020,$55.58,14084020,$56.10,$56.15,$55.175
05/06/2020,$55.64,12460380,$56.36,$56.66,$55.54
05/05/2020,$56.51,10902380,$56.00,$56.94,$56.00
05/04/2020,$56.24,11833620,$56.85,$57.03,$55.80
05/01/2020,$56.83,13857420,$57.76,$57.79,$56.53
04/30/2020,$57.45,17532410,$57.83,$57.96,$57.21
04/29/2020,$58.12,17818130,$58.38,$58.60,$57.70
04/28/2020,$57.83,13392570,$57.82,$58.38,$57.62
04/27/2020,$57.81,16050130,$57.93,$58.29,$57.20
04/24/2020,$57.93,15373620,$57.64,$57.99,$56.8254
04/23/2020,$57.59,15684410,$58.12,$58.66,$57.47
04/22/2020,$57.99,12703200,$57.41,$58.57,$57.23
04/21/2020,$56.82,14234510,$57.39,$58.04,$56.72
04/20/2020,$58.13,14002240,$58.10,$58.91,$57.9643
04/17/2020,$58.46,15054290,$58.06,$58.68,$57.74
04/16/2020,$57.66,17825840,$57.29,$58.00,$56.8537
04/15/2020,$56.93,18372750,$57.56,$58.01,$56.71
04/14/2020,$58.14,16765560,$57.31,$58.40,$56.96
04/13/2020,$56.67,12977720,$57.39,$57.60,$56.36
04/09/2020,$57.44,19693910,$56.91,$58.10,$56.88
04/08/2020,$57.80,18234200,$57.26,$58.02,$56.62
04/07/2020,$56.98,21786000,$57.04,$57.88,$56.41
04/06/2020,$56.70,20284430,$55.77,$56.94,$54.98
04/03/2020,$54.70,17612480,$55.00,$55.241,$54.28
04/02/2020,$55.25,20159400,$53.56,$55.50,$53.09
04/01/2020,$52.92,18672610,$52.50,$53.45,$52.161
03/31/2020,$53.73,21251790,$54.07,$54.54,$53.55
03/30/2020,$54.77,20660180,$53.49,$55.03,$52.94
03/27/2020,$52.77,25363640,$52.15,$53.84,$51.54
03/26/2020,$53.54,32617570,$49.59,$53.90,$49.51
03/25/2020,$49.94,38551330,$49.36,$51.91,$48.84
03/24/2020,$49.99,40626870,$51.96,$51.96,$49.18
03/23/2020,$50.31,39225120,$50.61,$53.27,$49.13
03/20/2020,$51.80,46013780,$52.72,$53.04,$50.71
03/19/2020,$53.62,33024860,$53.76,$54.92,$52.775
03/18/2020,$54.32,38417420,$53.99,$55.93,$50.88
03/17/2020,$54.31,33898020,$51.50,$55.48,$51.49
03/16/2020,$50.99,36990390,$50.90,$53.20,$49.02
03/13/2020,$54.17,45743960,$53.00,$54.37,$51.4464
03/12/2020,$51.20,45610600,$51.95,$54.00,$50.75
03/11/2020,$54.83,21177500,$55.36,$55.53,$54.185
03/10/2020,$56.52,34330870,$56.07,$56.89,$53.92
03/09/2020,$55.83,31862180,$54.37,$57.575,$54.01
03/06/2020,$56.87,22510850,$55.29,$57.21,$55.095
03/05/2020,$57.16,21249900,$56.87,$57.52,$56.49
03/04/2020,$58.12,17626440,$56.61,$58.25,$56.11
03/03/2020,$55.70,27500190,$57.21,$58.05,$55.22
03/02/2020,$57.32,30736230,$55.16,$57.5421,$54.88
02/28/2020,$54.16,45881220,$53.74,$54.18,$52.18
02/27/2020,$55.06,25907210,$56.78,$57.38,$55.03
02/26/2020,$57.14,16804640,$57.38,$57.87,$56.90
02/25/2020,$57.12,19384910,$58.04,$58.395,$56.86
02/24/2020,$57.99,18520940,$58.17,$58.69,$57.98
02/21/2020,$58.20,15704330,$57.91,$58.25,$57.80
02/20/2020,$58.09,16748580,$58.09,$58.36,$57.94
02/19/2020,$58.22,13642760,$58.13,$58.58,$57.76
02/18/2020,$57.91,12431580,$58.76,$58.76,$57.81
02/14/2020,$58.51,9138943,$58.70,$58.8124,$58.28
02/13/2020,$58.65,19460060,$58.37,$58.825,$57.95
02/12/2020,$58.23,20937990,$58.58,$58.86,$58.12
02/11/2020,$58.69,22488200,$60.19,$60.35,$58.26
02/10/2020,$60.24,8270243,$59.93,$60.24,$59.77
02/07/2020,$59.94,9418323,$59.66,$60.15,$59.54
02/06/2020,$59.44,10283700,$59.20,$59.67,$59.06
02/05/2020,$59.13,10271860,$58.53,$59.19,$58.42
02/04/2020,$58.29,13924580,$58.07,$58.57,$57.65
02/03/2020,$58.05,15571010,$59.61,$59.68,$58.01
01/31/2020,$59.44,14283610,$59.34,$60.05,$59.11
01/30/2020,$59.36,16719650,$58.70,$59.39,$58.34
01/29/2020,$59.53,13424490,$60.85,$60.92,$59.44
01/28/2020,$60.70,15367470,$59.98,$61.00,$59.87
01/27/2020,$59.91,11482270,$59.84,$60.36,$59.62
01/24/2020,$60.28,10183010,$60.50,$60.66,$60.11
01/23/2020,$60.51,11108980,$60.38,$60.53,$60.00
01/22/2020,$60.48,8847068,$60.45,$60.82,$60.28
01/21/2020,$60.32,12857650,$60.20,$60.47,$60.10
01/17/2020,$60.13,15616140,$59.69,$60.15,$59.64
01/16/2020,$59.67,10689810,$59.38,$59.85,$59.22
01/15/2020,$59.10,10291320,$59.25,$59.42,$58.87
01/14/2020,$59.04,12699380,$59.00,$59.13,$58.76
01/13/2020,$59.15,14160350,$59.02,$59.37,$58.78
01/10/2020,$58.99,11788290,$59.02,$59.30,$58.84
01/09/2020,$58.85,20138470,$58.89,$59.40,$58.80
01/08/2020,$59.71,15929730,$59.67,$60.10,$59.63
01/07/2020,$59.60,14794960,$60.10,$60.175,$59.58
01/06/2020,$60.27,15096550,$60.11,$60.59,$60.08
01/03/2020,$60.40,13263520,$60.59,$60.79,$60.07
01/02/2020,$61.05,11021240,$61.38,$61.45,$60.81
12/31/2019,$61.40,8469384,$61.21,$61.40,$60.94
12/30/2019,$61.21,6765687,$61.65,$61.689,$61.085
12/27/2019,$61.53,8167014,$61.39,$61.62,$61.25
12/26/2019,$61.29,8119017,$61.28,$61.37,$61.11
12/24/2019,$61.28,6640141,$61.46,$61.46,$61.0199
12/23/2019,$61.40,9478096,$62.01,$62.1499,$61.32
12/20/2019,$62.07,42978490,$61.46,$62.22,$61.14
12/19/2019,$60.80,13561200,$60.90,$61.125,$60.685
12/18/2019,$60.86,17294400,$61.51,$61.70,$60.82
12/17/2019,$61.49,13648970,$61.40,$61.705,$61.35
12/16/2019,$61.23,11496360,$60.73,$61.27,$60.71
12/13/2019,$60.81,10586000,$61.12,$61.19,$60.25
12/12/2019,$61.17,8571629,$61.10,$61.63,$61.10
12/11/2019,$61.08,9659014,$61.36,$61.4232,$60.99
12/10/2019,$61.23,8291060,$61.15,$61.23,$60.79
12/09/2019,$61.01,9490329,$60.98,$61.11,$60.87
12/06/2019,$61.19,9297383,$61.00,$61.28,$60.91
12/05/2019,$60.82,9812785,$60.63,$60.92,$60.315
12/04/2019,$60.53,8238341,$60.02,$60.63,$59.85
12/03/2019,$60.14,10577990,$59.99,$60.20,$59.58
12/02/2019,$59.96,9143324,$60.20,$60.23,$59.63
11/29/2019,$60.24,6791427,$60.16,$60.53,$60.16
11/27/2019,$60.10,8796408,$60.01,$60.27,$59.99
11/26/2019,$59.89,11948570,$59.55,$59.91,$59.13
11/25/2019,$59.38,10646820,$59.83,$59.854,$59.215
11/22/2019,$59.75,10741290,$59.66,$60.03,$59.66
11/21/2019,$59.61,8055988,$59.61,$59.69,$59.27
11/20/2019,$59.48,12363280,$59.49,$59.66,$59.09
11/19/2019,$59.50,10493730,$59.43,$59.75,$59.28
11/18/2019,$59.44,10165240,$59.46,$59.46,$59.045
11/15/2019,$59.51,11759000,$59.48,$59.53,$59.06
11/14/2019,$59.34,9531143,$58.93,$59.34,$58.84
11/13/2019,$59.41,10299580,$59.15,$59.52,$58.80
11/12/2019,$59.32,7712812,$59.91,$59.94,$59.14
11/11/2019,$59.61,7754152,$59.30,$59.69,$59.207
11/08/2019,$59.35,17645420,$60.05,$60.16,$58.96
11/07/2019,$60.53,14604420,$60.26,$60.58,$59.955
11/06/2019,$60.13,9287592,$59.70,$60.13,$59.6331
11/05/2019,$59.50,10645430,$59.70,$59.87,$59.35
11/04/2019,$59.87,10133310,$59.68,$60.6088,$59.55
11/01/2019,$60.37,9629052,$61.29,$61.34,$60.16
10/31/2019,$60.47,12226600,$60.80,$60.82,$60.10
10/30/2019,$60.82,12136520,$60.46,$61.07,$60.41
10/29/2019,$60.19,10619890,$60.11,$60.32,$60.07
10/28/2019,$60.18,14621420,$60.45,$60.6565,$60.035
10/25/2019,$60.37,15036380,$60.60,$60.88,$59.21
10/24/2019,$60.58,11215280,$60.88,$61.02,$60.41
10/23/2019,$60.88,10461910,$60.60,$61.32,$60.55
10/22/2019,$60.77,9802244,$61.23,$61.23,$60.51
10/21/2019,$60.75,11441990,$61.01,$61.23,$57.915
10/18/2019,$61.05,12346320,$60.348,$61.30,$60.31
10/17/2019,$60.41,7336510,$60.23,$60.43,$60.16
10/16/2019,$60.29,9330895,$60.14,$60.41,$59.95
10/15/2019,$60.55,11822120,$59.68,$60.69,$59.60
10/14/2019,$59.60,7639672,$59.93,$59.98,$59.56
10/11/2019,$59.93,11354910,$60.00,$60.375,$59.89
10/10/2019,$59.83,12102070,$59.26,$60.015,$59.20
10/09/2019,$59.22,10662960,$59.40,$59.45,$58.93
10/08/2019,$59.72,14327040,$60.12,$60.19,$59.29
10/07/2019,$60.25,13882000,$59.92,$60.59,$59.90
10/04/2019,$59.90,10182450,$58.97,$59.98,$58.96
10/03/2019,$59.01,10144960,$59.00,$59.12,$58.33
10/02/2019,$58.91,12161360,$59.70,$59.72,$58.72
10/01/2019,$59.85,12518950,$60.40,$60.43,$59.81
09/30/2019,$60.36,9835210,$60.49,$60.895,$60.33
09/27/2019,$60.30,7799072,$60.56,$60.70,$60.02
09/26/2019,$60.44,7458621,$60.14,$60.67,$60.07
09/25/2019,$60.27,9720826,$60.58,$60.66,$60.11
09/24/2019,$60.51,13363240,$60.55,$61.00,$60.41
09/23/2019,$60.21,9427872,$60.13,$60.69,$59.93
09/20/2019,$60.29,21409600,$60.27,$60.38,$59.97
09/19/2019,$59.98,7771657,$59.98,$60.395,$59.80
09/18/2019,$59.93,8660008,$59.61,$59.9757,$59.38
09/17/2019,$59.87,8904038,$59.32,$59.90,$59.32
09/16/2019,$59.50,10950530,$59.93,$59.99,$59.19
09/13/2019,$59.96,10719280,$60.08,$60.45,$59.73
09/12/2019,$60.43,9491370,$60.10,$60.55,$59.98
09/11/2019,$60.13,12241520,$59.90,$60.18,$59.52
09/10/2019,$59.71,13987010,$59.25,$59.80,$58.785
09/09/2019,$58.66,12848690,$59.49,$59.52,$58.64
09/06/2019,$59.06,8920240,$58.69,$59.10,$58.47
09/05/2019,$58.59,9235025,$58.58,$58.63,$58.185
09/04/2019,$58.18,9246418,$58.24,$58.548,$57.96
09/03/2019,$58.04,10470260,$57.90,$58.19,$57.59
08/30/2019,$58.16,9962934,$57.99,$58.405,$57.90
08/29/2019,$57.94,8538415,$58.24,$58.31,$57.37
08/28/2019,$57.95,15245580,$57.20,$58.12,$57.11
08/27/2019,$57.18,16954030,$57.50,$57.66,$57.18
08/26/2019,$56.71,9487220,$56.01,$56.73,$55.8185
08/23/2019,$55.92,13203640,$56.79,$56.91,$55.62
08/22/2019,$56.78,9272475,$56.65,$56.96,$56.33
08/21/2019,$56.59,7638295,$56.78,$56.78,$56.11
08/20/2019,$56.27,9892768,$56.90,$57.00,$56.24
08/19/2019,$57.00,11011910,$56.97,$57.50,$56.69
08/16/2019,$56.65,11923470,$56.47,$56.69,$56.065
08/15/2019,$56.30,12123990,$55.53,$56.58,$55.42
08/14/2019,$55.72,15041170,$56.04,$56.52,$55.49
08/13/2019,$56.37,11084930,$55.64,$56.50,$55.52
08/12/2019,$55.69,10635610,$55.85,$55.89,$55.07
08/09/2019,$55.78,8948021,$55.65,$56.06,$55.465
08/08/2019,$55.82,11335860,$55.36,$55.826,$54.99
08/07/2019,$55.09,11865460,$54.75,$55.52,$54.41
08/06/2019,$55.05,18747890,$55.22,$55.55,$54.465
08/05/2019,$55.22,18941510,$55.30,$55.90,$54.93
08/02/2019,$55.59,17458790,$55.11,$56.30,$54.77
08/01/2019,$55.26,18677000,$57.11,$57.29,$55.23
07/31/2019,$55.27,24396170,$56.55,$56.715,$54.92
07/30/2019,$56.63,13329300,$57.31,$57.60,$56.55
07/29/2019,$57.37,10165710,$57.09,$57.435,$56.83
07/26/2019,$57.08,12333120,$56.48,$57.23,$56.00
07/25/2019,$56.36,11006060,$56.17,$56.61,$55.94
07/24/2019,$55.97,11173900,$55.61,$56.2445,$55.42
07/23/2019,$55.48,14093470,$55.45,$55.635,$54.56
07/22/2019,$55.50,15258030,$56.56,$56.58,$55.34
07/19/2019,$56.59,12240350,$57.38,$57.46,$56.57
07/18/2019,$57.21,7551137,$57.22,$57.32,$56.78
07/17/2019,$57.22,7916651,$57.56,$57.6966,$57.09
07/16/2019,$57.41,10556200,$57.63,$57.732,$57.40
07/15/2019,$57.58,11734390,$57.29,$57.80,$57.19
07/12/2019,$57.19,9669824,$57.06,$57.27,$56.85
07/11/2019,$56.92,10045750,$57.22,$57.39,$56.64
07/10/2019,$57.00,10901460,$56.70,$57.11,$56.59
07/09/2019,$56.41,16733670,$56.95,$56.99,$56.26
07/08/2019,$57.89,12048200,$57.96,$58.30,$57.81
07/05/2019,$58.31,6938475,$58.08,$58.513,$57.77
07/03/2019,$58.13,8437771,$58.12,$58.25,$57.66
07/02/2019,$58.13,14986780,$56.88,$58.15,$56.81
07/01/2019,$56.66,15830010,$57.42,$57.42,$56.60
06/28/2019,$57.13,14604020,$57.22,$57.43,$56.83
06/27/2019,$57.25,9123323,$57.16,$57.37,$56.85
06/26/2019,$56.99,15042120,$58.17,$58.22,$56.92
06/25/2019,$58.00,10571660,$58.18,$58.26,$57.91
06/24/2019,$58.27,9141816,$57.98,$58.665,$57.93
06/21/2019,$57.77,22474320,$57.09,$57.92,$57.09
06/20/2019,$57.34,15302830,$57.90,$57.95,$56.93
06/19/2019,$57.63,10516400,$57.39,$57.85,$57.18
06/18/2019,$57.33,12257480,$57.82,$57.995,$57.155
06/17/2019,$57.63,11026990,$58.16,$58.33,$57.24
06/14/2019,$58.28,11826640,$57.68,$58.56,$57.52
06/13/2019,$57.62,9218887,$57.50,$57.74,$57.37
06/12/2019,$57.36,11911000,$57.00,$57.565,$57.00
06/11/2019,$56.83,15378960,$56.50,$57.40,$56.18
06/10/2019,$56.15,14955400,$57.37,$57.37,$55.95
06/07/2019,$57.24,11656620,$58.00,$58.1368,$57.15
06/06/2019,$57.54,9906903,$57.01,$57.815,$57.01
06/05/2019,$57.03,11522940,$56.52,$57.38,$56.50
06/04/2019,$56.22,15201160,$56.60,$56.98,$55.925
06/03/2019,$56.38,19518700,$54.68,$56.49,$54.559
05/31/2019,$54.35,29916640,$55.09,$55.44,$54.26
05/30/2019,$56.83,17484860,$57.62,$57.62,$56.56
05/29/2019,$58.18,13418750,$58.67,$58.9323,$57.91
05/28/2019,$58.73,21860760,$59.21,$59.87,$58.66
05/24/2019,$59.32,8755506,$59.07,$59.36,$58.67
05/23/2019,$58.87,11707080,$59.00,$59.275,$58.54
05/22/2019,$59.25,11487450,$59.09,$59.37,$58.96
05/21/2019,$59.50,14016320,$59.10,$59.63,$58.76
05/20/2019,$59.01,20910590,$59.15,$60.54,$58.00
05/17/2019,$58.09,14436660,$57.06,$58.48,$57.01
05/16/2019,$57.38,11695060,$57.00,$57.80,$56.82
05/15/2019,$56.81,10806380,$56.51,$56.84,$56.17
05/14/2019,$56.55,12776180,$56.76,$57.19,$56.50
05/13/2019,$56.75,13759350,$56.72,$57.34,$56.66
05/10/2019,$56.91,10707340,$56.49,$57.04,$56.26
05/09/2019,$56.48,14835330,$56.12,$56.56,$55.93
05/08/2019,$56.38,12086740,$56.66,$56.70,$56.25
05/07/2019,$56.63,12963830,$56.69,$56.815,$56.33
05/06/2019,$56.91,10066150,$56.83,$57.09,$56.74
05/03/2019,$57.24,9388228,$57.15,$57.36,$56.87
05/02/2019,$56.99,14435440,$56.81,$58.23,$56.68
05/01/2019,$56.52,11627440,$57.23,$57.30,$56.52
04/30/2019,$57.19,15463860,$56.99,$57.45,$56.755
04/29/2019,$56.84,13957610,$56.75,$57.17,$56.71
04/26/2019,$56.58,16089490,$56.06,$56.815,$55.825
04/25/2019,$55.85,17383000,$56.82,$56.90,$55.75
04/24/2019,$57.08,12983810,$57.34,$57.57,$56.73
04/23/2019,$57.15,22511450,$57.62,$57.72,$56.30
04/22/2019,$58.37,11914780,$58.14,$58.49,$57.89
04/18/2019,$58.04,13042170,$57.51,$58.20,$57.28
04/17/2019,$57.78,14650810,$58.40,$58.46,$57.64
04/16/2019,$58.79,10231120,$58.79,$58.975,$58.655
04/15/2019,$58.71,7718557,$58.91,$58.9541,$58.59
04/12/2019,$58.74,10426210,$58.75,$58.79,$58.52
04/11/2019,$58.56,9212881,$58.65,$58.73,$58.195
04/10/2019,$58.61,7975955,$58.40,$58.695,$58.36
04/09/2019,$58.40,10407510,$58.37,$58.56,$58.04
04/08/2019,$59.13,11672960,$59.02,$59.13,$58.715
04/05/2019,$59.09,11486550,$59.02,$59.095,$58.82
04/04/2019,$58.99,8775469,$58.84,$59.10,$58.77
04/03/2019,$58.87,14613900,$58.78,$59.07,$58.41
04/02/2019,$58.53,11356600,$59.22,$59.23,$58.34
04/01/2019,$59.09,15630380,$59.39,$59.41,$58.79
03/29/2019,$59.13,16990050,$59.20,$59.265,$58.32
03/28/2019,$59.08,20086910,$60.88,$60.89,$58.44
03/27/2019,$60.88,13253270,$60.56,$61.1933,$60.4782
03/26/2019,$60.63,12316420,$60.30,$60.685,$60.175
03/25/2019,$60.08,15275450,$59.63,$60.185,$59.53
03/22/2019,$59.76,25120870,$58.16,$60.00,$58.13
03/21/2019,$58.29,10785870,$57.58,$58.49,$57.57
03/20/2019,$57.67,11879370,$57.51,$58.055,$57.11
03/19/2019,$57.50,12698320,$58.10,$58.20,$57.31
03/18/2019,$58.07,11058220,$58.27,$58.32,$57.56
03/15/2019,$58.39,23680810,$58.04,$58.505,$57.9317
03/14/2019,$57.95,11487870,$57.71,$58.085,$57.51
03/13/2019,$57.66,14102070,$57.37,$57.74,$57.34
03/12/2019,$57.43,12812360,$57.63,$58.112,$57.36
03/11/2019,$57.58,13568650,$56.76,$57.615,$56.75
03/08/2019,$56.53,10085190,$56.36,$56.68,$56.00
03/07/2019,$56.30,12103160,$55.76,$56.40,$55.72
03/06/2019,$55.68,12858510,$56.19,$56.42,$55.45
03/05/2019,$56.08,13284260,$56.09,$56.17,$55.51
03/04/2019,$56.24,13627050,$57.15,$57.345,$55.66
03/01/2019,$56.96,10932210,$57.02,$57.15,$56.35
02/28/2019,$56.92,15707800,$56.74,$57.61,$56.72
02/27/2019,$56.72,8961895,$56.55,$56.73,$56.35
02/26/2019,$56.64,11945270,$56.82,$57.09,$56.46
02/25/2019,$56.78,13970920,$57.00,$57.27,$56.55
02/22/2019,$56.92,12534320,$56.43,$57.13,$56.40
02/21/2019,$56.15,14142340,$55.55,$56.715,$55.46
02/20/2019,$55.76,10215300,$55.37,$55.91,$55.24
02/19/2019,$55.44,12272680,$55.06,$55.66,$54.816
02/15/2019,$55.16,15718120,$54.48,$55.19,$54.32
02/14/2019,$54.03,11187970,$54.38,$54.52,$53.945
02/13/2019,$54.48,11566250,$54.35,$54.77,$54.28
02/12/2019,$54.42,10829860,$54.45,$54.77,$54.19
02/11/2019,$54.05,9789166,$54.13,$54.37,$53.86
02/08/2019,$53.95,11483200,$53.36,$53.96,$53.30
02/07/2019,$53.57,12434150,$53.61,$53.725,$53.02
02/06/2019,$53.79,11390030,$54.11,$54.365,$53.68
02/05/2019,$54.14,14124520,$54.10,$54.34,$53.61
02/04/2019,$54.04,15768860,$54.60,$54.69,$53.67
02/01/2019,$54.55,13660930,$55.21,$55.30,$54.47
01/31/2019,$55.06,28584640,$54.05,$55.19,$53.53
01/30/2019,$54.00,27091800,$53.10,$54.02,$52.28
01/29/2019,$53.28,33784090,$53.62,$54.30,$52.97
01/28/2019,$55.07,25949230,$56.12,$56.22,$54.80
01/25/2019,$56.40,17800210,$57.18,$57.47,$56.23
01/24/2019,$57.07,12493030,$57.61,$57.65,$56.50
01/23/2019,$57.76,15108960,$56.98,$57.87,$56.93
01/22/2019,$56.99,18240720,$57.23,$57.39,$56.395
01/18/2019,$57.09,16801410,$56.92,$57.465,$56.84
01/17/2019,$56.83,15202490,$57.16,$57.40,$56.21
01/16/2019,$57.08,13358620,$57.93,$57.93,$57.00
01/15/2019,$58.10,10050170,$57.74,$58.29,$57.58
01/14/2019,$58.03,11339690,$57.83,$58.15,$57.675
01/11/2019,$58.02,15794790,$57.84,$58.255,$57.42
01/10/2019,$57.60,14259050,$57.29,$57.70,$56.87
01/09/2019,$57.05,18135180,$57.68,$57.72,$56.85
01/08/2019,$58.38,21409150,$57.27,$58.69,$57.05
01/07/2019,$56.72,16047100,$56.76,$57.26,$56.55
01/04/2019,$56.36,17022470,$56.49,$56.89,$55.95
01/03/2019,$56.22,19138120,$56.30,$56.9899,$56.06
01/02/2019,$56.02,13909920,$56.16,$56.16,$55.28
12/31/2018,$56.22,14516880,$55.53,$56.23,$55.07
12/28/2018,$55.27,14768100,$55.37,$55.86,$54.90
12/27/2018,$55.15,17369910,$54.31,$55.17,$53.35
12/26/2018,$54.44,17933470,$53.23,$54.47,$52.40
12/24/2018,$53.05,15077210,$54.68,$55.04,$52.94
12/21/2018,$54.92,54451680,$54.84,$56.53,$54.24
12/20/2018,$55.07,26605580,$55.92,$56.01,$54.26
12/19/2018,$55.86,20830550,$55.72,$56.92,$55.5022
12/18/2018,$55.65,16969210,$55.94,$56.69,$55.31
12/17/2018,$55.95,17985560,$57.06,$57.31,$55.53
12/14/2018,$57.08,13703580,$56.95,$57.50,$56.75
12/13/2018,$57.09,14459870,$57.00,$57.50,$56.81
12/12/2018,$57.25,18750600,$57.79,$58.19,$57.23
12/11/2018,$58.85,14903210,$58.77,$59.40,$58.635
12/10/2018,$58.27,16601710,$57.80,$58.37,$56.87
12/07/2018,$57.68,16689960,$57.91,$58.43,$57.34
12/06/2018,$58.08,25662570,$58.18,$58.64,$57.16
12/04/2018,$58.09,21621120,$58.10,$59.40,$57.96
12/03/2018,$58.16,27673510,$59.50,$59.75,$57.69
11/30/2018,$60.30,31142240,$59.57,$60.37,$59.475
11/29/2018,$59.45,14524310,$59.42,$59.79,$59.26
11/28/2018,$60.06,18657090,$60.70,$60.73,$59.64
11/27/2018,$60.65,14098760,$59.21,$60.70,$59.18
11/26/2018,$59.17,12280950,$58.64,$59.51,$58.31
11/23/2018,$58.64,7009050,$58.86,$59.00,$58.29
11/21/2018,$59.16,18481820,$59.26,$59.90,$58.88
11/20/2018,$59.46,22027630,$61.03,$61.58,$59.17
11/19/2018,$60.62,18395860,$60.25,$61.32,$60.18
11/16/2018,$60.21,19026150,$59.06,$60.39,$58.91
11/15/2018,$59.08,17131060,$58.85,$59.09,$58.45
11/14/2018,$58.94,18048360,$59.13,$59.32,$58.41
11/13/2018,$58.66,12884670,$59.09,$59.14,$58.32
11/12/2018,$58.72,13234930,$58.835,$59.40,$58.54
11/09/2018,$58.46,17365450,$58.32,$59.20,$57.935
11/08/2018,$58.27,12470160,$57.695,$58.44,$57.66
11/07/2018,$57.65,13889410,$57.55,$57.78,$57.035
11/06/2018,$57.21,12238960,$57.02,$57.35,$56.65
11/05/2018,$57.21,12338260,$56.51,$57.445,$56.51
11/02/2018,$56.63,14297990,$56.34,$57.08,$55.92
11/01/2018,$56.05,22164900,$56.98,$57.28,$55.55
10/31/2018,$57.09,24192310,$58.32,$58.32,$56.76
10/30/2018,$58.18,24916370,$56.92,$58.80,$56.92
10/29/2018,$56.48,22040910,$55.81,$57.15,$55.72
10/26/2018,$55.51,24964490,$56.26,$56.62,$55.19
10/25/2018,$56.43,24999450,$57.46,$57.63,$56.17
10/24/2018,$57.42,37388770,$57.00,$58.44,$56.415
10/23/2018,$57.21,29262170,$56.09,$57.47,$56.09
10/22/2018,$54.98,21611320,$55.08,$55.27,$54.61
10/19/2018,$54.90,18015440,$54.62,$55.50,$54.52
10/18/2018,$54.65,15457330,$53.86,$54.68,$53.78
10/17/2018,$53.96,13532130,$53.75,$54.375,$53.525
10/16/2018,$53.70,15391350,$53.46,$53.80,$53.26
10/15/2018,$53.60,12868320,$53.88,$54.25,$53.60
10/12/2018,$53.73,18721840,$53.82,$53.89,$52.82
10/11/2018,$53.33,26251080,$54.51,$55.16,$52.84
10/10/2018,$54.33,22017390,$54.99,$55.90,$54.29
10/09/2018,$54.99,16960450,$54.48,$55.14,$54.03
10/08/2018,$55.02,16689240,$55.00,$55.2099,$54.45
10/05/2018,$54.94,14041750,$55.06,$55.435,$54.78
10/04/2018,$55.02,15783750,$54.345,$55.03,$53.96
10/03/2018,$54.29,14930260,$54.74,$54.9375,$54.135
10/02/2018,$54.42,11609350,$53.80,$54.435,$53.60
10/01/2018,$53.84,10481920,$53.61,$53.915,$53.50
09/28/2018,$53.39,12635110,$53.47,$53.56,$53.27
09/27/2018,$53.59,12864420,$53.15,$53.87,$53.15
09/26/2018,$53.14,13260740,$53.29,$53.58,$53.08
09/25/2018,$53.05,13275340,$53.50,$53.66,$52.92
09/24/2018,$53.54,13844740,$54.31,$54.494,$53.525
09/21/2018,$54.42,48313490,$54.23,$54.805,$54.12
09/20/2018,$53.95,14462170,$53.60,$54.15,$53.317
09/19/2018,$53.50,17455390,$54.62,$54.70,$53.37
09/18/2018,$54.39,13795200,$54.39,$54.81,$54.29
09/17/2018,$54.70,10999430,$54.79,$55.0199,$54.43
09/14/2018,$54.55,13271240,$54.91,$54.99,$54.18
09/13/2018,$54.94,12087220,$55.08,$55.08,$54.27
09/12/2018,$54.97,13090800,$54.75,$55.42,$54.56
09/11/2018,$54.72,12204700,$54.29,$54.96,$54.11
09/10/2018,$54.12,10531600,$54.32,$54.68,$53.99
09/07/2018,$54.00,11728330,$54.13,$54.39,$53.88
09/06/2018,$54.29,10479640,$53.94,$54.47,$53.70
09/05/2018,$53.82,15218120,$53.02,$53.97,$52.90
09/04/2018,$53.19,19627510,$53.55,$53.72,$52.84
08/31/2018,$54.37,14166530,$54.51,$54.66,$54.04
08/30/2018,$54.75,9360236,$54.40,$54.80,$54.24
08/29/2018,$54.57,9800378,$54.78,$54.96,$54.50
08/28/2018,$54.65,11864590,$54.82,$54.90,$54.46
08/27/2018,$54.85,9422734,$54.98,$55.06,$54.651
08/24/2018,$54.78,8416288,$54.26,$54.83,$54.22
08/23/2018,$54.28,8165393,$54.16,$54.55,$54.05
08/22/2018,$54.14,13910200,$54.84,$55.01,$53.94
08/21/2018,$54.91,11515520,$54.90,$55.07,$54.47
08/20/2018,$54.65,10687630,$54.93,$55.08,$54.20
08/17/2018,$54.79,19099310,$54.26,$55.21,$54.10
08/16/2018,$54.27,16264910,$53.25,$54.415,$53.2031
08/15/2018,$53.24,16371100,$52.73,$53.37,$52.46
08/14/2018,$52.87,11440760,$52.31,$52.94,$52.31
08/13/2018,$52.22,9815150,$52.74,$52.78,$52.20
08/10/2018,$52.47,7976207,$52.93,$52.93,$52.27
08/09/2018,$53.01,10406360,$52.66,$53.27,$52.66
08/08/2018,$52.70,9456897,$52.55,$52.88,$52.41
08/07/2018,$52.46,6949417,$52.48,$52.725,$52.22
08/06/2018,$52.48,10768210,$52.13,$52.715,$51.76
08/03/2018,$52.27,7768092,$52.00,$52.45,$51.87
08/02/2018,$51.98,12336530,$51.74,$52.01,$51.43
08/01/2018,$51.73,12789270,$52.02,$52.11,$51.45
07/31/2018,$51.64,16761100,$52.60,$52.67,$51.49
07/30/2018,$52.49,16521760,$52.27,$53.00,$52.08
07/27/2018,$52.01,14073660,$51.48,$52.38,$51.48
07/26/2018,$51.18,11161990,$51.13,$51.61,$51.11
07/25/2018,$50.91,15698140,$51.69,$52.05,$50.81
07/24/2018,$51.51,23082930,$51.25,$51.87,$50.05
07/23/2018,$50.75,11591910,$50.69,$50.98,$50.27
07/20/2018,$50.62,12026350,$50.53,$50.99,$50.35
07/19/2018,$50.75,9521686,$51.10,$51.10,$50.60
07/18/2018,$51.14,11728920,$51.41,$51.49,$50.8828
07/17/2018,$51.43,10628690,$51.54,$51.94,$51.42
07/16/2018,$51.59,9633339,$51.36,$51.715,$51.13
07/13/2018,$51.41,11107770,$51.10,$51.45,$50.925
07/12/2018,$51.24,10577800,$51.50,$51.58,$50.96
07/11/2018,$51.34,14009460,$51.22,$51.75,$51.15
07/10/2018,$51.34,9602384,$50.80,$51.42,$50.74
07/09/2018,$50.74,10478440,$51.03,$51.11,$50.6801
07/06/2018,$51.48,10199470,$51.42,$51.66,$51.23
07/05/2018,$51.28,11214050,$50.99,$51.30,$50.52
07/03/2018,$50.70,8441133,$50.46,$51.09,$50.296
07/02/2018,$50.42,13139680,$50.25,$50.44,$49.70
06/29/2018,$50.31,18022950,$50.73,$50.85,$50.08
06/28/2018,$50.86,21603380,$49.43,$51.05,$49.41
06/27/2018,$49.31,14143000,$49.18,$49.73,$49.01
06/26/2018,$49.30,13590040,$49.62,$49.75,$49.0748
06/25/2018,$49.60,19299590,$49.84,$50.04,$49.29
06/22/2018,$49.76,40952100,$48.96,$49.93,$48.84
06/21/2018,$48.63,14819510,$48.87,$49.00,$48.3759
06/20/2018,$48.09,11995440,$48.64,$48.66,$47.81
06/19/2018,$48.50,25032080,$47.67,$48.78,$47.52
06/18/2018,$47.46,15322060,$47.90,$48.00,$47.13
06/15/2018,$48.06,31397640,$47.77,$48.06,$47.62
06/14/2018,$47.82,17567080,$47.76,$47.89,$47.30
06/13/2018,$47.40,30774120,$48.45,$48.55,$47.38
06/12/2018,$48.81,14569130,$49.58,$49.64,$48.66
06/11/2018,$49.30,14134770,$49.49,$49.80,$49.26
06/08/2018,$49.18,15396090,$48.45,$49.20,$48.43
06/07/2018,$49.01,19669820,$47.96,$49.26,$47.85
06/06/2018,$48.41,12922200,$48.16,$48.44,$47.79
06/05/2018,$47.97,10377250,$47.78,$48.19,$47.77
06/04/2018,$47.82,9012351,$48.05,$48.16,$47.73
06/01/2018,$47.81,9949889,$47.89,$48.00,$47.61
05/31/2018,$47.67,27287450,$48.52,$48.53,$47.515
05/30/2018,$48.60,10412030,$48.49,$48.72,$48.24
05/29/2018,$48.20,13033380,$48.30,$48.455,$47.86
05/25/2018,$48.52,7947951,$48.59,$48.65,$48.24
05/24/2018,$48.64,13579630,$48.89,$49.00,$48.47
05/23/2018,$48.59,14017090,$48.74,$48.975,$48.33
05/22/2018,$48.81,18539480,$48.33,$49.305,$48.26
05/21/2018,$48.43,8577033,$47.79,$48.50,$47.74
05/18/2018,$47.74,11371080,$47.84,$47.89,$47.32
05/17/2018,$47.85,8892990,$47.86,$48.0399,$47.66
05/16/2018,$47.86,9774992,$47.79,$48.09,$47.66
05/15/2018,$47.79,12651950,$48.15,$48.285,$47.62
05/14/2018,$48.49,10362550,$48.67,$48.90,$48.28
05/11/2018,$48.62,22867540,$48.07,$49.07,$47.92
05/10/2018,$47.20,15717770,$46.68,$47.29,$46.52
05/09/2018,$46.38,23074520,$47.00,$47.18,$46.085
05/08/2018,$47.02,16714840,$47.54,$47.60,$46.73
05/07/2018,$47.73,12890720,$48.18,$48.32,$47.565
05/04/2018,$48.19,10667680,$47.50,$48.32,$47.49
05/03/2018,$47.84,16112060,$47.72,$47.855,$47.36
05/02/2018,$47.75,17593240,$48.79,$48.86,$47.485
05/01/2018,$48.82,16099890,$49.49,$49.65,$48.24
04/30/2018,$49.35,28735040,$51.40,$51.65,$49.34
04/27/2018,$51.57,25976520,$50.25,$51.69,$50.16
04/26/2018,$49.76,13914970,$49.60,$50.04,$49.44
04/25/2018,$50.10,18971950,$50.06,$50.16,$49.24
04/24/2018,$49.67,20918200,$49.92,$50.39,$49.14
04/23/2018,$48.66,14169700,$48.20,$48.72,$47.97
04/20/2018,$47.90,18212160,$48.31,$48.62,$47.21
04/19/2018,$48.43,11083900,$48.60,$48.96,$48.38
04/18/2018,$48.62,8346982,$49.00,$49.06,$48.57
04/17/2018,$48.85,11575390,$48.59,$49.035,$48.31
04/16/2018,$48.39,8885164,$47.95,$48.46,$47.86
04/13/2018,$47.66,7300555,$47.91,$47.98,$47.51
04/12/2018,$47.74,8813895,$47.87,$48.14,$47.44
04/11/2018,$47.58,11694320,$47.93,$47.99,$47.48
04/10/2018,$48.27,24400400,$47.20,$48.97,$46.985
04/09/2018,$46.92,12472160,$47.03,$47.50,$46.8032
04/06/2018,$47.48,16021580,$48.10,$48.28,$47.27
04/05/2018,$48.24,10148870,$47.98,$48.345,$47.6762
04/04/2018,$47.93,11573880,$47.16,$47.99,$46.90
04/03/2018,$47.50,14839670,$47.22,$47.53,$46.71
04/02/2018,$47.16,16462110,$47.62,$47.9399,$46.72
03/29/2018,$47.82,17228650,$48.20,$48.73,$47.57
03/28/2018,$48.00,17714470,$47.89,$48.56,$47.83
03/27/2018,$47.31,14468020,$47.10,$47.9024,$46.84
03/26/2018,$47.07,15411030,$46.78,$47.17,$46.585
03/23/2018,$46.29,15953350,$47.06,$47.455,$46.20
03/22/2018,$46.88,14232360,$47.10,$47.5199,$46.77
03/21/2018,$47.28,11055770,$47.69,$47.96,$47.27
03/20/2018,$47.69,10763700,$48.40,$48.59,$47.58
03/19/2018,$48.31,12801960,$48.53,$48.61,$48.12
03/16/2018,$48.56,26835080,$48.41,$48.775,$48.215
03/15/2018,$48.29,9535481,$48.53,$48.765,$48.14
03/14/2018,$48.45,11921160,$48.93,$49.10,$48.355
03/13/2018,$48.65,12839630,$49.00,$49.26,$48.50
03/12/2018,$48.80,12429010,$49.03,$49.26,$48.67
03/09/2018,$49.01,14926310,$49.20,$49.23,$48.35
03/08/2018,$49.01,17638310,$48.89,$49.03,$48.32
03/07/2018,$48.84,16736400,$48.54,$49.21,$48.46
03/06/2018,$48.89,13488860,$48.75,$48.89,$48.30
03/05/2018,$48.71,15218000,$48.15,$48.94,$48.02
03/02/2018,$48.26,17203680,$47.83,$48.325,$47.76
03/01/2018,$47.96,28948540,$47.69,$48.60,$47.51
02/28/2018,$47.74,21384610,$48.76,$48.96,$47.72
02/27/2018,$48.04,23200090,$49.02,$49.17,$48.04
02/26/2018,$49.09,20850590,$48.72,$49.15,$48.45
02/23/2018,$48.29,26305790,$48.09,$48.30,$47.535
02/22/2018,$47.87,19994380,$48.25,$48.70,$47.78
02/21/2018,$47.96,20861830,$48.80,$48.86,$47.94
02/20/2018,$48.92,21047620,$49.84,$49.89,$48.76
02/16/2018,$50.15,12166510,$49.69,$50.455,$49.69
02/15/2018,$49.74,18884200,$49.55,$49.78,$48.95
02/14/2018,$49.51,17556930,$49.76,$50.10,$49.32
02/13/2018,$50.08,11857640,$49.91,$50.26,$49.17
02/12/2018,$50.11,16889090,$50.22,$50.66,$49.58
02/09/2018,$49.88,27671500,$49.60,$50.30,$48.37
02/08/2018,$49.04,23275800,$50.89,$51.08,$49.00
02/07/2018,$51.01,16062200,$50.63,$51.93,$50.50
02/06/2018,$50.83,34501440,$49.44,$51.00,$49.07
02/05/2018,$50.50,22014900,$52.52,$53.19,$50.50
02/02/2018,$52.98,14347350,$54.27,$54.27,$52.90
02/01/2018,$54.30,18640330,$54.49,$54.75,$54.01
01/31/2018,$54.07,17825460,$53.99,$54.4199,$53.53
01/30/2018,$53.90,15366320,$54.30,$54.50,$53.79
01/29/2018,$54.13,17032720,$53.58,$54.58,$53.40
01/26/2018,$54.72,13062700,$54.49,$54.75,$54.34
01/25/2018,$54.29,18604760,$54.28,$54.77,$54.01
01/24/2018,$54.22,20181540,$53.82,$54.44,$53.50
01/23/2018,$53.23,32854380,$54.60,$54.60,$52.81
01/22/2018,$53.46,27620400,$52.05,$53.49,$52.01
01/19/2018,$51.91,23455040,$51.74,$51.92,$51.155
01/18/2018,$51.55,29288320,$51.90,$53.30,$51.385
01/17/2018,$51.72,11426940,$51.81,$51.90,$51.21
01/16/2018,$51.66,14553120,$51.68,$52.02,$51.42
01/12/2018,$51.86,17667050,$51.94,$52.24,$51.7801
01/11/2018,$52.11,15555620,$51.89,$52.175,$51.64
01/10/2018,$51.69,12590920,$51.39,$51.73,$51.15
01/09/2018,$51.61,14671200,$52.12,$52.435,$51.55
01/08/2018,$52.39,16198260,$52.56,$52.75,$52.04
01/05/2018,$52.48,13347900,$52.80,$52.88,$52.35
01/04/2018,$52.60,12061520,$52.37,$52.89,$51.83
01/03/2018,$52.43,16655990,$53.30,$53.34,$52.18
01/02/2018,$53.53,16043480,$53.16,$53.57,$52.80
12/29/2017,$52.93,9992727,$53.37,$53.46,$52.93
12/28/2017,$53.43,6714109,$53.41,$53.55,$53.16
12/27/2017,$53.28,8360885,$53.41,$53.50,$53.09
12/26/2017,$53.22,6595317,$53.13,$53.69,$53.13
12/22/2017,$53.19,13657010,$53.11,$53.63,$53.06
12/21/2017,$53.01,12777690,$52.81,$53.60,$52.605
12/20/2017,$52.77,11642330,$53.11,$53.35,$52.68
12/19/2017,$52.83,13972930,$53.27,$53.59,$52.695
12/18/2017,$53.25,15874180,$52.94,$53.39,$52.66
12/15/2017,$52.67,28920190,$52.57,$52.89,$52.39
12/14/2017,$52.34,18772400,$52.60,$52.74,$52.085
12/13/2017,$52.89,17119680,$52.99,$53.19,$52.28
12/12/2017,$53.19,22892440,$52.35,$53.34,$52.33
12/11/2017,$51.84,13542290,$51.22,$51.93,$50.97
12/08/2017,$51.09,13638740,$50.50,$51.175,$50.36
12/07/2017,$50.42,11982680,$50.59,$50.74,$50.20
12/06/2017,$50.68,17049430,$50.65,$50.8399,$50.24
12/05/2017,$50.92,17572150,$51.75,$51.89,$50.78
12/04/2017,$51.72,19368530,$51.52,$52.33,$51.50
12/01/2017,$51.25,23796210,$50.90,$51.545,$50.33
11/30/2017,$50.89,33259800,$50.00,$51.0944,$49.99
11/29/2017,$49.90,30990610,$48.84,$50.49,$48.84
11/28/2017,$48.82,20980500,$47.70,$48.84,$47.53
11/27/2017,$47.66,17265460,$47.37,$47.90,$47.35
11/24/2017,$47.01,5097203,$47.06,$47.18,$46.845
11/22/2017,$47.10,15823420,$46.25,$47.42,$46.24
11/21/2017,$46.18,13565360,$46.34,$46.4468,$46.01
11/20/2017,$46.20,18216610,$45.80,$46.35,$45.50
11/17/2017,$45.42,18932280,$44.63,$45.77,$44.62
11/16/2017,$44.77,13224140,$44.21,$44.88,$44.11
11/15/2017,$44.11,15665510,$44.33,$44.38,$43.965
11/14/2017,$44.22,20820860,$44.69,$44.85,$44.15
11/13/2017,$44.75,16663950,$44.92,$45.08,$44.70
11/10/2017,$44.88,17065160,$45.11,$45.11,$44.75
11/09/2017,$45.07,21075690,$45.29,$45.43,$44.81
11/08/2017,$45.46,17412950,$45.41,$45.52,$45.14
11/07/2017,$45.57,25788200,$45.21,$45.5878,$44.68
11/06/2017,$45.53,36432620,$46.31,$46.35,$44.84
11/03/2017,$47.42,8037692,$47.66,$47.74,$47.235
11/02/2017,$47.46,13120120,$47.88,$47.94,$47.18
11/01/2017,$47.83,11035550,$48.15,$48.17,$47.56
10/31/2017,$47.87,15612710,$47.94,$48.18,$47.71
10/30/2017,$47.83,24578560,$48.88,$49.12,$47.42
10/27/2017,$48.87,12410010,$48.72,$49.3875,$48.53
10/26/2017,$48.89,14412210,$48.86,$49.43,$48.75
10/25/2017,$48.64,19255590,$48.68,$48.79,$48.15
10/24/2017,$48.94,11442260,$49.16,$49.28,$48.72
10/23/2017,$48.99,15659270,$49.47,$49.69,$48.91
10/20/2017,$49.53,16258090,$49.45,$49.59,$48.93
10/19/2017,$49.21,28847050,$50.05,$51.18,$49.05
10/18/2017,$48.65,20387640,$48.33,$48.85,$47.76
10/17/2017,$48.40,13618250,$48.09,$48.49,$47.87
10/16/2017,$48.09,10394330,$47.90,$48.35,$47.70
10/13/2017,$47.86,20102190,$48.34,$48.48,$47.83
10/12/2017,$48.35,17043180,$48.44,$48.85,$48.13
10/11/2017,$48.86,10323520,$49.14,$49.32,$48.51
10/10/2017,$49.14,10842580,$49.28,$49.49,$49.055
10/09/2017,$49.05,10702940,$48.89,$49.09,$48.65
10/06/2017,$48.81,13189270,$49.04,$49.20,$48.6555
10/05/2017,$49.77,12230610,$49.96,$50.0345,$49.675
10/04/2017,$49.90,9856452,$49.64,$50.08,$49.38
10/03/2017,$49.85,10203550,$49.45,$50.02,$49.43
10/02/2017,$49.36,9364726,$49.39,$49.70,$49.25
09/29/2017,$49.49,12701180,$49.30,$49.83,$49.01
09/28/2017,$49.41,8227549,$49.24,$49.565,$49.1401
09/27/2017,$49.51,13912020,$49.19,$49.725,$49.12
09/26/2017,$49.51,10733930,$49.96,$50.08,$49.40
09/25/2017,$49.90,13544840,$49.87,$50.315,$49.745
09/22/2017,$49.90,20618440,$49.19,$50.08,$49.02
09/21/2017,$48.94,14278290,$49.37,$49.44,$48.844
09/20/2017,$49.48,18738320,$49.30,$49.64,$49.08
09/19/2017,$49.34,30778420,$48.09,$49.55,$48.01
09/18/2017,$48.09,18771340,$47.91,$48.245,$47.51
09/15/2017,$47.86,24069010,$47.42,$47.90,$47.055
09/14/2017,$47.18,11798130,$47.24,$47.59,$47.01
09/13/2017,$47.25,12753210,$46.78,$47.26,$46.68
09/12/2017,$46.79,11178790,$46.50,$46.95,$46.38
09/11/2017,$46.30,11072910,$46.23,$46.34,$46.12
09/08/2017,$46.11,14141890,$46.18,$46.39,$45.71
09/07/2017,$46.20,16589360,$47.00,$47.21,$46.07
09/06/2017,$46.91,13240720,$47.47,$47.56,$46.615
09/05/2017,$47.36,9982347,$47.78,$47.92,$47.30
09/01/2017,$47.92,11447650,$48.02,$48.07,$47.77
08/31/2017,$47.97,14227910,$48.26,$48.399,$47.93
08/30/2017,$48.12,10738750,$48.33,$48.37,$48.00
08/29/2017,$48.51,6043840,$48.36,$48.755,$48.33
08/28/2017,$48.61,6314732,$48.65,$48.75,$48.31
08/25/2017,$48.68,9825820,$48.48,$48.98,$48.43
08/24/2017,$48.31,8898161,$48.35,$48.555,$48.18
08/23/2017,$48.28,8909187,$48.26,$48.67,$48.1901
08/22/2017,$48.35,10995690,$48.13,$48.44,$47.78
08/21/2017,$48.14,10550530,$47.83,$48.50,$47.685
08/18/2017,$47.69,16918990,$47.85,$47.95,$47.51
08/17/2017,$47.89,10346030,$48.37,$48.45,$47.89
08/16/2017,$48.41,9447047,$48.37,$48.53,$48.22
08/15/2017,$48.48,11153960,$48.56,$48.59,$48.19
08/14/2017,$48.78,11055750,$48.17,$48.80,$48.15
08/11/2017,$48.06,10419550,$48.20,$48.23,$47.70
08/10/2017,$48.02,12749980,$48.18,$48.21,$47.855
08/09/2017,$48.22,18886290,$48.52,$48.64,$48.08
08/08/2017,$48.60,10841240,$48.75,$48.95,$48.43
08/07/2017,$48.86,10440970,$48.79,$48.96,$48.68
08/04/2017,$48.91,13820670,$48.55,$48.91,$48.14
08/03/2017,$48.61,15188270,$48.09,$48.61,$47.94
08/02/2017,$48.21,19218910,$48.90,$48.93,$47.90
08/01/2017,$48.89,33484410,$48.68,$49.63,$48.53
07/31/2017,$48.40,28413560,$47.85,$48.57,$47.48
07/28/2017,$47.94,25295420,$47.70,$48.38,$47.12
07/27/2017,$47.81,44692810,$46.26,$47.84,$45.95
07/26/2017,$44.40,19034930,$44.80,$44.83,$44.2774
07/25/2017,$43.98,9816146,$43.90,$44.17,$43.81
07/24/2017,$43.71,11714880,$44.15,$44.21,$43.68
07/21/2017,$44.23,11425810,$44.23,$44.31,$43.82
07/20/2017,$44.22,19272890,$43.50,$44.58,$43.48
07/19/2017,$43.45,13703160,$43.35,$43.54,$43.20
07/18/2017,$43.36,15398200,$43.66,$43.79,$43.26
07/17/2017,$43.66,10804590,$43.63,$43.859,$43.56
07/14/2017,$43.56,11941620,$43.63,$43.82,$43.41
07/13/2017,$43.49,12138930,$43.15,$43.54,$43.0387
07/12/2017,$43.22,11387040,$43.04,$43.38,$43.00
07/11/2017,$42.89,13239030,$43.21,$43.22,$42.80
07/10/2017,$43.20,12115400,$43.48,$43.51,$43.18
07/07/2017,$43.48,11834270,$43.53,$43.595,$43.205
07/06/2017,$43.52,16849540,$43.97,$44.09,$43.52
07/05/2017,$44.65,14850250,$45.05,$45.06,$44.44
07/03/2017,$45.00,9732120,$44.61,$45.08,$44.51
06/30/2017,$44.66,13366130,$44.62,$44.75,$44.36
06/29/2017,$44.41,17909360,$44.80,$44.90,$44.39
06/28/2017,$44.84,18696880,$44.98,$45.23,$44.68
06/27/2017,$44.84,20184230,$44.97,$45.145,$44.81
06/26/2017,$45.75,10103030,$45.45,$45.98,$45.45
06/23/2017,$45.39,10068880,$45.43,$45.46,$45.30
06/22/2017,$45.42,10510110,$45.47,$45.59,$45.18
06/21/2017,$45.41,15022330,$45.95,$46.02,$45.09
06/20/2017,$45.94,16755450,$46.40,$46.405,$45.735
06/19/2017,$46.57,9674179,$46.63,$46.63,$46.29
06/16/2017,$46.63,22558390,$46.86,$47.00,$46.33
06/15/2017,$46.64,10983950,$46.58,$46.83,$46.495
06/14/2017,$46.69,9808267,$46.63,$46.78,$46.41
06/13/2017,$46.46,15191000,$47.30,$47.31,$46.40
06/12/2017,$47.19,18927100,$46.80,$47.50,$46.79
06/09/2017,$46.72,11698510,$46.17,$46.78,$46.01
06/08/2017,$46.19,11653590,$46.50,$46.56,$46.00
06/07/2017,$46.50,8648364,$46.52,$46.70,$46.3639
06/06/2017,$46.44,11603440,$46.37,$46.81,$46.24
06/05/2017,$46.37,8537710,$46.17,$46.42,$46.02
06/02/2017,$46.44,18552610,$46.63,$47.19,$46.32
06/01/2017,$46.51,14204990,$46.71,$46.71,$46.10
05/31/2017,$46.64,22867120,$46.43,$46.945,$46.255
05/30/2017,$46.20,16439840,$45.26,$46.33,$45.26
05/26/2017,$45.32,5999357,$45.25,$45.4366,$45.24
05/25/2017,$45.31,11195450,$45.05,$45.38,$45.01
05/24/2017,$45.04,15940690,$45.45,$45.49,$44.85
05/23/2017,$45.48,8065907,$45.48,$45.58,$45.40
05/22/2017,$45.48,9280975,$45.39,$45.555,$45.28
05/19/2017,$45.42,12786160,$45.16,$45.44,$44.76
05/18/2017,$45.04,15647630,$44.50,$45.285,$44.47
05/17/2017,$44.48,21330180,$44.95,$44.98,$44.46
05/16/2017,$45.31,14801550,$45.34,$45.65,$45.25
05/15/2017,$45.38,20241370,$45.91,$45.94,$45.25
05/12/2017,$45.84,14468120,$46.12,$46.16,$45.805
05/11/2017,$46.02,12433840,$46.31,$46.37,$45.975
05/10/2017,$46.38,12667630,$46.40,$46.63,$46.31
05/09/2017,$46.42,14345760,$46.52,$46.59,$46.16
05/08/2017,$46.63,15560620,$46.72,$46.74,$46.29
05/05/2017,$46.69,17132330,$46.08,$46.73,$46.00
05/04/2017,$45.88,20767060,$46.18,$46.18,$45.76
05/03/2017,$46.15,19566240,$46.02,$46.25,$45.83
05/02/2017,$45.91,12476050,$46.00,$46.10,$45.76
05/01/2017,$45.88,14452880,$46.06,$46.15,$45.88
04/28/2017,$45.91,25917630,$46.64,$46.64,$45.89
04/27/2017,$46.67,16832790,$47.36,$47.39,$46.66
04/26/2017,$47.36,29343350,$46.75,$47.53,$46.62
04/25/2017,$46.70,30024740,$46.96,$47.27,$46.58
04/24/2017,$47.05,23145300,$47.13,$47.36,$46.96
04/21/2017,$47.25,31274180,$47.92,$48.17,$47.13
04/20/2017,$48.41,30396610,$47.92,$48.62,$47.71
04/19/2017,$48.94,18827590,$49.44,$49.55,$48.89
04/18/2017,$49.22,19664340,$48.62,$49.49,$48.54
04/17/2017,$48.81,10507640,$48.68,$49.10,$48.68
04/13/2017,$48.62,9474948,$48.80,$48.92,$48.57
04/12/2017,$48.92,10455730,$48.53,$48.94,$48.34
04/11/2017,$48.70,13094020,$48.51,$48.75,$48.295
04/10/2017,$48.54,10858110,$48.72,$48.88,$48.45
04/07/2017,$48.66,17268940,$48.48,$48.92,$48.26
04/06/2017,$48.43,18454510,$48.52,$48.60,$48.17
04/05/2017,$49.02,14298850,$49.43,$49.55,$49.01
04/04/2017,$49.31,8952466,$49.10,$49.32,$48.88
04/03/2017,$49.18,14307070,$48.73,$49.25,$48.59
03/31/2017,$48.75,19294060,$49.10,$49.10,$48.75
03/30/2017,$49.06,11613320,$49.00,$49.24,$48.90
03/29/2017,$49.13,11160170,$49.28,$49.37,$49.03
03/28/2017,$49.30,12845080,$49.01,$49.345,$48.67
03/27/2017,$49.14,13269370,$49.68,$49.76,$48.92
03/24/2017,$49.68,9310001,$49.70,$49.83,$49.50
03/23/2017,$49.64,9643514,$49.75,$49.88,$49.42
03/22/2017,$49.71,14939870,$50.13,$50.275,$49.405
03/21/2017,$50.16,15196870,$50.48,$50.63,$50.12
03/20/2017,$50.24,9455972,$50.42,$50.61,$50.14
03/17/2017,$50.39,21069050,$50.19,$50.425,$50.02
03/16/2017,$50.04,10851410,$50.02,$50.25,$49.85
03/15/2017,$50.14,12658670,$49.26,$50.25,$49.26
03/14/2017,$49.36,8496217,$49.44,$49.625,$49.25
03/13/2017,$49.47,10042500,$49.33,$49.53,$49.13
03/10/2017,$49.35,11170640,$49.50,$49.52,$49.10
03/09/2017,$49.28,10587450,$49.22,$49.4499,$49.075
03/08/2017,$49.16,14197920,$49.30,$49.33,$48.90
03/07/2017,$49.44,12894770,$50.00,$50.06,$49.36
03/06/2017,$50.03,10816410,$50.03,$50.145,$49.84
03/03/2017,$50.09,11074700,$50.05,$50.14,$49.80
03/02/2017,$49.98,10760970,$49.69,$50.02,$49.60
03/01/2017,$49.81,16094690,$49.56,$49.98,$49.37
02/28/2017,$49.63,17693870,$49.96,$50.03,$49.41
02/27/2017,$49.94,14028190,$50.49,$50.55,$49.80
02/24/2017,$50.60,14355810,$50.28,$50.945,$50.28
02/23/2017,$50.31,16207520,$49.98,$50.50,$49.67
02/22/2017,$49.67,13652050,$49.50,$49.70,$49.48
02/21/2017,$49.43,19202200,$49.51,$49.69,$49.23
02/17/2017,$49.19,23188180,$48.31,$49.30,$48.13
02/16/2017,$48.46,18704970,$48.03,$48.52,$47.89
02/15/2017,$48.08,19294590,$48.00,$48.10,$47.80
02/14/2017,$48.27,20842630,$48.31,$48.47,$47.99
02/13/2017,$48.55,18301740,$48.27,$48.615,$48.08
02/10/2017,$48.98,11337410,$48.94,$49.12,$48.69
02/09/2017,$48.81,13575070,$48.52,$48.96,$48.41
02/08/2017,$48.37,13960890,$48.15,$48.57,$48.10
02/07/2017,$48.04,12760970,$48.13,$48.16,$47.80
02/06/2017,$48.03,16148280,$48.67,$48.67,$47.94
02/03/2017,$48.58,15157850,$48.45,$48.62,$48.33
02/02/2017,$48.28,17775940,$48.54,$48.59,$47.90
02/01/2017,$48.39,25991710,$49.34,$49.37,$48.25
01/31/2017,$49.01,16842400,$49.21,$49.47,$48.93
01/30/2017,$49.37,12147380,$49.49,$49.84,$49.18
01/27/2017,$49.60,18359500,$49.35,$49.73,$49.27
01/26/2017,$49.12,37870440,$48.75,$49.47,$48.51
01/25/2017,$49.77,30383200,$49.50,$49.94,$48.84
01/24/2017,$50.12,43470510,$50.255,$50.79,$49.79
01/23/2017,$52.41,15687010,$52.46,$52.70,$52.18
01/20/2017,$52.72,15467800,$52.60,$53.20,$52.56
01/19/2017,$52.36,13278240,$52.55,$52.64,$52.18
01/18/2017,$52.25,12930680,$52.52,$52.835,$52.21
01/17/2017,$52.74,11381000,$52.55,$52.89,$52.50
01/13/2017,$52.55,9458281,$52.72,$52.90,$52.41
01/12/2017,$52.68,11045360,$52.43,$52.89,$52.265
01/11/2017,$52.46,16133490,$52.62,$52.75,$52.235
01/10/2017,$52.76,11781030,$52.69,$53.16,$52.02
01/09/2017,$52.68,14095740,$53.22,$53.265,$52.67
01/06/2017,$53.26,15608110,$53.67,$53.78,$53.095
01/05/2017,$54.64,13838300,$54.78,$54.83,$54.30
01/04/2017,$54.52,18315590,$54.55,$54.81,$54.33
01/03/2017,$54.58,22888740,$53.96,$54.67,$53.73
12/30/2016,$53.38,12440210,$53.55,$53.64,$53.17
12/29/2016,$53.74,7150706,$53.59,$53.90,$53.51
12/28/2016,$53.44,6689948,$53.63,$53.83,$53.37
12/27/2016,$53.64,6246536,$53.69,$53.83,$53.44
12/23/2016,$53.68,7201173,$53.65,$53.75,$53.44
12/22/2016,$53.65,11079090,$52.85,$53.74,$52.72
12/21/2016,$52.97,9640995,$53.09,$53.43,$52.97
12/20/2016,$53.12,10366730,$52.93,$53.46,$52.93
12/19/2016,$52.91,13406140,$52.48,$53.13,$52.09
12/16/2016,$52.27,21262270,$52.06,$52.28,$51.86
12/15/2016,$51.81,13963500,$51.37,$52.125,$51.245
12/14/2016,$51.63,19918660,$52.46,$52.66,$51.405
12/13/2016,$52.36,11913100,$52.08,$52.37,$52.06
12/12/2016,$51.76,16182280,$51.54,$52.43,$51.475
12/09/2016,$51.49,10100600,$51.09,$51.63,$50.915
12/08/2016,$51.13,11495250,$51.23,$51.28,$50.98
12/07/2016,$51.38,16270710,$50.72,$51.43,$50.44
12/06/2016,$50.36,13580400,$50.15,$50.62,$49.76
12/05/2016,$49.75,13074710,$49.74,$50.08,$49.735
12/02/2016,$49.81,10650400,$50.00,$50.32,$49.60
12/01/2016,$49.87,12974930,$49.80,$49.99,$49.31
11/30/2016,$49.90,20685220,$50.55,$50.73,$49.90
11/29/2016,$50.96,11532550,$51.03,$51.15,$50.77
11/28/2016,$51.12,15926270,$50.47,$51.20,$50.45
11/25/2016,$50.67,8087235,$50.22,$50.80,$50.17
11/23/2016,$50.23,21469420,$49.30,$50.65,$49.29
11/22/2016,$49.49,22020630,$48.56,$49.61,$48.37
11/21/2016,$48.31,10772820,$48.06,$48.36,$47.92
11/18/2016,$48.07,12810840,$47.85,$48.20,$47.565
11/17/2016,$47.84,12428310,$47.95,$48.17,$47.81
11/16/2016,$47.93,17317870,$47.49,$47.98,$47.32
11/15/2016,$47.37,18645860,$46.51,$47.37,$46.38
11/14/2016,$46.18,21807440,$46.71,$46.85,$46.01
11/11/2016,$46.69,16412420,$46.70,$46.90,$46.51
11/10/2016,$46.69,24295130,$47.86,$47.88,$46.36
11/09/2016,$47.86,20866670,$47.01,$48.08,$46.47
11/08/2016,$47.65,9466987,$47.56,$47.85,$47.465
11/07/2016,$47.46,14687600,$47.39,$47.47,$46.94
11/04/2016,$47.08,14409690,$46.97,$47.28,$46.89
11/03/2016,$46.87,12603020,$46.98,$47.27,$46.79
11/02/2016,$46.94,16476860,$47.75,$47.75,$46.86
11/01/2016,$47.66,13228740,$48.32,$48.38,$47.53
10/31/2016,$48.10,12459090,$48.24,$48.30,$48.05
10/28/2016,$48.21,10658560,$48.56,$48.772,$48.10
10/27/2016,$48.54,22323890,$47.74,$48.705,$47.63
10/26/2016,$47.63,15047790,$47.74,$48.05,$47.58
10/25/2016,$47.84,16434180,$48.20,$48.29,$47.785
10/24/2016,$48.21,19413050,$48.71,$48.93,$48.13
10/21/2016,$48.20,24770780,$48.79,$48.92,$47.95
10/20/2016,$49.14,27074730,$49.54,$49.57,$48.90
10/19/2016,$50.38,10344810,$50.45,$50.63,$50.3471
10/18/2016,$50.27,10863910,$50.61,$50.61,$50.05
10/17/2016,$50.43,10721450,$50.21,$50.59,$50.05
10/14/2016,$50.28,8850987,$50.34,$50.61,$50.27
10/13/2016,$50.29,11156760,$50.23,$50.41,$49.82
10/12/2016,$50.30,8880061,$49.96,$50.48,$49.94
10/11/2016,$49.90,11737190,$50.10,$50.21,$49.65
10/10/2016,$50.19,10672610,$50.23,$50.30,$49.63
10/07/2016,$49.92,13802990,$50.46,$50.54,$49.92
10/06/2016,$50.26,11722200,$50.32,$50.52,$49.97
10/05/2016,$50.27,17184680,$50.69,$50.82,$50.03
10/04/2016,$51.26,13734420,$51.77,$51.94,$51.00
10/03/2016,$51.88,9107589,$51.84,$52.14,$51.60
09/30/2016,$51.98,13076940,$52.43,$52.57,$51.96
09/29/2016,$52.12,10790620,$51.84,$52.41,$51.77
09/28/2016,$52.06,13278590,$52.31,$52.439,$51.81
09/27/2016,$52.49,8247062,$52.31,$52.66,$52.00
09/26/2016,$52.15,10558020,$52.45,$52.56,$52.015
09/23/2016,$52.56,13014590,$52.30,$52.82,$52.15
09/22/2016,$52.35,12738030,$52.15,$52.49,$52.00
09/21/2016,$51.87,14420300,$51.37,$52.01,$51.25
09/20/2016,$51.27,13999470,$51.60,$51.80,$51.13
09/19/2016,$51.20,14574670,$51.89,$51.96,$51.02
09/16/2016,$51.88,19931150,$51.89,$51.97,$51.62
09/15/2016,$51.98,13046800,$51.49,$52.10,$51.115
09/14/2016,$51.49,11941430,$51.59,$51.86,$51.30
09/13/2016,$51.45,17596610,$52.05,$52.12,$51.15
09/12/2016,$52.57,15665770,$51.75,$52.835,$51.71
09/09/2016,$51.82,18236210,$53.13,$53.24,$51.77
09/08/2016,$53.60,9003588,$53.60,$53.88,$53.43
09/07/2016,$53.71,10608240,$53.50,$53.79,$53.28
09/06/2016,$53.51,17195140,$53.09,$53.84,$52.825
09/02/2016,$52.88,13223490,$52.80,$53.14,$52.52
09/01/2016,$52.56,9988521,$52.14,$52.71,$52.04
08/31/2016,$52.33,10390020,$52.22,$52.46,$52.08
08/30/2016,$52.27,9103710,$52.58,$52.59,$52.03
08/29/2016,$52.50,11960050,$52.36,$52.69,$52.16
08/26/2016,$52.07,15083440,$52.64,$53.005,$51.90
08/25/2016,$52.75,8673092,$52.53,$52.79,$52.326
08/24/2016,$52.53,8900512,$52.55,$52.72,$52.17
08/23/2016,$52.63,7775011,$52.655,$52.82,$52.46
08/22/2016,$52.55,8177601,$52.58,$52.69,$52.17
08/19/2016,$52.45,11990660,$52.89,$52.91,$52.16
08/18/2016,$52.87,11195180,$52.95,$53.06,$52.52
08/17/2016,$53.17,12915290,$52.90,$53.17,$52.38
08/16/2016,$52.76,13921940,$53.50,$53.51,$52.73
08/15/2016,$53.61,8250664,$53.66,$53.85,$53.53
08/12/2016,$53.65,7654804,$53.96,$53.98,$53.52
08/11/2016,$53.86,7824813,$53.81,$53.99,$53.74
08/10/2016,$53.81,8853436,$53.82,$53.98,$53.59
08/09/2016,$53.66,7906231,$53.60,$53.78,$53.33
08/08/2016,$53.59,9829621,$53.64,$53.74,$53.40
08/05/2016,$53.64,13459530,$53.94,$53.99,$53.33
08/04/2016,$53.93,11253670,$54.00,$54.14,$53.826
08/03/2016,$53.90,10421760,$54.16,$54.20,$53.63
08/02/2016,$54.00,18413100,$54.45,$54.59,$53.72
08/01/2016,$54.50,17433790,$55.58,$55.8195,$54.37
07/29/2016,$55.41,15508930,$54.99,$55.72,$54.97
07/28/2016,$54.86,10665580,$55.20,$55.21,$54.64
07/27/2016,$55.32,17066110,$54.95,$55.44,$54.44
07/26/2016,$54.81,18751910,$55.85,$56.25,$54.69
07/25/2016,$55.87,10838040,$56.10,$56.10,$55.635
07/22/2016,$56.10,10972700,$55.44,$56.20,$55.39
07/21/2016,$55.37,9953563,$55.53,$55.67,$55.24
07/20/2016,$55.62,12008460,$55.58,$55.665,$55.31
07/19/2016,$55.70,10270030,$55.96,$56.00,$55.5503
07/18/2016,$55.93,9622451,$55.87,$56.00,$55.76
07/15/2016,$55.84,13948800,$56.05,$56.08,$55.60
07/14/2016,$55.84,11095880,$55.62,$56.10,$55.62
07/13/2016,$56.00,11405270,$55.58,$56.04,$55.37
07/12/2016,$55.47,14896570,$55.75,$55.96,$55.37
07/11/2016,$55.93,12428940,$55.75,$56.00,$55.405
07/08/2016,$55.90,15938140,$55.39,$56.03,$55.01
07/07/2016,$55.38,13562120,$56.10,$56.14,$55.10
07/06/2016,$56.26,15752970,$56.21,$56.33,$55.45
07/05/2016,$56.53,20700250,$56.32,$56.95,$56.32
07/01/2016,$56.23,16091360,$55.85,$56.29,$55.59
06/30/2016,$55.84,21770230,$55.27,$55.92,$54.79
06/29/2016,$55.06,18181150,$54.92,$55.30,$54.83
06/28/2016,$54.82,17777370,$54.76,$54.99,$54.34
06/27/2016,$54.74,22580330,$54.06,$54.87,$53.88
06/24/2016,$54.43,43836980,$54.47,$55.22,$54.125
06/23/2016,$54.67,12316940,$54.40,$54.68,$54.20
06/22/2016,$54.03,12948150,$54.23,$54.40,$53.99
06/21/2016,$54.10,11884300,$53.89,$54.49,$53.44
06/20/2016,$53.76,14342390,$54.00,$54.19,$53.43
06/17/2016,$53.78,18834650,$53.43,$53.78,$53.01
06/16/2016,$53.46,11908560,$52.84,$53.48,$52.57
06/15/2016,$52.84,10288980,$52.97,$53.2136,$52.76
06/14/2016,$52.99,10715880,$52.37,$53.1025,$52.32
06/13/2016,$52.57,12459800,$52.50,$52.83,$52.233
06/10/2016,$52.67,15617760,$51.86,$52.83,$51.72
06/09/2016,$51.95,9790673,$51.64,$52.00,$51.37
06/08/2016,$51.52,10545850,$51.51,$51.70,$51.24
06/07/2016,$51.75,15210440,$50.60,$51.985,$50.60
06/06/2016,$50.71,10068710,$51.06,$51.085,$50.65
06/03/2016,$50.92,9500622,$50.77,$51.00,$50.61
06/02/2016,$50.77,8720029,$50.47,$50.77,$50.12
06/01/2016,$50.43,10660680,$50.87,$50.98,$50.22
05/31/2016,$50.90,15833800,$50.88,$51.16,$50.59
05/27/2016,$50.62,10648660,$50.39,$50.86,$50.18
05/26/2016,$50.16,11041080,$49.85,$50.28,$49.79
05/25/2016,$49.85,9490428,$49.63,$50.0078,$49.40
05/24/2016,$49.58,11826490,$49.36,$49.62,$49.20
05/23/2016,$49.14,13256030,$49.66,$49.78,$49.045
05/20/2016,$49.66,15345280,$49.80,$49.80,$49.47
05/19/2016,$49.63,16009960,$50.00,$50.02,$49.12
05/18/2016,$50.39,10471870,$50.92,$51.03,$50.06
05/17/2016,$50.90,10458920,$51.20,$51.35,$50.67
05/16/2016,$51.23,7901561,$50.77,$51.33,$50.64
05/13/2016,$50.94,9561246,$51.41,$51.49,$50.85
05/12/2016,$51.47,9915780,$51.22,$51.60,$51.085
05/11/2016,$51.15,8498228,$51.48,$51.695,$51.08
05/10/2016,$51.54,7903315,$51.38,$51.55,$51.27
05/09/2016,$51.08,8719084,$51.22,$51.43,$51.01
05/06/2016,$51.12,9781909,$50.91,$51.14,$50.6137
05/05/2016,$50.84,10788370,$50.99,$51.04,$50.6327
05/04/2016,$50.84,9028774,$50.48,$50.985,$50.20
05/03/2016,$50.68,12887970,$51.11,$51.32,$50.36
05/02/2016,$51.32,11087870,$51.22,$51.45,$51.04
04/29/2016,$50.94,13684480,$50.95,$51.05,$50.64
04/28/2016,$51.02,13054580,$51.30,$51.56,$50.92
04/27/2016,$51.69,17011890,$50.46,$51.8099,$50.46
04/26/2016,$50.44,10063000,$50.98,$51.00,$50.28
04/25/2016,$50.76,12438340,$50.53,$50.95,$50.275
04/22/2016,$50.55,17812470,$50.15,$50.63,$50.05
04/21/2016,$50.03,32156620,$50.56,$50.68,$49.47
04/20/2016,$51.75,15411550,$52.15,$52.22,$51.66
04/19/2016,$52.08,11391840,$51.80,$52.17,$51.79
04/18/2016,$51.73,14322250,$51.37,$51.895,$51.18
04/15/2016,$51.35,11860030,$51.28,$51.49,$51.10
04/14/2016,$51.36,10083000,$51.28,$51.55,$51.24
